c --- [ banner ] -------------------------------------------------------------
c 
c CaDiCaL SAT Solver
c Copyright (c) 2016-2026
c A. Biere, M. Fleury, N. Froleyks, K. Fazekas, F. Pollitt, T. Faller
c JKU Linz, University of Freiburg, TU Wien
c 
c Version 3.0.1 c60730422e758ef1cebe7aeddf2dda31c996bf04
c Apple clang version 17.0.0 (clang-1700.6.3.2) -Wall -Wextra -O3 -DNDEBUG -DNCLOSEFROM
c Tue Aug 11 15:38:03 CEST 2026 Darwin 192.168.1.81 24.6.0 arm64
c 
c --- [ proof tracing ] ------------------------------------------------------
c 
c opening file to write 'results/z15min3.drat'
c writing binary proof trace to 'results/z15min3.drat'
c 
c --- [ parsing input ] ------------------------------------------------------
c 
c reading DIMACS file from 'results/z15min3.cnf'
c opening file to read 'results/z15min3.cnf'
c found 'p cnf 16856 28850111' header
c parsed 28850111 clauses in 3.10 seconds process time
c 
c --- [ options ] ------------------------------------------------------------
c 
c all options are set to their default value
c 
c --- [ solving ] ------------------------------------------------------------
c 
c time measured in process time since initialization
c 
c  seconds  reduction conflicts       size tier2          variables
c         MB    restarts   redundant    glue  trail            remaining
c          level     rate       size/glu tier1   irredundant
c 
c *  3.10  0  0 0   0  0    0    0 0.0 0 0 2 6  0% 28691529 16833 100%
c )  3.51  0  0 0   0  0    0    0 0.0 1 0 2 6  0% 28691529 16827 100%
c {  3.54  0  0 0   0  0    0    0 0.0 1 0 2 6  0% 28691529 16827 100%
c i  3.54  0  0 0   0  0    0    0 0.0 1 0 2 6  0% 28691529 16827 100%
c i  3.54  0  0 0   0  5    1    0 0.0 1 0 2 6  0% 28691529 16826 100%
c i  3.54  0  0 0   0  7    2    0 0.0 1 0 2 6  0% 28691529 16825 100%
c -  4.00  0 268 1   2  3  303  275 1.5 3 2 2 6  4% 28691478 16825 100%
c i  4.01  0 343 1   2  3  407  370 1.5 3 2 2 6  5% 28691478 16821 100%
c i  4.02  0 580 1   2  4  749  690 1.6 3 2 2 6  9% 28691478 16819 100%
c i  4.02  0 599 1   2  5  782  715 1.5 3 2 2 6  9% 28691478 16816 100%
c i  4.02  0 600 1   2  5  788  719 1.6 3 2 2 6  9% 28691478 16813 100%
c }  4.02  0 689 1   3  6 1001  919 1.6 3 2 2 6 11% 28691478 16812 100%
c [  4.02  0  0 1   3  0 1001  919 0.0 0 0 2 6  0% 28691478 16812 100%
c ]  4.07  0  0 1   3  0 1001  919 0.0 0 0 2 6  0% 28691478 16812 100%
c {  4.07  0 689 1   3  6 1001  919 1.6 3 2 2 6 11% 28691478 16812 100%
c O  4.07  0 688 1   3  6 1002  920 1.6 3 2 2 6 11% 28691478 16812 100%
c i  4.07  0 686 1   3  6 1005  921 1.6 3 2 2 6 11% 28691478 16810 100%
c i  4.07  0 685 1   3  6 1006  921 1.6 3 2 2 6 11% 28691478 16807 100%
c i  4.08  0 683 1   3  6 1011  924 1.6 3 2 2 6 11% 28691478 16805 100%
c i  4.08  0 677 1   3  6 1023  930 1.6 3 2 2 6 11% 28691478 16803 100%
c 
c  seconds   reduction conflicts       size tier2          variables
c         MB     restarts   redundant    glue  trail            remaining
c           level     rate       size/glu tier1   irredundant
c 
c i  4.08  0 676 1   3  6 1026  931 1.6 3 2 2 6 11% 28691478 16801 100%
c }  4.08  0 676 1   3  6 1026  931 1.6 3 2 2 6 11% 28691478 16801 100%
c [  4.08  0  0 1   3  0 1026  931 0.0 0 0 2 6  0% 28691478 16801 100%
c ]  4.14  0 75 1   3  2 1027  932 1.7 5 3 2 6 17% 28691478 16801 100%
c {  4.14  0 676 1   3  6 1027  932 1.6 3 2 2 6 11% 28691478 16801 100%
c i  4.14  0 673 1   3  6 1033  935 1.6 3 2 2 6 11% 28691478 16800 100%
c i  4.14  0 666 1   3  6 1047  943 1.6 3 2 2 6 11% 28691478 16796 100%
c i  4.15  0 652 1   3  6 1079  967 1.6 3 2 2 6 11% 28691478 16793 100%
c }  4.17  0 629 1   5  6 1121 1004 1.6 3 2 2 6 11% 28691478 16793 100%
c [  4.17  0 75 1   5  2 1121 1004 1.7 5 3 2 6 17% 28691478 16793 100%
c ]  4.19  0 75 1   5  2 1121 1004 1.7 5 3 2 6 17% 28691478 16793 100%
c {  4.19  0 629 1   5  6 1121 1004 1.6 3 2 2 6 11% 28691478 16793 100%
c i  4.21  0 624 1   8  6 1133 1013 1.6 3 2 2 6 11% 28691478 16791 100%
c }  4.22  0 619 1  10  6 1142 1021 1.6 3 2 2 6 11% 28691478 16791 100%
c [  4.22  0 75 1  10  2 1142 1021 1.7 5 3 2 6 17% 28691478 16791 100%
c ]  4.25  0 75 1  10  2 1142 1021 1.7 5 3 2 6 17% 28691478 16791 100%
c {  4.25  0 619 1  10  6 1142 1021 1.6 3 2 2 6 11% 28691478 16791 100%
c i  4.27  0 612 1  14  7 1155 1032 1.6 3 2 2 6 11% 28691478 16788 100%
c i  4.29  0 591 1  21  7 1198 1068 1.6 3 2 2 6 11% 28691478 16787 100%
c }  4.31  0 584 1  26  7 1213 1081 1.6 3 2 2 6 12% 28691478 16787 100%
c 
c  seconds  reduction conflicts       size tier2          variables
c         MB    restarts   redundant    glue  trail            remaining
c          level     rate       size/glu tier1   irredundant
c 
c [  4.31  0 75 1  26  2 1213 1081 1.7 5 3 2 6 17% 28691478 16787 100%
c i  4.33  0 1319 1  26  6 1501 1335 2.3 18 8 2 6 75% 28691478 16786 100%
c i  4.33  0 1303 1  26  4 1718 1520 2.2 18 8 2 6 75% 28691478 16783 100%
c -  7.02  0 1300 2  26  4 1808 1407 2.2 18 8 2 6 74% 28691213 16783 100%
c ]  7.05  0 1261 2  26  4 1826 1422 2.2 18 8 2 6 72% 28691213 16783 100%
c {  7.05  0 584 2  26  7 1826 1422 1.6 3 2 2 6 12% 28691213 16783 100%
c }  7.10  0 570 2  36  7 1865 1454 1.6 3 2 2 6 12% 28691213 16783 100%
c [  7.10  0 1261 2  36  4 1865 1454 2.2 18 8 2 6 72% 28691213 16783 100%
c i  7.10  0 1259 2  36  4 1866 1454 2.2 18 8 2 6 72% 28691213 16778 100%
c ]  7.14  0 1065 2  36  5 1986 1564 2.1 16 8 2 6 64% 28691213 16778 100%
c {  7.14  0 570 2  36  7 1986 1564 1.6 3 2 2 6 12% 28691213 16778 100%
c i  7.17  0 563 2  44  8 2017 1585 1.6 3 2 2 6 13% 28691213 16776 100%
c i  7.17  0 562 2  44  9 2024 1587 1.6 3 2 2 6 13% 28691213 16774 100%
c i  7.18  0 561 2  47  9 2033 1594 1.6 3 2 2 6 13% 28691213 16772 100%
c i  7.20  0 546 2  58 10 2078 1627 1.6 3 2 2 6 13% 28691213 16771 99%
c }  7.21  0 534 2  62 10 2113 1656 1.6 3 2 2 6 14% 28691213 16771 99%
c [  7.21  0 1065 2  62  5 2113 1656 2.1 16 8 2 6 64% 28691213 16771 99%
c i  7.22  0 1008 2  62  5 2169 1704 2.1 15 7 2 6 62% 28691213 16769 99%
c i  7.22  0 981 2  62  5 2198 1726 2.1 15 7 2 6 61% 28691213 16767 99%
c i  7.23  0 935 2  62  5 2250 1767 2.1 14 7 2 6 59% 28691213 16762 99%
c 
c  seconds   reduction conflicts       size  tier2          variables
c         MB     restarts   redundant     glue  trail            remaining
c           level     rate       size/glue tier1   irredundant
c 
c i  7.26  0 787 2  63  5 2597 2071 2.1 13 6 2 6 54% 28691213 16761 99%
c ]  7.28  0 702 2  63  5 2910 2346 2.0 12 6 2 6 50% 28691213 16761 99%
c {  7.28  0 534 2  63 10 2910 2346 1.6 3 2 2 6 14% 28691213 16761 99%
c i  7.30  0 525 2  71 11 2942 2370 1.6 3 2 2 6 14% 28691212 16760 99%
c O  7.33  0 506 2  89 11 3005 2418 1.6 3 2 2 6 15% 28691212 16760 99%
c }  7.39  0 477 2 113 11 3106 2505 1.6 3 2 2 6 16% 28691212 16760 99%
c [  7.39  0 702 2 113  5 3106 2505 2.0 12 6 2 6 50% 28691212 16760 99%
c i  7.40  0 664 2 113  5 3196 2585 2.0 12 6 2 6 48% 28691212 16757 99%
c i  7.42  0 577 2 113  5 3514 2859 2.0 11 5 2 6 46% 28691211 16756 99%
c i  7.42  0 574 2 113  5 3530 2872 2.0 11 5 2 6 46% 28691211 16753 99%
c i  7.42  0 572 2 113  5 3537 2876 2.0 11 5 2 6 46% 28691211 16751 99%
c i  7.44  0 519 2 113  4 3801 3109 2.0 11 5 2 6 45% 28691211 16748 99%
c i  7.47  0 457 2 114  4 4137 3403 2.0 10 5 2 6 43% 28691211 16743 99%
c ]  7.48  0 444 2 114  4 4224 3482 2.0 10 5 2 6 43% 28691211 16743 99%
c {  7.48  0 477 2 114 11 4224 3482 1.6 3 2 2 6 16% 28691211 16743 99%
c }  7.62  0 430 2 172 14 4453 3677 1.6 3 2 2 6 19% 28691211 16743 99%
c [  7.62  0 444 2 172  4 4453 3677 2.0 10 5 2 6 43% 28691211 16743 99%
c i  7.63  0 434 2 172  4 4526 3745 2.1 10 5 2 6 44% 28691211 16742 99%
c -  8.79  0 359 3 172  4 5483 4039 2.6 15 6 2 3 53% 28690946 16742 99%
c 2  8.87  0 355 3 172  4 5563 4093 2.7 16 6 2 3 54% 28690946 16736 99%
c 
c  seconds   reduction conflicts       size  tier2          variables
c         MB     restarts   redundant     glue  trail            remaining
c           level     rate       size/glue tier1   irredundant
c 
c d  9.28  0 355 3 172  4 5563 4085 2.7 16 6 2 3 54% 28690731 16644 99%
c p  9.38  0 355 3 172  4 5563 15202 2.7 16 6 2 3 54% 28690731 16644 99%
c c 15.72  0 355 3 172  4 5563 15202 2.7 16 6 2 3 54% 28712476 16641 99%
c d 16.17  0 355 3 172  4 5563 15188 2.7 16 6 2 3 54% 28710320 15683 93%
c 2 16.27  0 355 3 172  4 5563 14675 2.7 16 6 2 3 54% 28709212 15683 93%
c t 16.35  0 355 3 172  4 5563 14675 2.7 16 6 2 3 54% 28709134 15683 93%
c ] 16.49  0 345 3 172  4 5763 14863 2.4 17 7 2 3 53% 28709134 15683 93%
c { 16.49  0 430 3 172 14 5763 14863 1.6 3 2 2 6 19% 28709134 15683 93%
c # 16.63  0 393 3 235 16 6008 15067 1.7 4 2 2 6 22% 28709134 15683 93%
c i 16.67  0 379 3 258 17 6092 15138 1.7 4 2 2 3 23% 28709134 15682 93%
c } 16.68  0 374 3 266 16 6121 15163 1.7 4 2 2 3 23% 28709134 15682 93%
c [ 16.68  0 345 3 266  4 6121 15163 2.4 17 7 2 3 53% 28709134 15682 93%
c i 16.69  0 343 3 266  4 6172 15209 2.4 17 7 2 3 53% 28709134 15681 93%
c i 16.70  0 337 3 266  4 6248 15280 2.4 16 7 2 3 53% 28709134 15680 93%
c i 16.70  0 335 3 266  4 6270 15299 2.4 16 7 2 3 52% 28709134 15678 93%
c i 16.74  0 321 3 267  4 6658 15639 2.5 16 7 2 3 52% 28709134 15677 93%
c i 16.74  0 321 3 267  4 6663 15642 2.5 16 7 2 3 52% 28709134 15674 93%
c i 16.74  0 320 3 267  4 6666 15644 2.5 16 7 2 3 52% 28709134 15673 93%
c i 16.74  0 320 3 267  4 6674 15649 2.5 16 7 2 3 52% 28709134 15670 93%
c i 16.79  0 312 3 267  4 7163 16073 2.5 16 6 2 3 50% 28709134 15669 93%
c 
c  seconds   reduction conflicts        size  tier2          variables
c         MB     restarts    redundant     glue  trail            remaining
c           level     rate        size/glue tier1   irredundant
c 
c i 16.83  0 308 3 267  4 7539 16415 2.8 18 6 2 3 50% 28709134 15667 93%
c ] 16.84  0 307 3 267  4 7653 16517 2.9 19 7 2 3 50% 28709134 15667 93%
c { 16.84  0 374 3 267 16 7653 16517 1.7 4 2 2 3 23% 28709134 15667 93%
c i 17.00  0 350 3 333 18 7898 16722 1.7 4 2 2 3 24% 28709133 15666 93%
c } 17.04  0 347 3 342 18 7928 16747 1.7 4 2 2 3 24% 28709133 15666 93%
c [ 17.04  0 307 3 342  4 7928 16747 2.9 19 7 2 3 50% 28709133 15666 93%
c i 17.05  0 306 3 343  4 7947 16764 2.9 19 7 2 3 49% 28709133 15665 93%
c i 17.06  0 309 3 343  4 8006 16813 2.9 19 7 2 3 49% 28709133 15663 93%
c i 17.08  0 311 3 343  4 8054 16845 2.9 19 7 2 3 49% 28709133 15661 93%
c i 17.08  0 312 3 343  4 8061 16846 2.9 19 7 2 3 49% 28709133 15660 93%
c i 17.11  0 316 3 343  4 8159 16934 2.8 18 6 2 3 49% 28709133 15659 93%
c ] 17.22  0 329 3 343  4 8533 17255 2.8 18 6 2 3 48% 28709133 15659 93%
c { 17.22  0 347 3 343 18 8533 17255 1.7 4 2 2 3 24% 28709133 15659 93%
c i 17.24  0 344 3 349 18 8557 17274 1.7 4 2 2 3 24% 28709133 15658 93%
c i 17.42  0 330 3 399 20 8751 17446 1.7 4 2 2 3 25% 28709133 15657 93%
c } 17.45  0 328 3 404 20 8767 17461 1.7 4 2 2 3 25% 28709133 15657 93%
c [ 17.45  0 329 3 404  4 8767 17461 2.8 18 6 2 3 48% 28709133 15657 93%
c i 17.61  0 314 3 404  4 9220 17865 2.8 17 6 2 3 46% 28709133 15656 93%
c ] 17.62  0 313 3 404  4 9253 17896 2.8 17 6 2 3 46% 28709133 15656 93%
c { 17.62  0 328 3 404 20 9253 17896 1.7 4 2 2 3 25% 28709133 15656 93%
c 
c  seconds   reduction conflicts        size tier2          variables
c         MB     restarts    redundant    glue  trail            remaining
c           level     rate        size/glu tier1   irredundant
c 
c i 17.72  0 324 3 429 21 9340 17971 1.7 4 2 2 3 25% 28709133 15653 93%
c i 17.84  0 319 3 454 22 9426 18045 1.7 4 2 2 3 25% 28709133 15651 93%
c } 17.89  0 317 3 467 22 9476 18091 1.7 4 3 2 3 26% 28709133 15651 93%
c [ 17.89  0 313 3 467  4 9476 18091 2.8 17 6 2 3 46% 28709133 15651 93%
c ] 18.20  0 302 3 468  4 9809 18390 2.7 17 6 2 3 44% 28709133 15651 93%
c { 18.20  0 317 3 468 22 9809 18390 1.7 4 3 2 3 26% 28709133 15651 93%
c i 18.28  0 313 3 477 22 9842 18421 1.7 4 3 2 3 25% 28709133 15648 93%
c i 18.48  0 302 3 501 22 9976 18536 1.7 4 3 2 3 25% 28709133 15647 93%
c i 18.48  0 302 3 502 22 9977 18536 1.7 4 3 2 3 25% 28709133 15644 93%
c B 18.52  0 299 3 502 22 10009 18562 1.7 4 3 2 3 25% 28709133 15644 93%
c } 18.56  0 296 3 510 22 10056 18606 1.7 4 3 2 3 25% 28709133 15644 93%
c [ 18.56  0 302 3 510  4 10056 18606 2.7 17 6 2 3 44% 28709133 15644 93%
c i 18.63  0 300 3 510  4 10283 18806 2.8 17 6 2 3 44% 28709133 15643 93%
c ] 18.80  0 295 3 510  4 10958 19434 2.8 18 6 2 3 43% 28709133 15643 93%
c { 18.80  0 296 3 510 22 10958 19434 1.7 4 3 2 3 25% 28709133 15643 93%
c } 19.19  0 281 3 562 21 11157 19609 1.7 4 3 2 3 24% 28709133 15643 93%
c [ 19.19  0 295 3 562  4 11157 19609 2.8 18 6 2 3 43% 28709133 15643 93%
c i 19.21  0 293 3 562  4 11243 19687 2.8 18 6 2 3 43% 28709133 15642 93%
c ] 19.45  0 280 3 562  4 11840 20244 2.8 18 6 2 3 44% 28709133 15642 93%
c { 19.45  0 281 3 562 21 11840 20244 1.7 4 3 2 3 24% 28709133 15642 93%
c 
c  seconds   reductions conflicts       size tier2          variables
c         MB     restarts    redundant    glue  trail            remaining
c           level     rate        size/glu tier1   irredundant
c 
c - 20.86  0 278 4 569 21 11885 7000 1.7 4 3 2 3 24% 28708849 15642 93%
c 2 20.91  0 278 4 569 21 11885 6998 1.7 4 3 2 3 24% 28708849 15642 93%
c d 21.36  0 278 4 569 21 11885 6982 1.7 4 3 2 3 24% 28708773 15610 93%
c c 27.29  0 278 4 569 21 11885 6982 1.7 4 3 2 3 24% 28718404 15610 93%
c d 27.78  0 278 4 569 21 11885 6973 1.7 4 3 2 3 24% 28717685 15301 91%
c k 27.84  0 278 4 569 21 11885 6973 1.7 4 3 2 3 24% 28717685 15251 90%
c 2 27.88  0 278 4 569 21 11885 6950 1.7 4 3 2 3 24% 28717295 15251 90%
c t 27.96  0 278 4 569 21 11885 6950 1.7 4 3 2 3 24% 28717196 15251 90%
c i 28.15  0 277 4 569 21 11903 6964 1.7 4 3 2 3 25% 28717196 15249 90%
c i 28.21  0 275 4 573 21 11979 7032 1.7 4 3 2 3 25% 28717196 15248 90%
c i 28.26  0 272 4 584 21 12022 7070 1.7 4 3 2 3 25% 28717196 15246 90%
c i 28.29  0 269 4 591 20 12067 7108 1.7 4 3 2 3 25% 28717196 15245 90%
c i 28.30  0 268 4 592 20 12072 7110 1.7 4 3 2 3 25% 28717196 15241 90%
c } 28.38  0 268 4 597 21 12090 7126 1.7 5 3 2 3 25% 28717196 15241 90%
c [ 28.38  0 280 4 597  4 12090 7126 2.8 18 6 2 3 44% 28717196 15241 90%
c i 28.39  0 279 4 597  4 12157 7183 2.8 18 6 2 3 44% 28717196 15240 90%
c i 28.43  0 277 4 597  4 12254 7269 2.8 18 6 2 3 44% 28717196 15239 90%
c i 28.45  0 276 4 597  4 12288 7297 2.8 17 6 2 3 44% 28717196 15236 90%
c i 28.49  0 274 4 598  4 12398 7386 2.8 17 6 2 3 43% 28717196 15230 90%
c i 28.50  0 273 4 598  4 12444 7427 2.8 17 6 2 3 43% 28717196 15227 90%
c 
c  seconds   reductions conflicts       size  tier2          variables
c         MB     restarts    redundant     glue  trail            remaining
c           level     rate        size/glue tier1   irredundant
c 
c ] 28.74  0 273 4 598  4 13289 8190 2.8 18 6 2 3 42% 28717196 15226 90%
c { 28.74  0 268 4 598 21 13289 8190 1.7 5 3 2 3 25% 28717196 15226 90%
c i 28.74  0 268 4 599 21 13290 8190 1.7 5 3 2 3 25% 28717196 15224 90%
c i 28.96  0 259 4 640 20 13465 8337 1.7 5 3 2 3 25% 28717196 15222 90%
c i 29.00  0 256 4 652 20 13507 8376 1.7 5 3 2 3 25% 28717196 15220 90%
c i 29.00  0 256 4 654 20 13521 8386 1.7 5 3 2 3 25% 28717196 15218 90%
c i 29.12  0 249 4 672 20 13649 8493 1.7 5 3 2 3 25% 28717196 15216 90%
c i 29.12  0 248 4 672 20 13658 8497 1.7 5 3 2 3 25% 28717196 15212 90%
c i 29.13  0 248 4 672 20 13667 8504 1.7 5 3 2 3 25% 28717196 15211 90%
c i 29.13  0 247 4 672 20 13673 8506 1.7 5 3 2 3 25% 28717196 15210 90%
c } 29.32  0 242 4 682 19 13776 8597 1.7 5 3 2 3 25% 28717196 15210 90%
c [ 29.32  0 273 4 682  4 13776 8597 2.8 18 6 2 3 42% 28717196 15210 90%
c ] 29.67  0 265 4 682  4 14296 9031 2.8 18 6 2 3 42% 28717196 15210 90%
c { 29.67  0 242 4 682 19 14296 9031 1.7 5 3 2 3 25% 28717196 15210 90%
c i 29.77  0 241 4 689 19 14320 9050 1.7 5 3 2 3 25% 28717196 15209 90%
c } 30.15  0 235 4 725 19 14444 9161 1.7 5 3 2 3 25% 28717196 15207 90%
c [ 30.15  0 265 4 725  4 14444 9161 2.8 18 6 2 3 42% 28717196 15207 90%
c I 30.21  0 257 4 725  4 15011 9682 2.8 18 6 2 3 42% 28717195 15207 90%
c i 30.23  0 256 4 725  4 15079 9740 2.8 17 6 2 3 42% 28717195 15206 90%
c i 30.36  0 252 4 725  4 15241 9879 2.7 17 6 2 3 41% 28717195 15205 90%
c 
c  seconds   reductions conflicts        size  tier2          variables
c         MB     restarts     redundant     glue  trail            remaining
c           level     rate         size/glue tier1   irredundant
c 
c i 30.47  0 245 4 725  4 15803 10378 2.7 17 6 2 3 42% 28717194 15204 90%
c ] 30.56  0 240 4 725  4 16215 10751 2.7 17 6 2 3 42% 28717194 15204 90%
c { 30.56  0 235 4 725 19 16215 10751 1.7 5 3 2 3 25% 28717194 15204 90%
c i 30.85  0 229 4 772 20 16402 10908 1.7 5 3 2 3 25% 28717194 15202 90%
c i 31.06  0 226 4 788 19 16457 10956 1.7 5 3 2 3 25% 28717194 15200 90%
c } 31.26  0 221 4 816 19 16562 11045 1.7 5 3 2 3 25% 28717194 15200 90%
c [ 31.26  0 240 4 816  4 16562 11045 2.7 17 6 2 3 42% 28717194 15200 90%
c i 31.58  0 233 4 818  4 18802 13071 2.8 18 6 2 3 43% 28717194 15199 90%
c i 31.59  0 232 4 818  4 18815 13082 2.8 18 6 2 3 43% 28717194 15197 90%
c i 31.66  0 230 4 818  4 19487 13692 2.9 19 7 2 3 44% 28717194 15196 90%
c i 31.68  0 231 4 819  4 19877 14043 2.9 20 7 2 3 45% 28717194 15194 90%
c i 31.69  0 231 4 819  4 19884 14047 2.9 20 7 2 3 45% 28717194 15191 90%
c i 31.74  0 229 4 819  4 20060 14209 2.9 19 7 2 3 44% 28717194 15188 90%
c i 31.77  0 228 4 819  4 20179 14306 2.9 19 7 2 3 44% 28717194 15187 90%
c i 31.78  0 228 4 819  4 20198 14320 2.9 19 7 2 3 44% 28717194 15186 90%
c i 31.82  0 227 4 819  4 20270 14374 2.9 19 7 2 3 44% 28717194 15184 90%
c ] 31.85  0 227 4 819  4 20312 14398 2.9 19 7 2 3 44% 28717194 15184 90%
c { 31.85  0 221 4 819 19 20312 14398 1.7 5 3 2 3 25% 28717194 15184 90%
c i 32.11  0 212 4 872 19 20543 14602 1.7 5 3 2 3 25% 28717194 15183 90%
c i 32.32  0 205 4 930 19 20769 14791 1.7 5 3 2 3 25% 28717194 15178 90%
c 
c  seconds   reductions conflicts        size tier2          variables
c         MB     restarts     redundant    glue  trail            remaining
c           level     rate         size/glu tier1   irredundant
c 
c i 32.32  0 205 4 930 19 20772 14793 1.7 5 3 2 3 25% 28717194 15177 90%
c i 32.32  0 205 4 931 19 20778 14798 1.7 5 3 2 3 25% 28717194 15176 90%
c i 32.33  0 204 4 932 19 20799 14812 1.7 5 3 2 3 25% 28717194 15172 90%
c i 32.33  0 204 4 933 19 20804 14814 1.7 5 3 2 3 25% 28717194 15171 90%
c i 32.36  0 202 4 946 19 20900 14891 1.7 5 3 2 3 25% 28717194 15168 90%
c W 34.94  0 199 4 968 19 21012 14877 1.7 5 3 2 3 23% 28716307 15168 90%
c i 35.08  0 195 4 999 19 21187 15029 1.7 5 3 2 3 23% 28716307 15167 90%
c i 35.09  0 194 4 1002 19 21199 15039 1.7 5 3 2 3 23% 28716307 15166 90%
c } 35.13  0 193 4 1003 19 21221 15058 1.7 5 3 2 3 23% 28716307 15166 90%
c [ 35.13  0 227 4 1003  4 21221 15058 2.9 19 7 2 3 49% 28716307 15166 90%
c - 36.45  0 226 5 1003  4 21309 10774 2.9 19 7 2 3 49% 28716291 15166 90%
c 2 36.49  0 226 5 1003  4 21309 10744 2.9 19 7 2 3 49% 28716290 15166 90%
c d 36.97  0 226 5 1003  4 21309 10744 2.9 19 7 2 3 49% 28716162 15102 90%
c c 46.89  0 226 5 1003  4 21309 10744 2.9 19 7 2 3 49% 28718766 15102 90%
c d 47.39  0 226 5 1003  4 21309 10744 2.9 19 7 2 3 49% 28718764 15101 90%
c k 47.44  0 226 5 1003  4 21309 10744 2.9 19 7 2 3 49% 28718764 15084 89%
c 2 47.49  0 226 5 1003  4 21309 10744 2.9 19 7 2 3 49% 28718763 15084 89%
c t 47.56  0 226 5 1003  4 21309 10744 2.9 19 7 2 3 49% 28718660 15084 89%
c s 48.03  0 226 5 1003  4 21471 10884 2.9 19 7 1 2 49% 28578751 15084 89%
c t 48.32  0 226 5 1003  4 21471 10884 2.9 19 7 1 2 49% 28577943 15084 89%
c 
c  seconds   reductions  conflicts       size  tier2          variables
c         MB     restarts     redundant     glue  trail            remaining
c           level      rate        size/glue tier1   irredundant
c 
c e 48.94  0 226 5 1003  4 21471 8695 2.9 19 7 1 2 49% 28576166 13986 83%
c s 49.27  0 226 5 1003  4 21471 8695 2.9 19 7 1 2 49% 28523165 13986 83%
c ] 50.66  0 223 5 1003  4 22009 9194 2.9 19 7 1 2 48% 28523165 13986 83%
c { 50.66  0 193 5 1003 19 22009 9194 1.7 5 3 2 3 23% 28523165 13986 83%
c i 50.67  0 193 5 1003 18 22033 9216 1.7 5 3 2 3 22% 28523165 13985 83%
c i 51.32  0 180 5 1113 18 22556 9661 1.7 5 3 2 3 20% 28523163 13984 83%
c } 51.47  0 179 5 1132 18 22622 9715 1.7 5 3 2 3 20% 28523162 13984 83%
c [ 51.47  0 223 5 1132  4 22622 9715 2.9 19 7 1 2 48% 28523162 13984 83%
c i 51.66  0 224 5 1133  4 23681 10706 2.9 20 7 1 2 47% 28523161 13983 83%
c i 51.93  0 224 5 1133  4 24499 11456 2.9 21 7 1 2 47% 28523161 13981 83%
c i 51.93  0 224 5 1133  4 24500 11456 2.9 21 7 1 2 47% 28523161 13980 83%
c i 51.97  0 224 5 1134  4 24663 11595 2.9 21 7 1 2 46% 28523161 13979 83%
c ] 52.12  0 222 5 1135  4 26066 12837 2.9 21 7 1 2 45% 28523159 13979 83%
c { 52.12  0 179 5 1135 18 26066 12837 1.7 5 3 2 3 20% 28523159 13979 83%
c i 52.19  0 178 5 1152 18 26125 12885 1.7 5 3 2 3 20% 28523159 13978 83%
c i 52.44  0 175 5 1191 18 26272 13012 1.7 5 3 2 3 20% 28523156 13977 83%
c i 52.48  0 174 5 1195 18 26288 13021 1.7 5 3 2 3 20% 28523156 13976 83%
c i 52.49  0 174 5 1197 18 26292 13024 1.7 5 3 2 3 20% 28523156 13975 83%
c i 52.51  0 174 5 1199 18 26310 13038 1.7 5 3 2 3 20% 28523156 13974 83%
c i 52.52  0 174 5 1203 18 26323 13047 1.7 5 3 2 3 20% 28523156 13972 83%
c 
c  seconds   reductions  conflicts        size tier2          variables
c         MB     restarts      redundant    glue  trail            remaining
c           level      rate         size/glu tier1   irredundant
c 
c i 52.54  0 173 5 1210 18 26366 13080 1.7 5 3 2 3 19% 28523156 13971 83%
c i 52.54  0 171 5 1210 18 26451 13155 1.7 5 3 2 3 21% 28523156 13970 83%
c i 52.91  0 162 5 1323 17 27009 13639 1.7 5 3 2 3 22% 28523155 13966 83%
c } 53.12  0 159 5 1354 17 27198 13802 1.8 6 3 2 3 22% 28523154 13966 83%
c [ 53.12  0 222 5 1354  4 27198 13802 2.9 21 7 1 2 45% 28523154 13966 83%
c i 53.14  0 221 5 1354  4 27312 13907 2.9 21 7 1 2 45% 28523153 13965 83%
c B 53.40  0 215 5 1354  4 28013 14563 2.9 21 7 1 2 45% 28523153 13965 83%
c ] 53.83  0 214 5 1355  4 29040 15490 2.9 22 8 1 2 44% 28523151 13965 83%
c { 53.83  0 159 5 1355 17 29040 15490 1.8 6 3 2 3 22% 28523151 13965 83%
c i 53.94  0 158 5 1375 17 29138 15580 1.8 6 3 2 3 22% 28523151 13963 83%
c i 54.74  0 149 5 1488 16 29741 16091 1.8 6 3 2 3 22% 28523146 13962 83%
c i 54.76  0 148 5 1488 16 29805 16130 1.8 6 3 2 3 21% 28523146 13961 83%
c } 54.97  0 145 5 1529 16 30005 16311 1.8 6 3 2 3 21% 28523145 13961 83%
c [ 54.97  0 214 5 1529  4 30005 16311 2.9 22 8 1 2 44% 28523145 13961 83%
c i 55.07  0 210 5 1529  4 30809 17050 2.9 22 8 1 2 44% 28523144 13960 83%
c i 55.36  0 196 5 1529  4 33030 19114 2.9 23 8 1 2 44% 28523143 13958 83%
c - 56.88  0 195 6 1529  3 33927 13639 3.0 24 8 1 2 44% 28522907 13958 83%
c 2 56.93  0 195 6 1529  3 33927 13603 3.0 24 8 1 2 44% 28522191 13948 83%
c d 57.41  0 195 6 1529  3 33927 13577 3.0 24 8 1 2 44% 28522079 13938 83%
c c 63.83  0 195 6 1529  3 33927 13572 3.0 24 8 1 2 44% 28522586 13932 83%
c 
c  seconds   reductions  conflicts        size  tier2          variables
c         MB     restarts      redundant     glue  trail            remaining
c           level      rate         size/glue tier1   irredundant
c 
c k 64.32  0 195 6 1529  3 33927 13571 3.0 24 8 1 2 44% 28522584 13918 83%
c = 65.99  0 195 6 1529  3 33927 13506 3.0 24 8 1 2 44% 28521481 13728 81%
c t 66.10  0 195 6 1529  3 33927 13506 3.0 24 8 1 2 44% 28521307 13728 81%
c ] 66.43  0 188 6 1530  3 35331 14757 3.0 24 8 1 2 44% 28521306 13728 81%
c { 66.43  0 145 6 1530 16 35331 14757 1.8 6 3 2 3 21% 28521306 13728 81%
c i 67.15  0 142 6 1583 16 35564 14956 1.8 6 3 2 3 22% 28521304 13724 81%
c i 67.15  0 142 6 1584 16 35569 14960 1.8 6 3 2 3 22% 28521304 13721 81%
c i 67.29  0 140 6 1619 16 35712 15086 1.8 6 3 2 3 22% 28521303 13720 81%
c } 67.61  0 138 6 1650 16 35935 15283 1.8 6 3 2 3 22% 28521303 13720 81%
c [ 67.61  0 188 6 1650  3 35935 15283 3.0 24 8 1 2 44% 28521303 13720 81%
c W 69.04  0 188 6 1650  3 36016 15339 3.0 24 8 1 2 44% 28521239 13720 81%
c i 69.04  0 188 6 1650  3 36016 15339 3.0 24 8 1 2 44% 28521239 13718 81%
c i 69.23  0 186 6 1650  3 36452 15724 3.0 24 8 1 2 43% 28521239 13717 81%
c i 69.26  0 186 6 1650  3 36507 15773 3.0 24 8 1 2 43% 28521239 13716 81%
c i 69.80  0 181 6 1650  3 37241 16438 3.0 24 8 1 2 43% 28521239 13715 81%
c ] 69.81  0 181 6 1650  3 37246 16442 3.0 24 8 1 2 43% 28521239 13715 81%
c { 69.81  0 138 6 1650 16 37246 16442 1.8 6 3 2 3 22% 28521239 13715 81%
c } 71.09  0 131 6 1790 15 37849 16974 1.8 6 3 2 3 22% 28521236 13715 81%
c [ 71.09  0 181 6 1790  3 37849 16974 3.0 24 8 1 2 43% 28521236 13715 81%
c ] 71.93  0 161 6 1790  3 43746 22407 3.0 25 8 1 2 43% 28521235 13715 81%
c 
c  seconds   reductions  conflicts        size tier2          variables
c         MB     restarts      redundant    glue  trail            remaining
c           level      rate         size/glu tier1   irredundant
c 
c { 71.93  0 131 6 1790 15 43746 22407 1.8 6 3 2 3 22% 28521235 13715 81%
c i 71.95  0 131 6 1793 15 43754 22414 1.8 6 3 2 3 22% 28521235 13714 81%
c i 72.87  0 128 6 1908 16 44188 22797 1.8 6 3 2 3 23% 28521233 13713 81%
c } 73.06  0 128 6 1936 16 44288 22885 1.8 6 3 2 3 23% 28521233 13713 81%
c [ 73.06  0 161 6 1936  3 44288 22885 3.0 25 8 1 2 43% 28521233 13713 81%
c O 73.51  0 161 6 1937  3 45021 23547 3.0 26 8 1 2 43% 28521233 13713 81%
c i 73.76  0 158 6 1937  3 45668 24119 3.0 25 8 1 2 43% 28521233 13712 81%
c i 73.76  0 158 6 1937  3 45702 24142 3.0 25 8 1 2 43% 28521233 13711 81%
c ] 74.29  0 150 6 1940  3 49347 27455 3.1 27 9 1 2 43% 28521233 13711 81%
c { 74.29  0 128 6 1940 16 49347 27455 1.8 6 3 2 3 23% 28521233 13711 81%
c - 76.58  0 124 7 2044 15 49834 18777 1.8 6 3 2 3 23% 28521157 13711 81%
c 2 76.63  0 124 7 2044 15 49834 18772 1.8 6 3 2 3 23% 28521153 13709 81%
c d 77.12  0 124 7 2044 15 49834 18756 1.8 6 3 2 3 23% 28521106 13699 81%
c k 83.04  0 124 7 2044 15 49834 18756 1.8 6 3 2 3 23% 28521334 13697 81%
c t 83.18  0 124 7 2044 15 49834 18756 1.8 6 3 2 3 23% 28521125 13697 81%
c } 83.69  0 122 7 2084 15 50009 18907 1.8 6 3 2 3 23% 28521124 13697 81%
c [ 83.69  0 150 7 2084  3 50009 18907 3.1 27 9 1 2 43% 28521124 13697 81%
c ] 84.55  0 146 7 2086  3 52010 20739 3.1 27 9 1 2 43% 28521124 13697 81%
c { 84.55  0 122 7 2086 15 52010 20739 1.8 6 3 2 3 23% 28521124 13697 81%
c i 84.75  0 121 7 2116 15 52133 20854 1.8 6 3 2 3 23% 28521124 13696 81%
c 
c  seconds   reductions  conflicts        size tier2          variables
c         MB     restarts      redundant    glue  trail            remaining
c           level      rate         size/glu tier1   irredundant
c 
c } 85.83  0 118 7 2238 15 52662 21322 1.8 6 4 2 3 23% 28521123 13695 81%
c [ 85.83  0 146 7 2238  3 52662 21322 3.1 27 9 1 2 43% 28521123 13695 81%
c i 86.18  0 144 7 2238  3 53238 21840 3.1 27 9 1 2 43% 28521122 13694 81%
c ] 86.73  0 140 7 2238  3 54460 22986 3.2 28 9 1 2 43% 28521121 13694 81%
c { 86.73  0 118 7 2238 15 54460 22986 1.8 6 4 2 3 23% 28521121 13694 81%
c i 87.38  0 115 7 2346 15 54994 23439 1.8 6 4 2 3 24% 28521120 13693 81%
c F 87.42  0 114 7 2346 15 55022 23460 1.8 6 4 2 3 24% 28521120 13693 81%
c i 88.42  0 109 7 2533 15 56026 24362 1.8 7 4 2 3 24% 28521119 13692 81%
c } 88.43  0 109 7 2533 15 56038 24372 1.8 7 4 2 3 24% 28521119 13692 81%
c [ 88.43  0 140 7 2533  3 56038 24372 3.2 28 9 1 2 43% 28521119 13692 81%
c i 88.47  0 140 7 2533  3 56123 24443 3.2 28 9 1 2 43% 28521119 13691 81%
c i 88.49  0 140 7 2534  3 56162 24474 3.2 28 9 1 2 43% 28521119 13689 81%
c i 88.77  0 142 7 2534  3 57509 25701 3.2 28 9 1 2 43% 28521119 13687 81%
c ] 89.48  0 143 7 2534  3 59213 27254 3.8 35 9 1 2 44% 28521118 13686 81%
c { 89.48  0 109 7 2534 15 59213 27254 1.8 7 4 2 3 24% 28521118 13686 81%
c i 90.03  0 107 7 2588 15 59565 27562 1.8 7 4 2 3 23% 28521118 13683 81%
c i 90.13  0 106 7 2603 15 59692 27662 1.8 7 4 2 3 23% 28521117 13682 81%
c i 90.36  0 105 7 2656 15 60017 27940 1.8 7 4 2 3 23% 28521115 13680 81%
c } 91.29  0 102 7 2753 14 60579 28434 1.8 7 4 2 3 24% 28521114 13680 81%
c [ 91.29  0 143 7 2753  3 60579 28434 3.8 35 9 1 2 44% 28521114 13680 81%
c 
c  seconds   reductions  conflicts        size  tier2          variables
c         MB     restarts      redundant     glue  trail            remaining
c           level      rate         size/glue tier1   irredundant
c 
c ] 92.36  0 142 7 2754  3 61961 29713 3.7 34 9 1 2 44% 28521114 13680 81%
c { 92.36  0 102 7 2754 14 61961 29713 1.8 7 4 2 3 24% 28521114 13680 81%
c i 93.32  0 99 7 2894 14 62735 30388 1.8 7 4 2 3 24% 28521114 13679 81%
c i 93.88  0 98 7 2973 14 63170 30778 1.8 7 4 2 3 25% 28521114 13678 81%
c i 93.88  0 98 7 2973 14 63171 30778 1.8 7 4 2 3 25% 28521114 13677 81%
c } 94.26  0 97 7 3023 14 63512 31080 1.9 7 4 2 3 24% 28521113 13677 81%
c [ 94.26  0 142 7 3023  3 63512 31080 3.7 34 9 1 2 44% 28521113 13677 81%
c s 95.43  0 155 7 3024  3 65456 32845 3.5 36 10 1 2 44% 28412446 13677 81%
c t 95.74  0 155 7 3024  3 65456 32845 3.5 36 10 1 2 44% 28410292 13677 81%
c e 96.35  0 155 7 3024  3 65456 29396 3.5 36 10 1 2 44% 28409777 13552 80%
c s 96.73  0 155 7 3024  3 65456 29357 3.5 36 10 1 2 44% 28282750 13552 80%
c e 97.29  0 155 7 3024  3 65456 28907 3.5 36 10 1 2 44% 28282730 13542 80%
c i 99.03  0 155 7 3024  3 65475 28873 3.5 36 10 1 2 32% 28282730 13541 80%
c B 99.28  0 156 7 3025  3 66026 29382 3.5 36 10 1 2 59% 28282730 13539 80%
c ] 99.70  0 158 7 3025  3 66212 29561 3.5 36 10 1 2 59% 28282730 13539 80%
c { 99.70  0 97 7 3025 14 66212 29561 1.9 7 4 2 3 27% 28282730 13539 80%
c i 100.58  0 95 7 3139 14 66758 30039 1.9 7 4 2 3 27% 28282729 13538 80%
c i 100.77  0 94 7 3158 14 66875 30144 1.9 7 4 2 3 27% 28282729 13536 80%
c i 100.77  0 94 7 3158 14 66876 30144 1.9 7 4 2 3 27% 28282729 13535 80%
c i 101.22  0 93 7 3227 14 67360 30568 1.9 7 4 2 3 27% 28282727 13534 80%
c 
c  seconds   reductions  conflicts        size tier2          variables
c          MB    restarts      redundant    glue  trail            remaining
c           level      rate         size/glu tier1   irredundant
c 
c i 101.24  0 92 7 3229 14 67445 30635 1.9 7 4 2 3 27% 28282727 13533 80%
c i 101.24  0 92 7 3230 14 67446 30635 1.9 7 4 2 3 27% 28282727 13530 80%
c } 101.82  0 91 7 3277 13 68003 31110 1.9 7 4 2 3 27% 28282726 13530 80%
c [ 101.82  0 158 7 3277  3 68003 31110 3.5 36 10 1 2 59% 28282726 13530 80%
c - 103.72  0 156 8 3277  3 69114 23430 3.5 36 10 1 2 49% 28282628 13530 80%
c 2 103.76  0 156 8 3277  3 69114 23414 3.5 36 10 1 2 49% 28271126 13527 80%
c d 104.29  0 156 8 3277  3 69114 23388 3.5 36 10 1 2 49% 28271051 13511 80%
c 2 104.87  0 156 8 3277  3 69114 23388 3.5 36 10 1 2 49% 28271044 13509 80%
c = 108.18  0 156 8 3277  3 69114 23322 3.5 36 10 1 2 49% 28270716 13440 80%
c t 108.31  0 156 8 3277  3 69114 23322 3.5 36 10 1 2 49% 28270339 13440 80%
c ] 109.67  0 158 8 3278  3 70328 24431 3.5 36 10 1 2 43% 28270338 13440 80%
c { 109.67  0 91 8 3278 13 70328 24431 1.9 7 4 2 3 27% 28270338 13440 80%
c i 111.28  0 89 8 3464 13 71592 25531 1.9 7 4 1 2 27% 28270338 13439 80%
c } 111.96  0 87 8 3614 13 72355 26217 1.9 7 4 1 2 27% 28270336 13439 80%
c [ 111.96  0 158 8 3614  3 72355 26217 3.5 36 10 1 2 43% 28270336 13439 80%
c ] 113.57  0 152 8 3616  3 74980 28596 3.5 36 10 1 2 50% 28270336 13439 80%
c { 113.57  0 87 8 3616 13 74980 28596 1.9 7 4 1 2 27% 28270336 13439 80%
c i 114.47  0 86 8 3768 13 75883 29395 1.9 7 4 1 2 27% 28270335 13438 80%
c i 114.88  0 85 8 3825 13 76205 29674 1.9 7 4 1 2 27% 28270335 13437 80%
c } 115.77  0 84 8 3894 13 76749 30164 1.9 7 4 1 2 28% 28270333 13436 80%
c 
c  seconds    reductions  conflicts        size   tier2          variables
c          MB     restarts      redundant     glue   trail            remaining
c            level      rate         size/glue  tier1   irredundant
c 
c [ 115.77  0 152 8 3894  3 76749 30164 3.5 36 10 1 2 50% 28270333 13436 80%
c W 119.43  0 150 8 3895  3 78027 31315 3.5 36 10 1 2 52% 28270298 13436 80%
c ] 119.65  0 148 8 3895  3 78650 31827 3.5 36 10 1 2 55% 28270298 13436 80%
c { 119.65  0 84 8 3895 13 78650 31827 1.9 7 4 1 2 28% 28270298 13436 80%
c i 119.77  0 83 8 3925 13 78806 31964 1.9 8 4 1 2 28% 28270297 13434 80%
c } 121.92  0 81 8 4157 12 80180 33172 1.9 8 4 1 2 28% 28270295 13434 80%
c [ 121.92  0 148 8 4157  3 80180 33172 3.5 36 10 1 2 55% 28270295 13434 80%
c ] 123.27  0 141 8 4157  3 82987 35773 3.6 36 10 1 2 53% 28270295 13434 80%
c { 123.27  0 81 8 4157 12 82987 35773 1.9 8 4 1 2 28% 28270295 13434 80%
c } 125.44  0 79 8 4387 12 83970 36670 1.9 8 4 1 2 28% 28270294 13434 80%
c [ 125.44  0 141 8 4387  3 83970 36670 3.6 36 10 1 2 53% 28270294 13434 80%
c ] 127.21  0 140 8 4388  3 85089 37727 3.6 36 10 1 2 52% 28270294 13434 80%
c { 127.21  0 79 8 4388 12 85089 37727 1.9 8 4 1 2 28% 28270294 13434 80%
c i 128.36  0 78 8 4479 12 85958 38492 1.9 8 4 1 2 28% 28270294 13433 80%
c i 128.97  0 77 8 4548 12 86265 38761 1.9 8 4 1 2 28% 28270292 13432 80%
c i 129.34  0 77 8 4605 12 86630 39082 1.9 8 4 1 2 28% 28270292 13431 80%
c } 129.94  0 76 8 4678 12 87123 39515 1.9 8 4 1 2 28% 28270291 13431 80%
c [ 129.94  0 140 8 4678  3 87123 39515 3.6 36 10 1 2 52% 28270291 13431 80%
c i 131.08  0 141 8 4678  3 90744 42887 3.4 36 11 1 2 43% 28270291 13430 80%
c I 131.14  0 141 8 4678  3 91030 43158 3.4 36 11 1 2 42% 28270291 13430 80%
c 
c  seconds    reductions  conflicts        size   tier2          variables
c          MB     restarts      redundant     glue   trail            remaining
c            level      rate         size/glue  tier1   irredundant
c 
c - 132.87  0 139 9 4678  3 91798 25529 3.4 35 11 1 2 42% 28270239 13430 80%
c 2 132.92  0 139 9 4678  3 91798 25526 3.4 35 11 1 2 42% 28270232 13430 80%
c c 139.48  0 139 9 4678  3 91798 25521 3.4 35 11 1 2 42% 28270948 13426 80%
c d 139.97  0 139 9 4678  3 91798 25515 3.4 35 11 1 2 42% 28270940 13422 80%
c 2 140.06  0 139 9 4678  3 91798 25514 3.4 35 11 1 2 42% 28270940 13422 80%
c = 142.98  0 139 9 4678  3 91798 25468 3.4 35 11 1 2 42% 28270840 13401 80%
c t 143.12  0 139 9 4678  3 91798 25468 3.4 35 11 1 2 42% 28270282 13401 80%
c ] 143.80  0 135 9 4678  3 94025 27480 3.4 36 10 1 2 43% 28270282 13401 80%
c { 143.80  0 76 9 4678 12 94025 27480 1.9 8 4 1 2 28% 28270282 13401 80%
c } 146.32  0 74 9 4913 12 95414 28718 1.9 8 4 1 2 28% 28270281 13401 80%
c [ 146.32  0 135 9 4913  3 95414 28718 3.4 36 10 1 2 43% 28270281 13401 80%
c ] 147.91  0 131 9 4914  3 98308 31382 3.3 35 11 1 2 43% 28270281 13401 80%
c { 147.91  0 74 9 4914 12 98308 31382 1.9 8 4 1 2 28% 28270281 13401 80%
c i 149.93  0 73 9 5123 12 99834 32726 1.9 8 4 1 2 28% 28270278 13400 79%
c i 149.93  0 73 9 5123 12 99836 32727 1.9 8 4 1 2 28% 28270278 13399 79%
c i 150.32  0 72 9 5186 12 100211 33071 1.9 8 4 1 2 28% 28270277 13398 79%
c } 150.74  0 72 9 5237 11 100512 33342 1.9 8 4 1 2 28% 28270276 13398 79%
c [ 150.74  0 131 9 5237  3 100512 33342 3.3 35 11 1 2 43% 28270276 13398 79%
c ] 152.55  0 125 9 5237  3 104669 37260 3.4 35 10 1 2 42% 28270275 13398 79%
c { 152.55  0 72 9 5237 11 104669 37260 1.9 8 4 1 2 28% 28270275 13398 79%
c 
c  seconds   reductions  conflicts         size tier2          variables
c          MB    restarts       redundant    glue  trail            remaining
c           level      rate          size/glu tier1   irredundant
c 
c i 152.58  0 72 9 5242 11 104683 37272 1.9 8 4 1 2 28% 28270275 13397 79%
c B 153.17  0 72 9 5301 11 105033 37584 1.9 8 4 1 2 28% 28270275 13397 79%
c } 155.66  0 70 9 5568 11 107079 39430 2.0 8 4 1 2 28% 28270275 13397 79%
c [ 155.66  0 125 9 5568  3 107079 39430 3.4 35 10 1 2 42% 28270275 13397 79%
c ] 157.38  0 118 9 5568  3 111016 43142 3.4 35 10 1 2 45% 28270275 13397 79%
c { 157.38  0 70 9 5568 11 111016 43142 2.0 8 4 1 2 28% 28270275 13397 79%
c } 160.17  0 69 9 5861 11 112898 44850 2.0 9 4 1 2 29% 28270274 13397 79%
c [ 160.17  0 118 9 5861  3 112898 44850 3.4 35 10 1 2 45% 28270274 13397 79%
c ] 163.64  0 117 9 5861  3 116495 48157 3.4 35 10 1 2 42% 28270274 13397 79%
c { 163.64  0 69 9 5861 11 116495 48157 2.0 9 4 1 2 29% 28270274 13397 79%
c i 163.84  0 69 9 5914 11 116896 48506 2.0 9 4 1 2 29% 28270274 13396 79%
c - 165.83  0 69 10 6003 11 117940 30164 2.0 9 4 1 2 29% 28270232 13396 79%
c 2 165.89  0 69 10 6003 11 117940 30162 2.0 9 4 1 2 29% 28270230 13396 79%
c d 166.35  0 69 10 6003 11 117940 30152 2.0 9 4 1 2 29% 28270214 13392 79%
c k 172.38  0 69 10 6003 11 117940 30152 2.0 9 4 1 2 29% 28270780 13390 79%
c = 174.27  0 69 10 6003 11 117940 30143 2.0 9 4 1 2 29% 28270752 13384 79%
c u 175.82  0 69 10 6003 11 117940 27695 2.0 9 4 1 2 29% 28270752 13383 79%
c v 177.46  0 69 10 6003 11 117940 27520 2.0 9 4 1 2 29% 28270752 13383 79%
c w 177.47  0 69 10 6003 11 117940 27520 2.0 9 4 1 2 29% 28270752 13383 79%
c x 178.63  0 69 10 6003 11 117940 27519 2.0 9 4 1 2 29% 28270646 13383 79%
c 
c  seconds   reductions   conflicts         size tier2          variables
c          MB     restarts       redundant    glue  trail            remaining
c           level       rate          size/glu tier1   irredundant
c 
c t 178.75  0 69 10 6003 11 117940 27515 2.0 9 4 1 2 29% 28269007 13382 79%
c i 178.82  0 69 10 6009 11 118018 27587 2.0 9 4 1 2 29% 28269007 13381 79%
c W 183.67  0 68 10 6225 11 120034 29350 2.0 9 4 1 2 29% 28268966 13380 79%
c i 183.97  0 68 10 6265 11 120290 29581 2.0 9 4 1 2 29% 28268966 13378 79%
c i 184.05  0 68 10 6284 11 120580 29823 2.0 9 4 1 2 29% 28268965 13377 79%
c i 184.05  0 68 10 6285 11 120583 29824 2.0 9 4 1 2 29% 28268965 13376 79%
c i 184.07  0 67 10 6285 11 120690 29909 2.0 9 4 1 2 29% 28268965 13374 79%
c } 184.28  0 67 10 6302 11 120909 30112 2.0 9 4 1 2 29% 28268965 13374 79%
c [ 184.28  0 117 10 6302  3 120909 30112 3.4 35 10 1 2 42% 28268965 13374 79%
c ] 186.87  0 114 10 6302  3 122893 31978 3.4 35 10 1 2 40% 28268965 13374 79%
c { 186.87  0 67 10 6302 11 122893 31978 2.0 9 4 1 2 29% 28268965 13374 79%
c } 190.04  0 66 10 6573 11 124837 33741 2.0 9 4 1 2 29% 28268963 13374 79%
c [ 190.04  0 114 10 6573  3 124837 33741 3.4 35 10 1 2 40% 28268963 13374 79%
c i 190.12  0 114 10 6573  3 124897 33797 3.4 34 10 1 2 40% 28268963 13373 79%
c ] 192.67  0 115 10 6576  3 128880 37442 3.3 35 10 1 2 40% 28268963 13373 79%
c { 192.67  0 66 10 6576 11 128880 37442 2.0 9 4 1 2 29% 28268963 13373 79%
c i 195.06  0 65 10 6813 10 130473 38880 2.0 9 4 1 2 29% 28268961 13372 79%
c } 196.40  0 65 10 6985 10 131621 39921 2.0 9 4 1 2 29% 28268961 13372 79%
c [ 196.40  0 115 10 6985  3 131621 39921 3.3 35 10 1 2 40% 28268961 13372 79%
c s 196.89  0 115 10 6985  3 131627 39924 3.3 35 10 1 2 40% 28038885 13372 79%
c 
c  seconds    reductions   conflicts         size   tier2          variables
c          MB      restarts       redundant     glue   trail            remaining
c            level       rate          size/glue  tier1   irredundant
c 
c t 197.26  0 115 10 6985  3 131627 39922 3.3 35 10 1 2 40% 28026065 13372 79%
c e 197.86  0 115 10 6985  3 131627 37707 3.3 35 10 1 2 40% 28025798 13299 79%
c s 198.29  0 115 10 6985  3 131627 37707 3.3 35 10 1 2 40% 27841937 13299 79%
c e 198.83  0 115 10 6985  3 131627 37707 3.3 35 10 1 2 40% 27841933 13298 79%
c ] 201.91  0 120 10 6987  3 134337 40164 3.2 35 11 1 2 41% 27841932 13298 79%
c { 201.91  0 65 10 6987 10 134337 40164 2.0 9 4 1 2 29% 27841932 13298 79%
c i 202.88  0 65 10 7073 10 134785 40562 2.0 9 4 1 2 29% 27841932 13296 79%
c # 203.70  0 64 10 7167 10 136035 41682 2.1 9 4 1 2 29% 27841930 13296 79%
c i 204.16  0 63 10 7229 10 136602 42191 2.1 9 4 1 2 29% 27841930 13295 79%
c i 205.38  0 63 10 7330 10 137146 42688 2.1 9 4 1 2 29% 27841930 13294 79%
c } 205.83  0 63 10 7376 10 137655 43141 2.1 9 4 1 2 29% 27841930 13294 79%
c [ 205.83  0 120 10 7376  3 137655 43141 3.2 35 11 1 2 41% 27841930 13294 79%
c ] 208.29  0 114 10 7378  3 142076 47170 3.1 34 11 1 2 41% 27841930 13294 79%
c { 208.29  0 63 10 7378 10 142076 47170 2.1 9 4 1 2 29% 27841930 13294 79%
c i 211.03  0 62 10 7730 10 144252 49196 2.1 9 5 1 2 29% 27841928 13293 79%
c } 212.56  0 61 10 7903 10 145993 50750 2.1 10 5 1 2 29% 27841926 13293 79%
c [ 212.56  0 114 10 7903  3 145993 50750 3.1 34 11 1 2 41% 27841926 13293 79%
c - 214.46  0 112 11 7903  3 147570 33287 3.2 35 11 1 2 42% 27841884 13293 79%
c 2 214.52  0 112 11 7903  3 147570 33278 3.2 35 11 1 2 42% 27837829 13292 79%
c d 215.01  0 112 11 7903  3 147570 33259 3.2 35 11 1 2 42% 27837804 13288 79%
c 
c  seconds    reductions   conflicts         size   tier2          variables
c          MB      restarts       redundant     glue   trail            remaining
c            level       rate          size/glue  tier1   irredundant
c 
c p 215.17  0 112 11 7903  3 147570 34525 3.2 35 11 1 2 42% 27837804 13288 79%
c k 215.20  0 112 11 7903  3 147570 34525 3.2 35 11 1 2 42% 27837804 13286 79%
c = 219.23  0 112 11 7903  3 147570 34505 3.2 35 11 1 2 42% 27837737 13273 79%
c t 219.41  0 112 11 7903  3 147570 34504 3.2 35 11 1 2 42% 27835806 13273 79%
c ] 221.57  0 107 11 7906  3 151444 37795 3.1 34 11 1 2 44% 27835806 13273 79%
c { 221.57  0 61 11 7906 10 151444 37795 2.1 10 5 1 2 29% 27835806 13273 79%
c i 222.53  0 61 11 7992 10 152283 38550 2.1 10 5 1 2 30% 27835805 13272 79%
c B 223.05  0 61 11 8060 10 153037 39223 2.1 10 5 1 2 30% 27835804 13272 79%
c } 225.98  0 61 11 8478 10 156511 42332 2.1 10 5 1 2 30% 27835804 13272 79%
c [ 225.98  0 107 11 8478  3 156511 42332 3.1 34 11 1 2 44% 27835804 13272 79%
c ] 228.99  0 100 11 8482  2 164634 49935 3.5 38 11 1 2 43% 27835804 13272 79%
c { 228.99  0 61 11 8482 10 164634 49935 2.1 10 5 1 2 30% 27835804 13272 79%
c i 230.92  0 61 11 8728 10 166476 51598 2.2 10 5 1 2 30% 27835804 13270 79%
c i 233.61  0 60 11 9105 10 169235 54086 2.2 10 5 1 2 30% 27835802 13268 79%
c } 233.72  0 60 11 9125  9 169602 54421 2.2 10 5 1 2 30% 27835802 13268 79%
c [ 233.72  0 100 11 9125  2 169602 54421 3.5 38 11 1 2 43% 27835802 13268 79%
c B 234.82  0 102 11 9125  2 171039 55742 3.6 40 11 1 2 44% 27835802 13268 79%
c ] 236.51  0 100 11 9126  2 173825 58184 3.5 40 11 1 2 45% 27835802 13268 79%
c { 236.51  0 60 11 9126  9 173825 58184 2.2 10 5 1 2 30% 27835802 13268 79%
c i 237.28  0 60 11 9210  9 174352 58658 2.2 10 5 1 2 30% 27835802 13267 79%
c 
c  seconds   reductions   conflicts         size  tier2          variables
c          MB     restarts       redundant     glue  trail            remaining
c           level       rate          size/glue tier1   irredundant
c 
c i 239.72  0 59 11 9508  9 176265 60406 2.2 10 5 1 2 30% 27835802 13265 79%
c i 239.81  0 59 11 9520  9 176381 60506 2.2 10 5 1 2 30% 27835802 13264 79%
c } 240.86  0 59 11 9623  9 177189 61248 2.2 10 5 1 2 30% 27835802 13264 79%
c [ 240.86  0 100 11 9623  2 177189 61248 3.5 40 11 1 2 45% 27835802 13264 79%
c - 243.58  0 98 12 9623  2 180650 39289 3.6 40 11 1 2 44% 27835728 13264 79%
c 2 243.63  0 98 12 9623  2 180650 39281 3.6 40 11 1 2 44% 27835724 13264 79%
c d 244.13  0 98 12 9623  2 180650 39270 3.6 40 11 1 2 44% 27835698 13256 79%
c c 250.27  0 98 12 9623  2 180650 39270 3.6 40 11 1 2 44% 27839783 13256 79%
c d 250.79  0 98 12 9623  2 180650 39269 3.6 40 11 1 2 44% 27839781 13255 79%
c 2 250.88  0 98 12 9623  2 180650 39269 3.6 40 11 1 2 44% 27839779 13255 79%
c = 254.12  0 98 12 9623  2 180650 39230 3.6 40 11 1 2 44% 27839750 13249 79%
c t 254.30  0 98 12 9623  2 180650 39227 3.6 40 11 1 2 44% 27835733 13249 79%
c ] 256.61  0 99 12 9626  2 186053 44151 3.5 39 11 1 2 43% 27835733 13249 79%
c { 256.61  0 59 12 9626  9 186053 44151 2.2 10 5 1 2 30% 27835733 13249 79%
c i 259.95  0 59 12 9883  9 188486 46357 2.2 10 5 1 2 30% 27835732 13248 79%
c i 261.19  0 58 12 10001  9 189974 47673 2.2 10 5 1 2 30% 27835732 13247 79%
c W 266.62  0 58 12 10006  9 190048 47725 2.2 10 5 1 2 30% 27835715 13247 79%
c } 266.69  0 58 12 10015  9 190080 47756 2.2 10 5 1 2 30% 27835715 13247 79%
c [ 266.69  0 99 12 10015  2 190080 47756 3.5 39 11 1 2 43% 27835715 13247 79%
c ] 269.72  0 99 12 10017  2 192936 50447 3.5 39 11 1 2 43% 27835715 13247 79%
c 
c  seconds   reductions    conflicts         size  tier2          variables
c          MB      restarts       redundant     glue  trail            remaining
c           level        rate          size/glue tier1   irredundant
c 
c { 269.72  0 58 12 10017  9 192936 50447 2.2 10 5 1 2 30% 27835715 13247 79%
c i 269.76  0 58 12 10021  9 192977 50479 2.2 10 5 1 2 30% 27835715 13246 79%
c i 270.96  0 58 12 10160  9 193706 51143 2.2 10 5 1 2 30% 27835715 13245 79%
c } 274.89  0 58 12 10651  9 197642 54714 2.2 10 5 1 2 30% 27835714 13245 79%
c [ 274.89  0 99 12 10651  2 197642 54714 3.5 39 11 1 2 43% 27835714 13245 79%
c ] 278.25  0 104 12 10653  2 202178 58850 3.5 41 12 1 2 45% 27835714 13245 79%
c { 278.25  0 58 12 10653  9 202178 58850 2.2 10 5 1 2 30% 27835714 13245 79%
c i 279.40  0 58 12 10787  9 203419 59973 2.2 10 5 1 2 30% 27835714 13243 79%
c i 279.40  0 58 12 10788  9 203421 59974 2.2 10 5 1 2 30% 27835714 13241 79%
c } 283.45  0 57 12 11247  9 206772 63092 2.2 11 5 1 2 30% 27835713 13241 79%
c [ 283.45  0 104 12 11247  2 206772 63092 3.5 41 12 1 2 45% 27835713 13241 79%
c i 284.07  0 104 12 11247  2 208546 64740 3.5 40 12 1 2 45% 27835713 13240 79%
c W 287.28  0 103 12 11248  2 210052 66039 3.5 41 12 1 2 45% 27835654 13240 79%
c - 289.43  0 97 13 11253  2 217248 44990 3.4 40 12 1 2 49% 27835654 13240 79%
c 2 289.48  0 97 13 11253  2 217248 44988 3.4 40 12 1 2 49% 27835654 13239 79%
c d 289.86  0 97 13 11253  2 217248 44955 3.4 40 12 1 2 49% 27835622 13232 79%
c p 290.52  0 97 13 11253  2 217248 45182 3.4 40 12 1 2 49% 27835620 13231 78%
c c 296.22  0 97 13 11253  2 217248 45182 3.4 40 12 1 2 49% 27839563 13231 78%
c d 296.63  0 97 13 11253  2 217248 45182 3.4 40 12 1 2 49% 27839561 13230 78%
c k 296.68  0 97 13 11253  2 217248 45182 3.4 40 12 1 2 49% 27839561 13228 78%
c 
c  seconds   reductions    conflicts         size   tier2          variables
c          MB      restarts       redundant     glue   trail            remaining
c           level        rate          size/glue  tier1   irredundant
c 
c 2 296.72  0 97 13 11253  2 217248 45182 3.4 40 12 1 2 49% 27839559 13228 78%
c u 299.31  0 97 13 11253  2 217248 44465 3.4 40 12 1 2 49% 27839543 13228 78%
c v 300.17  0 97 13 11253  2 217248 44241 3.4 40 12 1 2 49% 27839543 13228 78%
c w 300.22  0 97 13 11253  2 217248 44241 3.4 40 12 1 2 49% 27839543 13228 78%
c t 301.58  0 97 13 11253  2 217248 44218 3.4 40 12 1 2 49% 27829034 13228 78%
c ] 302.20  0 96 13 11253  2 217575 44461 3.4 40 12 1 2 50% 27829034 13228 78%
c { 302.20  0 57 13 11253  9 217575 44461 2.2 11 5 1 2 30% 27829034 13228 78%
c s 305.36  0 57 13 11480  9 219884 46575 2.2 11 5 1 2 30% 27635320 13228 78%
c t 305.71  0 57 13 11480  9 219884 46574 2.2 11 5 1 2 30% 27626250 13228 78%
c e 306.38  0 57 13 11480  9 219884 45964 2.2 11 5 1 2 30% 27626150 13194 78%
c s 306.89  0 57 13 11480  9 219884 45964 2.2 11 5 1 2 30% 27387012 13194 78%
c e 307.43  0 57 13 11480  9 219884 45958 2.2 11 5 1 2 30% 27387012 13193 78%
c } 310.47  0 56 13 11733  9 221943 47816 2.2 11 5 1 2 30% 27387012 13193 78%
c [ 310.47  0 96 13 11733  2 221943 47816 3.4 40 12 1 2 50% 27387012 13193 78%
c ] 313.83  0 100 13 11734  2 224049 49737 3.4 42 12 1 2 50% 27387012 13193 78%
c { 313.83  0 56 13 11734  9 224049 49737 2.2 11 5 1 2 30% 27387012 13193 78%
c } 319.45  0 56 13 12421  9 229518 54655 2.2 11 5 1 2 30% 27387010 13193 78%
c [ 319.45  0 100 13 12421  2 229518 54655 3.4 42 12 1 2 50% 27387010 13193 78%
c O 320.32  0 99 13 12421  2 231054 56116 3.4 42 12 1 2 50% 27387010 13193 78%
c ] 322.94  0 95 13 12422  2 236085 60750 3.4 42 12 1 2 49% 27387010 13193 78%
c 
c  seconds   reductions    conflicts         size  tier2          variables
c          MB      restarts       redundant     glue  trail            remaining
c           level        rate          size/glue tier1   irredundant
c 
c { 322.94  0 56 13 12422  9 236085 60750 2.2 11 5 1 2 30% 27387010 13193 78%
c i 326.72  0 55 13 13027  9 239956 64277 2.2 11 5 1 2 30% 27387009 13192 78%
c } 328.70  0 55 13 13220  9 241413 65600 2.2 11 5 1 2 30% 27387009 13192 78%
c [ 328.70  0 95 13 13220  2 241413 65600 3.4 42 12 1 2 49% 27387009 13192 78%
c ] 332.06  0 92 13 13221  2 247574 71204 3.4 43 12 1 2 50% 27387009 13192 78%
c { 332.06  0 55 13 13221  9 247574 71204 2.2 11 5 1 2 30% 27387009 13192 78%
c i 332.72  0 55 13 13294  9 248098 71673 2.2 11 5 1 2 30% 27387009 13191 78%
c i 335.09  0 55 13 13566  9 249538 72997 2.2 11 5 1 2 30% 27387009 13190 78%
c } 337.73  0 55 13 13850  9 251399 74678 2.2 11 5 1 2 30% 27387009 13190 78%
c [ 337.73  0 92 13 13850  2 251399 74678 3.4 43 12 1 2 50% 27387009 13190 78%
c B 338.51  0 92 13 13850  2 253055 76230 3.5 43 12 1 2 50% 27387009 13190 78%
c ] 341.73  0 97 13 13850  2 254760 77802 3.4 45 13 1 2 50% 27387009 13190 78%
c { 341.73  0 55 13 13850  9 254760 77802 2.2 11 5 1 2 30% 27387009 13190 78%
c - 346.36  0 54 14 14233  9 257385 50939 2.2 11 5 1 2 30% 27386983 13190 78%
c 2 346.41  0 54 14 14233  9 257385 50933 2.2 11 5 1 2 30% 27382168 13190 78%
c d 346.89  0 54 14 14233  9 257385 50901 2.2 11 5 1 2 30% 27382132 13181 78%
c p 347.22  0 54 14 14233  9 257385 56985 2.2 11 5 1 2 30% 27382132 13181 78%
c c 353.04  0 54 14 14233  9 257385 56985 2.2 11 5 1 2 30% 27388703 13181 78%
c d 353.59  0 54 14 14233  9 257385 56985 2.2 11 5 1 2 30% 27388699 13179 78%
c 2 353.68  0 54 14 14233  9 257385 56985 2.2 11 5 1 2 30% 27388695 13179 78%
c 
c  seconds   reductions    conflicts         size  tier2          variables
c          MB      restarts       redundant     glue  trail            remaining
c           level        rate          size/glue tier1   irredundant
c 
c t 353.86  0 54 14 14233  9 257385 56955 2.2 11 5 1 2 30% 27370342 13179 78%
c } 357.17  0 54 14 14510  9 260176 59474 2.2 11 5 1 2 30% 27370342 13179 78%
c [ 357.17  0 97 14 14510  2 260176 59474 3.4 45 13 1 2 50% 27370342 13179 78%
c ] 361.53  0 91 14 14510  2 271429 69919 3.6 46 13 1 2 51% 27370342 13179 78%
c { 361.53  0 54 14 14510  9 271429 69919 2.2 11 5 1 2 30% 27370342 13179 78%
c i 365.58  0 54 14 14970  9 274840 73025 2.2 11 5 1 2 30% 27370342 13178 78%
c F 366.59  0 54 14 15076  9 276056 74109 2.2 12 5 1 2 30% 27370341 13178 78%
c } 368.40  0 54 14 15223  9 277134 75089 2.3 12 5 1 2 30% 27370340 13178 78%
c [ 368.40  0 91 14 15223  2 277134 75089 3.6 46 13 1 2 51% 27370340 13178 78%
c ] 372.25  0 90 14 15224  2 282245 79824 3.6 48 13 1 2 50% 27370339 13178 78%
c { 372.25  0 54 14 15224  9 282245 79824 2.3 12 5 1 2 30% 27370339 13178 78%
c i 375.85  0 53 14 15705  8 286111 83354 2.3 12 5 1 2 30% 27370339 13177 78%
c i 377.29  0 53 14 15878  8 287687 84770 2.3 12 5 1 2 30% 27370337 13176 78%
c i 377.39  0 53 14 15887  8 287798 84871 2.3 12 5 1 2 30% 27370337 13175 78%
c } 379.12  0 53 14 16097  8 289416 86281 2.3 12 5 1 2 30% 27370336 13175 78%
c [ 379.12  0 90 14 16097  2 289416 86281 3.6 48 13 1 2 50% 27370336 13175 78%
c ] 384.93  0 88 14 16097  2 299870 96064 3.9 52 13 1 2 48% 27370335 13175 78%
c { 384.93  0 53 14 16097  8 299870 96064 2.3 12 5 1 2 30% 27370335 13175 78%
c i 385.09  0 53 14 16122  8 299960 96149 2.3 12 5 1 2 30% 27370335 13174 78%
c B 385.21  0 53 14 16145  8 300058 96241 2.3 12 5 1 2 30% 27370335 13174 78%
c 
c  seconds   reductions    conflicts         size  tier2          variables
c          MB      restarts       redundant     glue  trail            remaining
c           level        rate          size/glue tier1   irredundant
c 
c - 387.64  0 53 15 16330  8 300986 57479 2.3 12 5 1 2 30% 27370290 13174 78%
c d 388.15  0 53 15 16330  8 300986 57459 2.3 12 5 1 2 30% 27370271 13170 78%
c p 388.35  0 53 15 16330  8 300986 59536 2.3 12 5 1 2 30% 27370271 13170 78%
c c 394.21  0 53 15 16330  8 300986 59536 2.3 12 5 1 2 30% 27387647 13170 78%
c d 394.74  0 53 15 16330  8 300986 59534 2.3 12 5 1 2 30% 27387645 13169 78%
c 2 394.84  0 53 15 16330  8 300986 59534 2.3 12 5 1 2 30% 27387643 13169 78%
c = 397.24  0 53 15 16330  8 300986 59533 2.3 12 5 1 2 30% 27387608 13162 78%
c u 399.25  0 53 15 16330  8 300986 57111 2.3 12 5 1 2 30% 27387608 13161 78%
c v 401.23  0 53 15 16330  8 300986 56805 2.3 12 5 1 2 30% 27387608 13161 78%
c t 401.39  0 53 15 16330  8 300986 56794 2.3 12 5 1 2 30% 27370239 13161 78%
c } 407.14  0 52 15 16814  8 305999 61369 2.3 12 5 1 2 30% 27370237 13161 78%
c [ 407.14  0 88 15 16814  2 305999 61369 3.9 52 13 1 2 48% 27370237 13161 78%
c ] 411.31  0 85 15 16814  2 311853 66824 3.9 51 13 1 2 48% 27370237 13161 78%
c { 411.31  0 52 15 16814  8 311853 66824 2.3 12 5 1 2 30% 27370237 13161 78%
c } 418.40  0 52 15 17590  8 318070 72435 2.3 12 5 1 2 30% 27370234 13161 78%
c [ 418.40  0 85 15 17590  2 318070 72435 3.9 51 13 1 2 48% 27370234 13161 78%
c W 427.92  0 83 15 17590  2 325059 78905 3.9 50 13 1 2 48% 27370219 13161 78%
c s 429.63  0 91 15 17590  2 330080 83476 3.7 50 14 1 2 48% 27262277 13161 78%
c t 429.94  0 91 15 17590  2 330080 83476 3.7 50 14 1 2 48% 27258320 13161 78%
c e 430.50  0 91 15 17590  2 330080 81398 3.7 50 14 1 2 48% 27258226 13130 78%
c 
c  seconds   reductions    conflicts         size   tier2          variables
c          MB      restarts       redundant     glue   trail            remaining
c           level        rate          size/glue  tier1   irredundant
c 
c s 430.96  0 91 15 17590  2 330080 81398 3.7 50 14 1 2 48% 27143494 13130 78%
c ] 432.48  0 90 15 17592  2 332615 83626 3.6 50 14 1 2 49% 27143494 13130 78%
c { 432.48  0 52 15 17592  8 332615 83626 2.3 12 5 1 2 30% 27143494 13130 78%
c } 440.10  0 51 15 18436  8 339326 89716 2.3 12 5 1 2 30% 27143494 13130 78%
c [ 440.10  0 90 15 18436  2 339326 89716 3.6 50 14 1 2 49% 27143494 13130 78%
c ] 444.69  0 84 15 18441  2 347688 97224 3.6 48 13 1 2 47% 27143494 13130 78%
c { 444.69  0 51 15 18441  8 347688 97224 2.3 12 5 1 2 30% 27143494 13130 78%
c - 446.54  0 51 16 18505  8 348129 59606 2.3 12 5 1 2 30% 27143493 13130 78%
c 2 446.58  0 51 16 18505  8 348129 59597 2.3 12 5 1 2 30% 27142593 13130 78%
c p 447.29  0 51 16 18505  8 348129 69842 2.3 12 5 1 2 30% 27142579 13127 78%
c k 452.95  0 51 16 18505  8 348129 69842 2.3 12 5 1 2 30% 27157406 13126 78%
c = 456.45  0 51 16 18505  8 348129 69831 2.3 12 5 1 2 30% 26593274 13116 78%
c t 456.63  0 51 16 18505  8 348129 69830 2.3 12 5 1 2 30% 26577378 13116 78%
c W 461.66  0 51 16 18802  8 351061 72524 2.3 12 5 1 2 30% 26577378 13116 78%
c } 465.48  0 51 16 19169  8 353404 74639 2.3 13 5 1 2 30% 26577378 13116 78%
c [ 465.48  0 84 16 19169  2 353404 74639 3.6 48 13 1 2 47% 26577378 13116 78%
c ] 469.93  0 82 16 19172  2 359135 79803 3.5 47 13 1 2 48% 26577378 13116 78%
c { 469.93  0 51 16 19172  8 359135 79803 2.3 13 5 1 2 30% 26577378 13116 78%
c i 470.95  0 51 16 19253  8 359827 80426 2.3 13 5 1 2 30% 26577377 13115 78%
c } 478.09  0 51 16 19941  8 365558 85668 2.3 13 5 1 2 30% 26577376 13114 78%
c 
c  seconds   reductions    conflicts         size   tier2          variables
c          MB      restarts       redundant     glue   trail            remaining
c           level        rate          size/glue  tier1   irredundant
c 
c [ 478.09  0 82 16 19941  2 365558 85668 3.5 47 13 1 2 48% 26577376 13114 78%
c ] 483.01  0 82 16 19944  2 369830 89530 3.5 47 13 1 2 49% 26577376 13114 78%
c { 483.01  0 51 16 19944  8 369830 89530 2.3 13 5 1 2 30% 26577376 13114 78%
c i 484.41  0 50 16 20104  8 371505 91064 2.3 13 5 1 2 30% 26577374 13113 78%
c i 487.46  0 50 16 20415  8 374032 93376 2.4 13 5 1 2 30% 26577374 13112 78%
c } 491.17  0 50 16 20817  8 377135 96239 2.4 13 6 1 2 30% 26577374 13112 78%
c [ 491.17  0 82 16 20817  2 377135 96239 3.5 47 13 1 2 49% 26577374 13112 78%
c I 491.50  0 82 16 20817  2 378063 97114 3.5 47 13 1 2 49% 26577374 13112 78%
c ] 496.18  0 80 16 20819  2 382632 101226 3.6 48 13 1 2 49% 26577374 13112 78%
c { 496.18  0 50 16 20819  8 382632 101226 2.4 13 6 1 2 30% 26577374 13112 78%
c } 505.01  0 50 16 21860  8 390560 108433 2.4 13 6 1 2 31% 26577371 13112 78%
c [ 505.01  0 80 16 21860  2 390560 108433 3.6 48 13 1 2 49% 26577371 13112 78%
c - 511.61  0 76 17 21860  2 398775 68555 3.5 47 13 1 2 49% 26577336 13112 78%
c 2 511.66  0 76 17 21860  2 398775 68554 3.5 47 13 1 2 49% 26577336 13112 78%
c d 512.10  0 76 17 21860  2 398775 68529 3.5 47 13 1 2 49% 26577316 13106 78%
c p 512.54  0 76 17 21860  2 398775 80899 3.5 47 13 1 2 49% 26577316 13106 78%
c u 520.03  0 76 17 21860  2 398775 80237 3.5 47 13 1 2 49% 26577316 13106 78%
c v 521.36  0 76 17 21860  2 398775 80064 3.5 47 13 1 2 49% 26577316 13106 78%
c w 521.46  0 76 17 21860  2 398775 80064 3.5 47 13 1 2 49% 26577316 13106 78%
c t 522.89  0 76 17 21860  2 398775 80041 3.5 47 13 1 2 49% 26577231 13106 78%
c 
c  seconds   reductions    conflicts         size   tier2          variables
c          MB      restarts       redundant     glue   trail            remaining
c           level        rate          size/glue  tier1   irredundant
c 
c ] 524.48  0 76 17 21863  2 401153 82169 3.5 47 13 1 2 49% 26577231 13106 78%
c { 524.48  0 50 17 21863  8 401153 82169 2.4 13 6 1 2 31% 26577231 13106 78%
c i 524.88  0 50 17 21907  8 401521 82508 2.4 13 6 1 2 31% 26577231 13105 78%
c i 529.98  0 50 17 22447  8 405869 86432 2.4 14 6 1 2 31% 26577231 13104 78%
c i 530.21  0 50 17 22459  8 406060 86604 2.4 14 6 1 2 31% 26577231 13103 78%
c # 530.23  0 50 17 22459  8 406065 86609 2.4 14 6 1 2 31% 26577231 13103 78%
c } 533.00  0 49 17 22697  8 408172 88489 2.4 14 6 1 2 31% 26577231 13103 78%
c [ 533.00  0 76 17 22697  2 408172 88489 3.5 47 13 1 2 49% 26577231 13103 78%
c ] 538.34  0 72 17 22700  2 414181 93629 3.6 46 13 1 2 49% 26577231 13103 78%
c { 538.34  0 49 17 22700  8 414181 93629 2.4 14 6 1 2 31% 26577231 13103 78%
c } 546.94  0 49 17 23548  8 420513 99415 2.4 14 6 1 2 31% 26577231 13103 78%
c [ 546.94  0 72 17 23548  2 420513 99415 3.6 46 13 1 2 49% 26577231 13103 78%
c ] 553.08  0 69 17 23554  2 430520 108474 3.6 48 13 1 2 50% 26577231 13103 78%
c { 553.08  0 49 17 23554  8 430520 108474 2.4 14 6 1 2 31% 26577231 13103 78%
c B 558.62  0 49 17 24086  8 435067 112623 2.5 14 6 1 2 31% 26577231 13103 78%
c } 562.64  0 48 17 24598  8 439308 116504 2.5 14 6 1 2 31% 26577230 13103 78%
c [ 562.64  0 69 17 24598  2 439308 116504 3.6 48 13 1 2 50% 26577230 13103 78%
c ] 569.49  0 71 17 24601  2 447666 124212 3.5 50 14 1 2 50% 26577230 13103 78%
c { 569.49  0 48 17 24601  8 447666 124212 2.5 14 6 1 2 31% 26577230 13103 78%
c - 577.49  0 48 18 25236  8 452839 76545 2.5 15 6 1 2 31% 26577203 13103 78%
c 
c  seconds   reductions    conflicts         size  tier2          variables
c          MB      restarts       redundant     glue  trail            remaining
c           level        rate          size/glue tier1   irredundant
c 
c 2 577.53  0 48 18 25236  8 452839 76543 2.5 15 6 1 2 31% 26577203 13103 78%
c d 577.98  0 48 18 25236  8 452839 76534 2.5 15 6 1 2 31% 26577195 13100 78%
c p 578.47  0 48 18 25236  8 452839 99282 2.5 15 6 1 2 31% 26577195 13100 78%
c c 584.25  0 48 18 25236  8 452839 99282 2.5 15 6 1 2 31% 26592810 13100 78%
c d 584.74  0 48 18 25236  8 452839 99282 2.5 15 6 1 2 31% 26592806 13098 78%
c 2 584.84  0 48 18 25236  8 452839 99282 2.5 15 6 1 2 31% 26592802 13098 78%
c t 584.98  0 48 18 25236  8 452839 99274 2.5 15 6 1 2 31% 26577203 13098 78%
c } 587.84  0 48 18 25458  8 454736 100998 2.5 15 6 1 2 31% 26577203 13098 78%
c [ 587.84  0 71 18 25458  2 454736 100998 3.5 50 14 1 2 50% 26577203 13098 78%
c s 593.35  0 68 18 25459  2 462245 107843 3.6 51 14 1 2 51% 26482628 13098 78%
c t 593.64  0 68 18 25459  2 462245 107843 3.6 51 14 1 2 51% 26481713 13098 78%
c e 594.22  0 68 18 25459  2 462245 106491 3.6 51 14 1 2 51% 26481571 13052 77%
c s 594.68  0 68 18 25459  2 462245 106491 3.6 51 14 1 2 51% 26357485 13052 77%
c ] 596.77  0 68 18 25459  2 462923 107127 3.6 50 14 1 2 51% 26357485 13052 77%
c { 596.77  0 48 18 25459  8 462923 107127 2.5 15 6 1 2 31% 26357485 13052 77%
c W 606.86  0 48 18 25755  8 465068 109103 2.5 15 6 1 2 32% 26357485 13052 77%
c } 613.24  0 47 18 26329  8 470520 114115 2.6 15 6 1 2 32% 26357485 13052 77%
c [ 613.24  0 68 18 26329  2 470520 114115 3.6 50 14 1 2 51% 26357485 13052 77%
c ] 620.19  0 68 18 26329  2 475614 118844 3.5 50 14 1 2 49% 26357485 13052 77%
c { 620.19  0 47 18 26329  8 475614 118844 2.6 15 6 1 2 32% 26357485 13052 77%
c 
c  seconds   reductions    conflicts          size  tier2          variables
c          MB      restarts       redundant      glue  trail            remaining
c           level        rate           size/glue tier1   irredundant
c 
c } 629.97  0 47 18 27101  8 483099 125626 2.6 15 6 1 2 32% 26357485 13052 77%
c [ 629.97  0 68 18 27101  2 483099 125626 3.5 50 14 1 2 49% 26357485 13052 77%
c ] 636.08  0 66 18 27101  2 491506 133560 3.8 53 14 1 2 48% 26357485 13052 77%
c { 636.08  0 47 18 27101  8 491506 133560 2.6 15 6 1 2 32% 26357485 13052 77%
c F 642.75  0 46 18 27644  7 496069 137720 2.6 16 6 1 2 32% 26357485 13052 77%
c } 646.54  0 46 18 28090  8 499186 140556 2.6 16 6 1 2 32% 26357485 13052 77%
c [ 646.54  0 66 18 28090  2 499186 140556 3.8 53 14 1 2 48% 26357485 13052 77%
c ] 652.81  0 65 18 28093  2 505548 146318 3.8 54 14 1 2 48% 26357485 13052 77%
c { 652.81  0 46 18 28093  8 505548 146318 2.6 16 6 1 2 32% 26357485 13052 77%
c - 661.24  0 46 19 28798  8 510449 84744 2.7 16 6 1 2 32% 26357485 13052 77%
c 2 661.29  0 46 19 28798  8 510449 84738 2.7 16 6 1 2 32% 26356276 13052 77%
c p 662.01  0 46 19 28798  8 510449 137335 2.7 16 6 1 2 32% 26356276 13051 77%
c = 675.43  0 46 19 28798  8 510449 137320 2.7 16 6 1 2 32% 26369155 13040 77%
c u 678.56  0 46 19 28798  8 510449 134841 2.7 16 6 1 2 32% 26369155 13040 77%
c v 682.16  0 46 19 28798  8 510449 134361 2.7 16 6 1 2 32% 26369155 13040 77%
c w 682.17  0 46 19 28798  8 510449 134361 2.7 16 6 1 2 32% 26369155 13040 77%
c t 682.32  0 46 19 28798  8 510449 134349 2.7 16 6 1 2 32% 26353641 13040 77%
c } 685.84  0 46 19 29020  7 513594 137203 2.7 16 6 1 2 32% 26353641 13040 77%
c [ 685.84  0 65 19 29020  2 513594 137203 3.8 54 14 1 2 48% 26353641 13040 77%
c ] 693.24  0 61 19 29027  2 526381 148441 3.7 53 14 1 2 48% 26353640 13040 77%
c 
c  seconds   reductions    conflicts          size  tier2          variables
c          MB      restarts       redundant      glue  trail            remaining
c           level        rate           size/glue tier1   irredundant
c 
c { 693.24  0 46 19 29027  7 526381 148441 2.7 16 6 1 2 32% 26353640 13040 77%
c B 695.22  0 46 19 29211  7 528076 149972 2.7 16 6 1 2 32% 26353639 13040 77%
c } 704.09  0 46 19 30030  7 535018 156321 2.7 17 6 1 2 32% 26353639 13040 77%
c [ 704.09  0 61 19 30030  2 535018 156321 3.7 53 14 1 2 48% 26353639 13040 77%
c ] 710.38  0 59 19 30034  2 541665 162148 3.7 52 14 1 2 49% 26353639 13040 77%
c { 710.38  0 46 19 30034  7 541665 162148 2.7 17 6 1 2 32% 26353639 13040 77%
c } 721.58  0 45 19 31061  7 550636 170285 2.8 17 6 1 2 32% 26353638 13040 77%
c [ 721.58  0 59 19 31061  2 550636 170285 3.7 52 14 1 2 49% 26353638 13040 77%
c B 728.32  0 59 19 31063  2 561080 180054 3.8 55 15 1 2 48% 26353638 13040 77%
c ] 728.41  0 59 19 31063  2 561145 180103 3.8 55 15 1 2 48% 26353638 13040 77%
c { 728.41  0 45 19 31063  7 561145 180103 2.8 17 6 1 2 32% 26353638 13040 77%
c } 739.56  0 45 19 32091  7 569561 187752 2.8 17 6 1 2 32% 26353638 13040 77%
c [ 739.56  0 59 19 32091  2 569561 187752 3.8 55 15 1 2 48% 26353638 13040 77%
c - 744.45  0 58 20 32093  2 571550 91499 3.8 56 15 1 2 48% 26353638 13040 77%
c 2 744.50  0 58 20 32093  2 571550 91496 3.8 56 15 1 2 48% 26353637 13040 77%
c d 744.97  0 58 20 32093  2 571550 91491 3.8 56 15 1 2 48% 26353633 13039 77%
c p 745.79  0 58 20 32093  2 571550 143568 3.8 56 15 1 2 48% 26353633 13039 77%
c = 751.96  0 58 20 32093  2 571550 143565 3.8 56 15 1 2 48% 26353617 13034 77%
c t 752.09  0 58 20 32093  2 571550 143558 3.8 56 15 1 2 48% 26353616 13034 77%
c ] 756.78  0 58 20 32095  2 575607 147246 3.8 56 15 1 2 48% 26353615 13034 77%
c 
c  seconds   reductions    conflicts          size  tier2          variables
c          MB      restarts       redundant      glue  trail            remaining
c           level        rate           size/glue tier1   irredundant
c 
c { 756.78  0 45 20 32095  7 575607 147246 2.8 17 6 1 2 32% 26353615 13034 77%
c } 768.48  0 44 20 33132  7 586819 157403 2.8 18 6 1 2 32% 26353615 13034 77%
c [ 768.48  0 58 20 33132  2 586819 157403 3.8 56 15 1 2 48% 26353615 13034 77%
c ] 775.67  0 57 20 33134  2 592361 162232 3.9 58 15 1 2 49% 26353615 13034 77%
c { 775.67  0 44 20 33134  7 592361 162232 2.8 18 6 1 2 32% 26353615 13034 77%
c W 787.57  0 44 20 33439  7 595081 164734 2.8 18 6 1 2 32% 26353615 13034 77%
c } 795.69  0 44 20 34067  7 600791 169923 2.9 18 6 1 2 33% 26353614 13034 77%
c [ 795.69  0 57 20 34067  2 600791 169923 3.9 58 15 1 2 49% 26353614 13034 77%
c ] 805.03  0 56 20 34074  2 613375 181216 3.8 56 15 1 2 47% 26353614 13034 77%
c { 805.03  0 44 20 34074  7 613375 181216 2.9 18 6 1 2 33% 26353614 13034 77%
c s 809.15  0 44 20 34475  7 615963 183589 2.9 18 6 1 2 33% 26249222 13034 77%
c t 809.45  0 44 20 34475  7 615963 183589 2.9 18 6 1 2 33% 26246764 13034 77%
c e 810.02  0 44 20 34475  7 615963 180583 2.9 18 6 1 2 33% 26246686 12993 77%
c s 810.49  0 44 20 34475  7 615963 180583 2.9 18 6 1 2 33% 26160787 12993 77%
c } 820.71  0 44 20 35392  7 623105 187160 2.9 19 6 1 2 32% 26160786 12993 77%
c [ 820.71  0 56 20 35392  2 623105 187160 3.8 56 15 1 2 47% 26160786 12993 77%
c ] 829.01  0 60 20 35393  2 628902 192467 3.7 56 15 1 2 48% 26160786 12993 77%
c { 829.01  0 44 20 35393  7 628902 192467 2.9 19 6 1 2 32% 26160786 12993 77%
c # 829.66  0 43 20 35447  7 630084 193401 2.9 19 6 1 2 33% 26160786 12993 77%
c - 837.24  0 42 21 35967  7 636203 101991 2.9 19 6 1 2 34% 26160786 12993 77%
c 
c  seconds   reductions    conflicts          size  tier2          variables
c          MB      restarts       redundant      glue  trail            remaining
c           level        rate           size/glue tier1   irredundant
c 
c 2 837.29  0 42 21 35967  7 636203 101984 2.9 19 6 1 2 34% 26160466 12993 77%
c p 837.90  0 42 21 35967  7 636203 128311 2.9 19 6 1 2 34% 26160466 12993 77%
c u 857.57  0 42 21 35967  7 636203 126528 2.9 19 6 1 2 34% 26174507 12993 77%
c v 860.22  0 42 21 35967  7 636203 126205 2.9 19 6 1 2 34% 26174507 12993 77%
c t 860.37  0 42 21 35967  7 636203 126182 2.9 19 6 1 2 34% 26159473 12993 77%
c } 865.54  0 42 21 36416  7 641407 130916 2.9 19 6 1 2 34% 26159473 12993 77%
c [ 865.54  0 60 21 36416  2 641407 130916 3.7 56 15 1 2 48% 26159473 12993 77%
c ] 872.88  0 57 21 36417  2 648057 137188 3.9 57 15 1 2 48% 26159473 12993 77%
c { 872.88  0 42 21 36417  7 648057 137188 2.9 19 6 1 2 34% 26159473 12993 77%
c } 886.12  0 42 21 37692  7 658707 146876 2.9 19 7 1 2 34% 26159473 12993 77%
c [ 886.12  0 57 21 37692  2 658707 146876 3.9 57 15 1 2 48% 26159473 12993 77%
c W 893.81  0 61 21 37692  2 666086 153772 3.7 56 15 1 2 46% 26159473 12993 77%
c ] 900.84  0 61 21 37693  2 691593 175972 3.5 55 16 1 2 52% 26159473 12993 77%
c { 900.84  0 42 21 37693  7 691593 175972 2.9 19 7 1 2 34% 26159473 12993 77%
c i 904.76  0 42 21 38083  7 694791 178794 3.0 20 7 1 2 34% 26159473 12992 77%
c B 913.26  0 42 21 38978  7 703088 186155 3.0 20 7 1 2 35% 26159473 12992 77%
c } 914.77  0 42 21 39111  7 704136 187113 3.0 20 7 1 2 35% 26159473 12992 77%
c [ 914.77  0 61 21 39111  2 704136 187113 3.5 55 16 1 2 52% 26159473 12992 77%
c - 916.22  0 61 22 39111  2 704350 111632 3.5 55 16 1 2 52% 26159464 12992 77%
c d 916.71  0 61 22 39111  2 704350 111627 3.5 55 16 1 2 52% 26159462 12991 77%
c 
c  seconds   reductions    conflicts          size   tier2          variables
c          MB      restarts       redundant      glue   trail            remaining
c           level        rate           size/glue  tier1   irredundant
c 
c p 917.11  0 61 22 39111  2 704350 130157 3.5 55 16 1 2 52% 26159462 12991 77%
c k 917.16  0 61 22 39111  2 704350 130157 3.5 55 16 1 2 52% 26159462 12990 77%
c 2 917.20  0 61 22 39111  2 704350 130157 3.5 55 16 1 2 52% 26159461 12990 77%
c t 917.30  0 61 22 39111  2 704350 130155 3.5 55 16 1 2 52% 26159455 12990 77%
c ] 928.44  0 68 22 39112  2 726133 149922 3.3 54 16 1 2 48% 26159455 12990 77%
c { 928.44  0 42 22 39112  7 726133 149922 3.0 20 7 1 2 35% 26159455 12990 77%
c } 942.15  0 42 22 40288  7 737381 160210 3.1 21 7 1 2 35% 26159455 12990 77%
c [ 942.15  0 68 22 40288  2 737381 160210 3.3 54 16 1 2 48% 26159455 12990 77%
c O 945.01  0 67 22 40288  2 741089 163620 3.3 53 16 1 2 47% 26159455 12990 77%
c ] 952.51  0 65 22 40288  2 751690 173211 3.2 52 16 1 2 45% 26159455 12990 77%
c { 952.51  0 42 22 40288  7 751690 173211 3.1 21 7 1 2 35% 26159455 12990 77%
c } 966.18  0 41 22 41410  7 763814 184197 3.1 21 7 1 2 35% 26159455 12990 77%
c [ 966.18  0 65 22 41410  2 763814 184197 3.2 52 16 1 2 45% 26159455 12990 77%
c - 976.11  0 62 23 41410  2 776057 117460 3.5 55 16 1 2 45% 25773107 12990 77%
c 2 976.15  0 62 23 41410  2 776057 117460 3.5 55 16 1 2 45% 25773107 12989 77%
c d 976.62  0 62 23 41410  2 776057 117449 3.5 55 16 1 2 45% 25773092 12986 77%
c d 977.05  0 62 23 41410  2 776057 117449 3.5 55 16 1 2 45% 25773089 12985 77%
c p 977.73  0 62 23 41410  2 776057 154714 3.5 55 16 1 2 45% 25773089 12984 77%
c 2 977.84  0 62 23 41410  2 776057 154704 3.5 55 16 1 2 45% 25773089 12984 77%
c = 984.67  0 62 23 41410  2 776057 154691 3.5 55 16 1 2 45% 25773075 12983 77%
c 
c  seconds   reductions    conflicts          size   tier2          variables
c          MB      restarts       redundant      glue   trail            remaining
c           level        rate           size/glue  tier1   irredundant
c 
c u 987.68  0 62 23 41410  2 776057 154065 3.5 55 16 1 2 45% 25773075 12983 77%
c v 989.03  0 62 23 41410  2 776057 153902 3.5 55 16 1 2 45% 25773075 12983 77%
c w 989.07  0 62 23 41410  2 776057 153902 3.5 55 16 1 2 45% 25773075 12983 77%
c t 990.94  0 62 23 41410  2 776057 153892 3.5 55 16 1 2 45% 25772941 12983 77%
c ] 992.11  0 62 23 41410  2 776769 154541 3.4 55 16 1 2 46% 25772941 12983 77%
c { 992.11  0 41 23 41410  7 776769 154541 3.1 21 7 1 2 35% 25772941 12983 77%
c W 1005.98  0 41 23 41819  7 780092 157590 3.1 21 7 1 2 35% 25772941 12983 77%
c } 1016.07  0 41 23 42716  7 789922 166356 3.1 21 7 1 2 35% 25772939 12983 77%
c [ 1016.07  0 62 23 42716  2 789922 166356 3.4 55 16 1 2 46% 25772939 12983 77%
c s 1017.40  0 62 23 42716  2 791571 167911 3.5 55 16 1 2 45% 25693709 12983 77%
c t 1017.69  0 62 23 42716  2 791571 167910 3.5 55 16 1 2 45% 25693024 12983 77%
c e 1018.22  0 62 23 42716  2 791571 164644 3.5 55 16 1 2 45% 25692927 12955 77%
c s 1018.68  0 62 23 42716  2 791571 164644 3.5 55 16 1 2 45% 25619481 12955 77%
c ] 1027.89  0 72 23 42716  2 797076 169688 3.4 60 18 1 2 47% 25619481 12955 77%
c { 1027.89  0 41 23 42716  7 797076 169688 3.1 21 7 1 2 35% 25619481 12955 77%
c } 1042.90  0 40 23 43922  6 810522 181917 3.2 22 7 1 2 35% 25619481 12955 77%
c [ 1042.90  0 72 23 43922  2 810522 181917 3.4 60 18 1 2 47% 25619481 12955 77%
c ] 1052.30  0 71 23 43922  2 818231 188657 3.3 59 18 1 2 48% 25619481 12955 77%
c { 1052.30  0 40 23 43922  6 818231 188657 3.2 22 7 1 2 35% 25619481 12955 77%
c F 1054.74  0 40 23 44187  6 820093 190378 3.2 22 7 1 2 35% 25619481 12955 77%
c 
c   seconds   reductions    conflicts          size  tier2          variables
c           MB      restarts       redundant      glue  trail            remaining
c            level        rate           size/glue tier1   irredundant
c 
c } 1067.54  0 40 23 45266  6 832568 201515 3.3 23 7 1 2 35% 25619480 12955 77%
c [ 1067.54  0 71 23 45266  2 832568 201515 3.3 59 18 1 2 48% 25619480 12955 77%
c ] 1077.75  0 66 23 45267  2 850796 218890 3.6 63 17 1 2 45% 25619480 12955 77%
c { 1077.75  0 40 23 45267  6 850796 218890 3.3 23 7 1 2 35% 25619480 12955 77%
c - 1080.04  0 40 24 45317  6 851181 125392 3.3 23 7 1 2 35% 25619480 12955 77%
c 2 1080.09  0 40 24 45317  6 851181 125386 3.3 23 7 1 2 35% 25619381 12955 77%
c p 1080.95  0 40 24 45317  6 851181 173317 3.3 23 7 1 2 35% 25619381 12955 77%
c c 1086.66  0 40 24 45317  6 851181 173317 3.3 23 7 1 2 35% 25633212 12955 77%
c d 1087.17  0 40 24 45317  6 851181 173316 3.3 23 7 1 2 35% 25633208 12953 77%
c 2 1087.27  0 40 24 45317  6 851181 172852 3.3 23 7 1 2 35% 25633208 12953 77%
c = 1096.74  0 40 24 45317  6 851181 172852 3.3 23 7 1 2 35% 25633203 12951 77%
c u 1099.39  0 40 24 45317  6 851181 170558 3.3 23 7 1 2 35% 25633203 12951 77%
c v 1100.10  0 40 24 45317  6 851181 170509 3.3 23 7 1 2 35% 25633203 12951 77%
c w 1100.11  0 40 24 45317  6 851181 170509 3.3 23 7 1 2 35% 25633203 12951 77%
c t 1100.26  0 40 24 45317  6 851181 170493 3.3 23 7 1 2 35% 25619137 12951 77%
c B 1111.58  0 39 24 46054  6 861094 179428 3.3 24 7 1 2 35% 25619136 12951 77%
c } 1113.64  0 39 24 46221  6 863545 181623 3.4 24 7 1 2 35% 25619136 12951 77%
c [ 1113.64  0 66 24 46221  2 863545 181623 3.6 63 17 1 2 45% 25619136 12951 77%
c i 1114.64  0 66 24 46222  2 864801 182568 3.6 62 17 1 2 46% 25619136 12950 77%
c ] 1122.97  0 64 24 46226  2 871355 188074 3.6 60 17 1 2 47% 25619136 12950 77%
c 
c   seconds   reductions    conflicts          size  tier2          variables
c           MB      restarts       redundant      glue  trail            remaining
c            level        rate           size/glue tier1   irredundant
c 
c { 1122.97  0 39 24 46226  6 871355 188074 3.4 24 7 1 2 35% 25619136 12950 77%
c } 1137.51  0 38 24 47300  6 885568 200551 3.4 24 7 1 2 37% 25619136 12950 77%
c [ 1137.51  0 64 24 47300  2 885568 200551 3.6 60 17 1 2 47% 25619136 12950 77%
c ] 1148.29  0 58 24 47308  2 899381 212629 3.5 56 16 1 2 45% 25619136 12950 77%
c { 1148.29  0 38 24 47308  6 899381 212629 3.4 24 7 1 2 37% 25619136 12950 77%
c W 1159.38  0 38 24 47570  6 903095 211907 3.4 24 7 1 2 37% 25174417 12950 77%
c } 1170.96  0 38 24 48521  6 912467 220425 3.4 25 7 1 2 37% 25174416 12950 77%
c [ 1170.96  0 58 24 48521  2 912467 220425 3.5 56 16 1 2 45% 25174416 12950 77%
c - 1181.08  0 55 25 48527  2 929798 130245 3.6 56 16 1 2 45% 25174416 12950 77%
c 2 1181.12  0 55 25 48527  2 929798 130242 3.6 56 16 1 2 45% 25174415 12950 77%
c d 1181.57  0 55 25 48527  2 929798 130240 3.6 56 16 1 2 45% 25174409 12947 77%
c p 1182.53  0 55 25 48527  2 929798 183111 3.6 56 16 1 2 45% 25174409 12947 77%
c 2 1182.67  0 55 25 48527  2 929798 183102 3.6 56 16 1 2 45% 25174409 12947 77%
c u 1194.75  0 55 25 48527  2 929798 182525 3.6 56 16 1 2 45% 25174409 12947 77%
c v 1194.81  0 55 25 48527  2 929798 182524 3.6 56 16 1 2 45% 25174409 12947 77%
c w 1194.82  0 55 25 48527  2 929798 182524 3.6 56 16 1 2 45% 25174409 12947 77%
c t 1194.92  0 55 25 48527  2 929798 182507 3.6 56 16 1 2 45% 25174408 12947 77%
c ] 1198.08  0 56 25 48528  2 931515 184090 3.6 56 16 1 2 45% 25174408 12947 77%
c { 1198.08  0 38 25 48528  6 931515 184090 3.4 25 7 1 2 37% 25174408 12947 77%
c # 1212.83  0 37 25 49706  6 946097 197193 3.5 25 7 1 2 37% 25174407 12947 77%
c 
c   seconds   reductions    conflicts          size  tier2          variables
c           MB      restarts       redundant      glue  trail            remaining
c            level        rate           size/glue tier1   irredundant
c 
c } 1214.81  0 37 25 49886  6 947411 198424 3.5 26 7 1 2 37% 25174407 12947 77%
c [ 1214.81  0 56 25 49886  2 947411 198424 3.6 56 16 1 2 45% 25174407 12947 77%
c ] 1225.30  0 56 25 49892  2 958284 208048 3.7 59 16 1 2 47% 25174407 12947 77%
c { 1225.30  0 37 25 49892  6 958284 208048 3.5 26 7 1 2 37% 25174407 12947 77%
c } 1240.78  0 37 25 50918  6 970617 219063 3.6 26 7 1 2 37% 25174407 12947 77%
c [ 1240.78  0 56 25 50918  2 970617 219063 3.7 59 16 1 2 47% 25174407 12947 77%
c ] 1250.92  0 55 25 50920  2 976900 224816 3.8 60 16 1 2 48% 25174407 12947 77%
c { 1250.92  0 37 25 50920  6 976900 224816 3.6 26 7 1 2 37% 25174407 12947 77%
c s 1265.58  0 37 25 51967  6 988664 235467 3.7 27 7 1 2 37% 25093980 12947 77%
c t 1265.87  0 37 25 51967  6 988664 235466 3.7 27 7 1 2 37% 25092507 12947 77%
c e 1266.39  0 37 25 51967  6 988664 232761 3.7 27 7 1 2 37% 25092333 12900 77%
c s 1266.86  0 37 25 51967  6 988664 232760 3.7 27 7 1 2 37% 25017306 12900 77%
c B 1268.71  0 37 25 52028  6 990098 234045 3.6 27 7 1 2 37% 25017306 12900 77%
c } 1270.18  0 36 25 52144  6 991503 235287 3.7 27 7 1 2 37% 25017306 12900 77%
c [ 1270.18  0 55 25 52144  2 991503 235287 3.8 60 16 1 2 48% 25017306 12900 77%
c ] 1281.40  0 63 25 52146  2 1001401 244141 3.4 65 19 1 2 49% 25017306 12900 77%
c { 1281.40  0 36 25 52146  6 1001401 244141 3.7 27 7 1 2 37% 25017306 12900 77%
c - 1295.65  0 37 26 53291  6 1011781 140299 3.7 27 7 1 2 37% 25017305 12900 77%
c 2 1295.69  0 37 26 53291  6 1011781 140288 3.7 27 7 1 2 37% 25017035 12900 77%
c p 1296.59  0 37 26 53291  6 1011781 180458 3.7 27 7 1 2 37% 25017035 12900 77%
c 
c   seconds   reductions     conflicts          size  tier2          variables
c           MB      restarts        redundant      glue  trail            remaining
c            level        rate            size/glue tier1   irredundant
c 
c u 1305.24  0 37 26 53291  6 1011781 178669 3.7 27 7 1 2 37% 25029128 12900 77%
c t 1305.38  0 37 26 53291  6 1011781 178663 3.7 27 7 1 2 37% 25016136 12900 77%
c } 1309.84  0 36 26 53570  6 1016694 183048 3.7 27 7 1 2 37% 25016136 12900 77%
c [ 1309.84  0 63 26 53570  2 1016694 183048 3.4 65 19 1 2 49% 25016136 12900 77%
c B 1320.55  0 59 26 53573  2 1035099 200256 3.5 64 18 1 2 48% 25016136 12900 77%
c ] 1322.15  0 59 26 53573  2 1036718 201632 3.5 63 18 1 2 48% 25016136 12900 77%
c { 1322.15  0 36 26 53573  6 1036718 201632 3.7 27 7 1 2 37% 25016136 12900 77%
c } 1339.83  0 36 26 54887  5 1054050 217061 3.7 28 7 1 2 37% 25016136 12900 77%
c [ 1339.83  0 59 26 54887  2 1054050 217061 3.5 63 18 1 2 48% 25016136 12900 77%
c ] 1351.95  0 53 26 54898  2 1071737 231958 3.3 57 17 1 2 50% 25016136 12900 77%
c { 1351.95  0 36 26 54898  5 1071737 231958 3.7 28 7 1 2 37% 25016136 12900 77%
c W 1383.25  0 36 26 55499  5 1081101 240196 3.7 28 7 1 2 37% 25016135 12900 77%
c } 1391.40  0 36 26 56108  5 1088839 247319 3.7 28 7 1 2 36% 25016134 12900 77%
c [ 1391.40  0 53 26 56108  2 1088839 247319 3.3 57 17 1 2 50% 25016134 12900 77%
c - 1398.64  0 51 27 56109  2 1097236 146403 3.4 57 17 1 2 48% 25016134 12900 77%
c p 1400.04  0 51 27 56109  2 1097236 205354 3.4 57 17 1 2 48% 25016134 12899 77%
c = 1408.49  0 51 27 56109  2 1097236 205354 3.4 57 17 1 2 48% 25016109 12893 76%
c u 1410.64  0 51 27 56109  2 1097236 204974 3.4 57 17 1 2 48% 25016109 12893 76%
c v 1410.76  0 51 27 56109  2 1097236 204970 3.4 57 17 1 2 48% 25016109 12893 76%
c w 1410.82  0 51 27 56109  2 1097236 204970 3.4 57 17 1 2 48% 25016109 12893 76%
c 
c   seconds   reductions     conflicts          size   tier2          variables
c           MB      restarts        redundant      glue   trail            remaining
c            level        rate            size/glue  tier1   irredundant
c 
c x 1412.80  0 51 27 56109  2 1097236 204970 3.4 57 17 1 2 48% 25015994 12893 76%
c t 1412.90  0 51 27 56109  2 1097236 204964 3.4 57 17 1 2 48% 25015994 12893 76%
c ] 1420.05  0 54 27 56113  2 1105578 212571 3.3 57 17 1 2 49% 25015994 12893 76%
c { 1420.05  0 36 27 56113  5 1105578 212571 3.7 28 7 1 2 36% 25015994 12893 76%
c } 1438.38  0 35 27 57439  5 1122124 227340 3.7 28 8 1 2 36% 25015994 12893 76%
c [ 1438.38  0 54 27 57439  2 1122124 227340 3.3 57 17 1 2 49% 25015994 12893 76%
c W 1447.96  0 54 27 57442  2 1128103 232517 3.3 57 17 1 2 49% 25015994 12893 76%
c ] 1455.83  0 51 27 57450  2 1149848 251053 3.1 54 17 1 2 51% 25015994 12893 76%
c { 1455.83  0 35 27 57450  5 1149848 251053 3.7 28 8 1 2 36% 25015994 12893 76%
c } 1474.71  0 36 27 58841  5 1164264 264046 3.8 29 8 1 2 36% 25015994 12893 76%
c [ 1474.71  0 51 27 58841  2 1164264 264046 3.1 54 17 1 2 51% 25015994 12893 76%
c ] 1486.82  0 52 27 58842  2 1171049 270328 3.3 59 18 1 2 52% 25015994 12893 76%
c { 1486.82  0 36 27 58842  5 1171049 270328 3.8 29 8 1 2 36% 25015994 12893 76%
c F 1492.82  0 35 27 59314  5 1176104 274861 3.8 29 8 1 2 36% 25015994 12893 76%
c - 1506.05  0 36 28 60218  5 1186225 153801 3.8 30 8 1 2 36% 25015994 12893 76%
c 2 1506.09  0 36 28 60218  5 1186225 153787 3.8 30 8 1 2 36% 25015993 12893 76%
c p 1506.88  0 36 28 60218  5 1186225 190200 3.8 30 8 1 2 36% 25015993 12893 76%
c = 1517.69  0 36 28 60218  5 1186225 190199 3.8 30 8 1 2 36% 25015969 12888 76%
c u 1521.07  0 36 28 60218  5 1186225 189021 3.8 30 8 1 2 36% 25015969 12888 76%
c v 1521.11  0 36 28 60218  5 1186225 189020 3.8 30 8 1 2 36% 25015969 12888 76%
c 
c   seconds   reductions     conflicts          size  tier2          variables
c           MB      restarts        redundant      glue  trail            remaining
c            level        rate            size/glue tier1   irredundant
c 
c w 1521.14  0 36 28 60218  5 1186225 189020 3.8 30 8 1 2 36% 25015969 12888 76%
c t 1521.23  0 36 28 60218  5 1186225 189014 3.8 30 8 1 2 36% 25015968 12888 76%
c } 1522.41  0 36 28 60307  5 1187079 189738 3.8 30 8 1 2 36% 25015968 12888 76%
c [ 1522.41  0 52 28 60307  2 1187079 189738 3.3 59 18 1 2 52% 25015968 12888 76%
c s 1528.52  0 48 28 60308  2 1207092 208053 3.2 53 17 1 2 47% 24927162 12888 76%
c t 1528.82  0 48 28 60308  2 1207092 208053 3.2 53 17 1 2 47% 24925047 12888 76%
c e 1529.36  0 48 28 60308  2 1207092 207357 3.2 53 17 1 2 47% 24924970 12861 76%
c s 1529.83  0 48 28 60308  2 1207092 207357 3.2 53 17 1 2 47% 24845432 12861 76%
c I 1539.55  0 59 28 60308  2 1225106 224195 3.2 57 18 1 2 44% 24845432 12861 76%
c ] 1543.03  0 59 28 60310  2 1233462 231915 3.3 58 18 1 2 44% 24845432 12861 76%
c { 1543.03  0 36 28 60310  5 1233462 231915 3.8 30 8 1 2 36% 24845432 12861 76%
c } 1561.99  0 35 28 61286  5 1248212 245107 3.9 30 8 1 2 35% 24845431 12861 76%
c [ 1561.99  0 59 28 61286  2 1248212 245107 3.3 58 18 1 2 44% 24845431 12861 76%
c ] 1579.22  0 53 28 61298  2 1270940 264304 3.3 54 16 1 2 44% 24845431 12861 76%
c { 1579.22  0 35 28 61298  5 1270940 264304 3.9 30 8 1 2 35% 24845431 12861 76%
c B 1583.84  0 35 28 61630  5 1275110 268088 3.9 30 8 1 2 35% 24845431 12861 76%
c - 1589.01  0 35 29 61962  5 1278751 159079 3.9 30 8 1 2 35% 24845431 12861 76%
c 2 1589.06  0 35 29 61962  5 1278751 159076 3.9 30 8 1 2 35% 24845222 12861 76%
c p 1589.81  0 35 29 61962  5 1278751 193628 3.9 30 8 1 2 35% 24845222 12861 76%
c t 1601.16  0 35 29 61962  5 1278751 193627 3.9 30 8 1 2 35% 24844562 12861 76%
c 
c   seconds   reductions     conflicts          size  tier2          variables
c           MB      restarts        redundant      glue  trail            remaining
c            level        rate            size/glue tier1   irredundant
c 
c } 1613.93  0 35 29 62841  5 1291478 205062 3.9 30 8 1 2 35% 24844560 12861 76%
c [ 1613.93  0 53 29 62841  2 1291478 205062 3.3 54 16 1 2 44% 24844560 12861 76%
c ] 1629.87  0 50 29 62849  2 1312964 223674 3.3 54 16 1 2 44% 24844560 12861 76%
c { 1629.87  0 35 29 62849  5 1312964 223674 3.9 30 8 1 2 35% 24844560 12861 76%
c W 1657.90  0 35 29 63872  5 1326113 235459 3.9 31 8 1 2 36% 24844559 12861 76%
c } 1664.23  0 35 29 64340  5 1331214 240057 3.9 31 8 1 2 36% 24844559 12861 76%
c [ 1664.23  0 50 29 64340  2 1331214 240057 3.3 54 16 1 2 44% 24844559 12861 76%
c i 1670.08  0 49 29 64343  2 1334592 242716 3.3 53 16 1 2 45% 24844559 12860 76%
c ] 1677.48  0 49 29 64346  2 1339409 246871 3.3 52 16 1 2 46% 24844559 12860 76%
c { 1677.48  0 35 29 64346  5 1339409 246871 3.9 31 8 1 2 36% 24844559 12860 76%
c i 1681.02  0 34 29 64432  5 1342735 249358 3.9 31 8 1 2 37% 24844559 12859 76%
c } 1697.23  0 35 29 65602  5 1356385 261652 4.0 32 8 1 2 37% 24844559 12859 76%
c [ 1697.23  0 49 29 65602  2 1356385 261652 3.3 52 16 1 2 46% 24844559 12859 76%
c ] 1710.99  0 48 29 65604  2 1367437 271183 3.1 51 16 1 2 47% 24844559 12859 76%
c { 1710.99  0 35 29 65604  5 1367437 271183 4.0 32 8 1 2 37% 24844559 12859 76%
c i 1716.01  0 34 29 65809  5 1371024 274146 4.0 32 8 1 2 37% 24844559 12852 76%
c - 1722.26  0 35 30 66208  5 1374734 159099 4.0 32 8 1 2 37% 23754632 12852 76%
c 2 1722.30  0 35 30 66208  5 1374734 159098 4.0 32 8 1 2 37% 23754632 12852 76%
c d 1722.75  0 35 30 66208  5 1374734 159098 4.0 32 8 1 2 37% 23754628 12850 76%
c p 1723.77  0 35 30 66208  5 1374734 210676 4.0 32 8 1 2 37% 23754628 12850 76%
c 
c   seconds   reductions     conflicts          size  tier2          variables
c           MB      restarts        redundant      glue  trail            remaining
c            level        rate            size/glue tier1   irredundant
c 
c 2 1723.96  0 35 30 66208  5 1374734 210579 4.0 32 8 1 2 37% 23754628 12850 76%
c u 1726.84  0 35 30 66208  5 1374734 208132 4.0 32 8 1 2 37% 23754628 12849 76%
c v 1726.84  0 35 30 66208  5 1374734 208132 4.0 32 8 1 2 37% 23754628 12849 76%
c t 1726.94  0 35 30 66208  5 1374734 207894 4.0 32 8 1 2 37% 23754628 12849 76%
c # 1730.90  0 34 30 66454  5 1378114 210916 4.0 32 8 1 2 37% 23754628 12849 76%
c } 1737.61  0 35 30 66842  5 1384705 216927 4.1 33 8 1 2 37% 23754628 12849 76%
c [ 1737.61  0 48 30 66842  2 1384705 216927 3.1 51 16 1 2 47% 23754628 12849 76%
c ] 1755.18  0 46 30 66849  2 1411828 241310 3.1 51 16 1 2 45% 23754628 12849 76%
c { 1755.18  0 35 30 66849  5 1411828 241310 4.1 33 8 1 2 37% 23754628 12849 76%
c B 1774.15  0 34 30 68000  5 1431117 258567 4.1 33 8 1 2 37% 23754628 12849 76%
c i 1775.64  0 34 30 68035  5 1432648 259761 4.1 32 8 1 2 37% 23754628 12848 76%
c } 1775.67  0 34 30 68035  5 1432648 259761 4.1 32 8 1 2 37% 23754628 12848 76%
c [ 1775.67  0 46 30 68035  2 1432648 259761 3.1 51 16 1 2 45% 23754628 12848 76%
c ] 1790.59  0 46 30 68042  2 1444184 269764 3.1 51 17 1 2 46% 23754628 12848 76%
c { 1790.59  0 34 30 68042  5 1444184 269764 4.1 32 8 1 2 37% 23754628 12848 76%
c s 1794.65  0 34 30 68333  5 1447240 272521 4.1 32 8 1 2 37% 23688358 12848 76%
c t 1794.94  0 34 30 68333  5 1447240 272521 4.1 32 8 1 2 37% 23687618 12848 76%
c e 1795.48  0 34 30 68333  5 1447240 265967 4.1 32 8 1 2 37% 23306883 12840 76%
c s 1795.99  0 34 30 68333  5 1447240 265967 4.1 32 8 1 2 37% 23250466 12840 76%
c } 1816.31  0 34 30 69721  5 1466107 282883 4.2 33 8 1 2 37% 23250466 12840 76%
c 
c   seconds   reductions     conflicts          size   tier2          variables
c           MB      restarts        redundant      glue   trail            remaining
c            level        rate            size/glue  tier1   irredundant
c 
c [ 1816.31  0 46 30 69721  2 1466107 282883 3.1 51 17 1 2 46% 23250466 12840 76%
c ] 1830.25  0 47 30 69723  2 1473578 289677 3.1 53 17 1 2 47% 23250466 12840 76%
c { 1830.25  0 34 30 69723  5 1473578 289677 4.2 33 8 1 2 37% 23250466 12840 76%
c - 1831.78  0 34 31 69733  5 1473686 163614 4.2 33 8 1 2 37% 23250466 12840 76%
c 2 1831.82  0 34 31 69733  5 1473686 163611 4.2 33 8 1 2 37% 23250312 12840 76%
c d 1832.22  0 34 31 69733  5 1473686 163609 4.2 33 8 1 2 37% 23250312 12839 76%
c p 1833.32  0 34 31 69733  5 1473686 196355 4.2 33 8 1 2 37% 23250312 12839 76%
c 2 1833.39  0 34 31 69733  5 1473686 196352 4.2 33 8 1 2 37% 23250312 12839 76%
c = 1844.98  0 34 31 69733  5 1473686 196333 4.2 33 8 1 2 37% 23250304 12837 76%
c u 1849.06  0 34 31 69733  5 1473686 195013 4.2 33 8 1 2 37% 23250304 12837 76%
c v 1849.14  0 34 31 69733  5 1473686 195009 4.2 33 8 1 2 37% 23250304 12837 76%
c w 1849.14  0 34 31 69733  5 1473686 195009 4.2 33 8 1 2 37% 23250304 12837 76%
c t 1849.23  0 34 31 69733  5 1473686 194997 4.2 33 8 1 2 37% 23249939 12837 76%
c W 1874.36  0 33 31 70351  5 1485120 205280 4.2 34 8 1 2 37% 23249939 12837 76%
c } 1886.89  0 33 31 71064  5 1496468 215204 4.2 34 8 1 2 37% 23249939 12837 76%
c [ 1886.89  0 47 31 71064  2 1496468 215204 3.1 53 17 1 2 47% 23249939 12837 76%
c ] 1901.12  0 44 31 71066  2 1504897 223015 3.3 54 17 1 2 47% 23249939 12837 76%
c { 1901.12  0 33 31 71066  5 1504897 223015 4.2 34 8 1 2 37% 23249939 12837 76%
c } 1924.01  0 33 31 72440  5 1526211 242238 4.2 34 8 1 2 37% 23249939 12837 76%
c [ 1924.01  0 44 31 72440  2 1526211 242238 3.3 54 17 1 2 47% 23249939 12837 76%
c 
c   seconds   reductions     conflicts          size   tier2          variables
c           MB      restarts        redundant      glue   trail            remaining
c            level        rate            size/glue  tier1   irredundant
c 
c B 1936.39  0 51 31 72448  2 1540122 255085 3.3 57 17 1 2 47% 23249939 12837 76%
c ] 1941.25  0 50 31 72451  2 1543609 257991 3.2 56 17 1 2 47% 23249939 12837 76%
c { 1941.25  0 33 31 72451  5 1543609 257991 4.2 34 8 1 2 37% 23249939 12837 76%
c i 1951.53  0 32 31 73056  4 1554079 267073 4.2 33 8 1 2 38% 23249939 12836 76%
c } 1965.53  0 32 31 74064  4 1568458 279951 4.2 34 8 1 2 37% 23249939 12836 76%
c [ 1965.53  0 50 31 74064  2 1568458 279951 3.2 56 17 1 2 47% 23249939 12836 76%
c - 1970.97  0 49 32 74066  2 1575850 172590 3.3 55 17 1 2 47% 23249928 12836 76%
c d 1971.45  0 49 32 74066  2 1575850 172587 3.3 55 17 1 2 47% 23249924 12835 76%
c p 1972.43  0 49 32 74066  2 1575850 217128 3.3 55 17 1 2 47% 23249924 12835 76%
c = 1983.59  0 49 32 74066  2 1575850 217114 3.3 55 17 1 2 47% 23249906 12825 76%
c u 1987.59  0 49 32 74066  2 1575850 216159 3.3 55 17 1 2 47% 23249906 12825 76%
c v 1989.60  0 49 32 74066  2 1575850 215995 3.3 55 17 1 2 47% 23249906 12825 76%
c w 1989.67  0 49 32 74066  2 1575850 215995 3.3 55 17 1 2 47% 23249906 12825 76%
c t 1989.75  0 49 32 74066  2 1575850 215984 3.3 55 17 1 2 47% 23249906 12825 76%
c ] 2002.72  0 53 32 74067  2 1588394 227446 3.1 60 19 1 2 47% 23249906 12825 76%
c { 2002.72  0 32 32 74067  4 1588394 227446 4.2 34 8 1 2 37% 23249906 12825 76%
c F 2010.71  0 32 32 74594  4 1596123 234364 4.2 34 8 1 2 37% 23249906 12825 76%
c } 2026.22  0 32 32 75504  4 1611206 247424 4.2 34 8 1 2 38% 23249906 12825 76%
c [ 2026.22  0 53 32 75504  2 1611206 247424 3.1 60 19 1 2 47% 23249906 12825 76%
c ] 2046.52  0 46 32 75505  2 1646404 279296 3.5 61 18 1 2 46% 23249906 12825 76%
c 
c   seconds   reductions     conflicts          size  tier2          variables
c           MB      restarts        redundant      glue  trail            remaining
c            level        rate            size/glue tier1   irredundant
c 
c { 2046.52  0 32 32 75505  4 1646404 279296 4.2 34 8 1 2 38% 23249906 12825 76%
c B 2053.14  0 32 32 75928  4 1653125 285060 4.2 34 8 1 2 38% 23249906 12825 76%
c } 2071.33  0 32 32 77104  4 1670510 300290 4.1 33 8 1 2 38% 23249906 12825 76%
c [ 2071.33  0 46 32 77104  2 1670510 300290 3.5 61 18 1 2 46% 23249906 12825 76%
c - 2080.29  0 44 33 77105  2 1681498 179307 3.6 61 17 1 2 47% 23249906 12825 76%
c 2 2080.33  0 44 33 77105  2 1681498 179294 3.6 61 17 1 2 47% 23249906 12825 76%
c p 2081.42  0 44 33 77105  2 1681498 210175 3.6 61 17 1 2 47% 23249906 12825 76%
c c 2086.72  0 44 33 77105  2 1681498 210175 3.6 61 17 1 2 47% 23259640 12825 76%
c d 2087.16  0 44 33 77105  2 1681498 210173 3.6 61 17 1 2 47% 23259638 12824 76%
c 2 2087.25  0 44 33 77105  2 1681498 210171 3.6 61 17 1 2 47% 23259636 12824 76%
c = 2088.88  0 44 33 77105  2 1681498 210146 3.6 61 17 1 2 47% 23259636 12818 76%
c u 2091.29  0 44 33 77105  2 1681498 209437 3.6 61 17 1 2 47% 23259636 12818 76%
c v 2092.50  0 44 33 77105  2 1681498 209356 3.6 61 17 1 2 47% 23259636 12818 76%
c w 2092.51  0 44 33 77105  2 1681498 209356 3.6 61 17 1 2 47% 23259636 12818 76%
c x 2094.35  0 44 33 77105  2 1681498 209355 3.6 61 17 1 2 47% 23259505 12818 76%
c t 2094.45  0 44 33 77105  2 1681498 209344 3.6 61 17 1 2 47% 23249777 12818 76%
c ] 2104.85  0 46 33 77105  2 1690242 217121 3.4 61 18 1 2 48% 23249777 12818 76%
c { 2104.85  0 32 33 77105  4 1690242 217121 4.1 33 8 1 2 38% 23249777 12818 76%
c s 2123.31  0 32 33 78224  4 1706979 232262 4.1 33 8 1 2 37% 23194856 12818 76%
c t 2123.58  0 32 33 78224  4 1706979 232262 4.1 33 8 1 2 37% 23193947 12818 76%
c 
c   seconds   reductions     conflicts          size  tier2          variables
c           MB      restarts        redundant      glue  trail            remaining
c            level        rate            size/glue tier1   irredundant
c 
c e 2124.08  0 32 33 78224  4 1706979 230944 4.1 33 8 1 2 37% 23193914 12803 76%
c s 2124.54  0 32 33 78224  4 1706979 230943 4.1 33 8 1 2 37% 23133970 12803 76%
c W 2142.16  0 32 33 78641  4 1711131 234729 4.1 33 8 1 2 37% 23133970 12803 76%
c } 2145.22  0 32 33 78868  4 1714101 237288 4.1 33 8 1 2 37% 23133970 12803 76%
c [ 2145.22  0 46 33 78868  2 1714101 237288 3.4 61 18 1 2 48% 23133970 12803 76%
c ] 2161.95  0 44 33 78868  2 1733263 255764 4.0 69 17 1 2 45% 23133970 12803 76%
c { 2161.95  0 32 33 78868  4 1733263 255764 4.1 33 8 1 2 37% 23133970 12803 76%
c } 2188.38  0 32 33 80387  4 1760247 279627 4.2 35 8 1 2 37% 23133968 12803 76%
c [ 2188.38  0 44 33 80387  2 1760247 279627 4.0 69 17 1 2 45% 23133968 12803 76%
c W 2201.36  0 44 33 80387  2 1770132 289009 4.0 67 17 1 2 43% 23133968 12803 76%
c - 2209.44  0 56 34 80387  2 1790631 185048 3.2 66 21 1 2 42% 23133968 12803 76%
c 2 2209.49  0 56 34 80387  2 1790631 185022 3.2 66 21 1 2 42% 23133807 12803 76%
c p 2210.32  0 56 34 80387  2 1790631 228495 3.2 66 21 1 2 42% 23133807 12803 76%
c = 2220.43  0 56 34 80387  2 1790631 228495 3.2 66 21 1 2 42% 23133802 12802 76%
c u 2223.54  0 56 34 80387  2 1790631 226095 3.2 66 21 1 2 42% 23133802 12802 76%
c v 2223.69  0 56 34 80387  2 1790631 226086 3.2 66 21 1 2 42% 23133802 12802 76%
c w 2223.90  0 56 34 80387  2 1790631 226086 3.2 66 21 1 2 42% 23133802 12802 76%
c t 2223.98  0 56 34 80387  2 1790631 226078 3.2 66 21 1 2 42% 23133334 12802 76%
c ] 2228.77  0 56 34 80387  2 1796177 230933 3.2 67 21 1 2 43% 23133334 12802 76%
c { 2228.77  0 32 34 80387  4 1796177 230933 4.2 35 8 1 2 37% 23133334 12802 76%
c 
c   seconds   reductions     conflicts          size  tier2          variables
c           MB      restarts        redundant      glue  trail            remaining
c            level        rate            size/glue tier1   irredundant
c 
c } 2255.29  0 32 34 82046  4 1821835 254054 4.3 35 8 1 2 36% 23133334 12802 76%
c [ 2255.29  0 56 34 82046  2 1821835 254054 3.2 67 21 1 2 43% 23133334 12802 76%
c O 2260.62  0 56 34 82047  2 1830136 261531 3.2 65 20 1 2 42% 23133334 12802 76%
c ] 2274.91  0 55 34 82047  2 1841742 272062 3.2 63 20 1 2 40% 23133334 12802 76%
c { 2274.91  0 32 34 82047  4 1841742 272062 4.3 35 8 1 2 36% 23133334 12802 76%
c } 2302.11  0 31 34 83979  4 1867919 295175 4.3 35 8 1 2 36% 23133333 12802 76%
c [ 2302.11  0 55 34 83979  2 1867919 295175 3.2 63 20 1 2 40% 23133333 12802 76%
c B 2311.50  0 63 34 83979  2 1891138 316486 2.7 64 23 1 2 36% 23133333 12802 76%
c - 2324.16  0 70 35 83979  2 1903180 190101 2.7 67 25 1 2 38% 23133333 12802 76%
c 2 2324.21  0 70 35 83979  2 1903180 190100 2.7 67 25 1 2 38% 23133333 12802 76%
c p 2325.32  0 70 35 83979  2 1903180 219269 2.7 67 25 1 2 38% 23133333 12802 76%
c = 2340.12  0 70 35 83979  2 1903180 219269 2.7 67 25 1 2 38% 23142864 12799 76%
c u 2343.82  0 70 35 83979  2 1903180 218282 2.7 67 25 1 2 38% 23142864 12799 76%
c v 2343.92  0 70 35 83979  2 1903180 218279 2.7 67 25 1 2 38% 23142864 12799 76%
c w 2343.98  0 70 35 83979  2 1903180 218278 2.7 67 25 1 2 38% 23142864 12799 76%
c t 2344.08  0 70 35 83979  2 1903180 218268 2.7 67 25 1 2 38% 23133322 12799 76%
c ] 2346.53  0 70 35 83979  2 1905049 219878 2.7 66 25 1 2 38% 23133322 12799 76%
c { 2346.53  0 31 35 83979  4 1905049 219878 4.3 35 8 1 2 36% 23133322 12799 76%
c } 2373.70  0 31 35 85672  4 1932722 244968 4.2 35 8 1 2 36% 23133322 12799 76%
c [ 2373.70  0 70 35 85672  2 1932722 244968 2.7 66 25 1 2 38% 23133322 12799 76%
c 
c   seconds   reductions     conflicts          size   tier2          variables
c           MB      restarts        redundant      glue   trail            remaining
c            level        rate            size/glue  tier1   irredundant
c 
c W 2390.77  0 63 35 85672  2 1953143 263753 2.7 62 23 1 2 37% 23133322 12799 76%
c ] 2407.50  0 68 35 85672  2 1981773 289480 2.4 59 24 1 2 33% 23133322 12799 76%
c { 2407.50  0 31 35 85672  4 1981773 289480 4.2 35 8 1 2 36% 23133322 12799 76%
c s 2415.82  0 31 35 86041  4 1988282 295080 4.3 36 8 1 2 36% 23081927 12799 76%
c t 2416.10  0 31 35 86041  4 1988282 295080 4.3 36 8 1 2 36% 23081128 12799 76%
c e 2416.65  0 31 35 86041  4 1988282 294957 4.3 36 8 1 2 36% 23081114 12794 76%
c s 2417.15  0 31 35 86041  4 1988282 294954 4.3 36 8 1 2 36% 23020302 12794 76%
c } 2437.78  0 32 35 87341  4 2005030 309954 4.3 36 8 1 2 36% 23020302 12794 76%
c [ 2437.78  0 68 35 87341  2 2005030 309954 2.4 59 24 1 2 33% 23020302 12794 76%
c I 2448.42  0 65 35 87341  2 2016144 320482 2.5 58 23 1 2 34% 23020302 12794 76%
c - 2452.18  0 64 36 87341  2 2019205 196133 2.5 57 23 1 2 33% 23020302 12794 76%
c 2 2452.23  0 64 36 87341  2 2019205 196133 2.5 57 23 1 2 33% 23019850 12794 76%
c p 2453.17  0 64 36 87341  2 2019205 237651 2.5 57 23 1 2 33% 23019850 12794 76%
c = 2462.11  0 64 36 87341  2 2019205 237651 2.5 57 23 1 2 33% 23019825 12789 76%
c u 2465.39  0 64 36 87341  2 2019205 236123 2.5 57 23 1 2 33% 23019825 12789 76%
c v 2465.43  0 64 36 87341  2 2019205 236122 2.5 57 23 1 2 33% 23019825 12789 76%
c w 2465.45  0 64 36 87341  2 2019205 236122 2.5 57 23 1 2 33% 23019825 12789 76%
c t 2465.54  0 64 36 87341  2 2019205 236120 2.5 57 23 1 2 33% 23018760 12789 76%
c ] 2473.18  0 58 36 87341  2 2034676 249893 2.8 57 21 1 2 34% 23018760 12789 76%
c { 2473.18  0 32 36 87341  4 2034676 249893 4.3 36 8 1 2 36% 23018760 12789 76%
c 
c   seconds   reductions     conflicts          size  tier2          variables
c           MB      restarts        redundant      glue  trail            remaining
c            level        rate            size/glue tier1   irredundant
c 
c } 2500.09  0 31 36 88906  4 2059719 272184 4.2 36 8 1 2 36% 23018760 12789 76%
c [ 2500.09  0 58 36 88906  2 2059719 272184 2.8 57 21 1 2 34% 23018760 12789 76%
c B 2513.04  0 52 36 88919  2 2080147 289708 2.9 55 19 1 2 35% 23018760 12789 76%
c ] 2521.36  0 54 36 88921  2 2087563 296327 2.9 55 19 1 2 36% 23018760 12789 76%
c { 2521.36  0 31 36 88921  4 2087563 296327 4.2 36 8 1 2 36% 23018760 12789 76%
c } 2548.75  0 31 36 90627  4 2112529 318787 4.4 37 8 1 2 35% 23018760 12789 76%
c [ 2548.75  0 54 36 90627  2 2112529 318787 2.9 55 19 1 2 36% 23018760 12789 76%
c ] 2566.87  0 49 36 90634  2 2128658 333768 3.3 59 18 1 2 36% 23018760 12789 76%
c { 2566.87  0 31 36 90634  4 2128658 333768 4.4 37 8 1 2 35% 23018760 12789 76%
c - 2579.68  0 31 37 91392  4 2138640 204335 4.4 37 8 1 2 36% 23018760 12789 76%
c p 2580.97  0 31 37 91392  4 2138640 249178 4.4 37 8 1 2 36% 23018760 12789 76%
c = 2592.73  0 31 37 91392  4 2138640 249178 4.4 37 8 1 2 36% 23018750 12786 76%
c u 2596.80  0 31 37 91392  4 2138640 246778 4.4 37 8 1 2 36% 23018750 12786 76%
c v 2596.81  0 31 37 91392  4 2138640 246778 4.4 37 8 1 2 36% 23018750 12786 76%
c w 2596.82  0 31 37 91392  4 2138640 246778 4.4 37 8 1 2 36% 23018750 12786 76%
c t 2596.91  0 31 37 91392  4 2138640 246775 4.4 37 8 1 2 36% 23018748 12786 76%
c # 2602.43  0 31 37 91753  4 2145149 252647 4.4 38 8 1 2 35% 23018748 12786 76%
c } 2614.14  0 31 37 92443  4 2157452 263713 4.4 37 8 1 2 35% 23018747 12786 76%
c [ 2614.14  0 49 37 92443  2 2157452 263713 3.3 59 18 1 2 36% 23018747 12786 76%
c ] 2635.31  0 43 37 92452  2 2194487 295361 2.9 50 17 1 2 41% 23018747 12786 76%
c 
c   seconds   reductions     conflicts          size  tier2          variables
c           MB      restarts        redundant      glue  trail            remaining
c            level        rate            size/glue tier1   irredundant
c 
c { 2635.31  0 31 37 92452  4 2194487 295361 4.4 37 8 1 2 35% 23018747 12786 76%
c B 2652.68  0 31 37 93509  4 2211150 310136 4.4 38 8 1 2 35% 23018747 12786 76%
c } 2664.91  0 31 37 94269  4 2224910 322406 4.4 38 8 1 2 34% 23018747 12786 76%
c [ 2664.91  0 43 37 94269  2 2224910 322406 2.9 50 17 1 2 41% 23018747 12786 76%
c ] 2683.70  0 41 37 94273  2 2232571 329194 3.1 51 16 1 2 41% 23018747 12786 76%
c { 2683.70  0 31 37 94273  4 2232571 329194 4.4 38 8 1 2 34% 23018747 12786 76%
c } 2714.59  0 31 37 96409  4 2260246 354043 4.5 39 9 1 2 35% 23018747 12786 76%
c [ 2714.59  0 41 37 96409  2 2260246 354043 3.1 51 16 1 2 41% 23018747 12786 76%
c - 2718.02  0 41 38 96410  2 2261557 212182 3.1 51 16 1 2 41% 23018747 12786 76%
c p 2719.20  0 41 38 96410  2 2261557 261325 3.1 51 16 1 2 41% 23018747 12786 76%
c = 2736.64  0 41 38 96410  2 2261557 261324 3.1 51 16 1 2 41% 23027998 12783 76%
c u 2741.34  0 41 38 96410  2 2261557 260175 3.1 51 16 1 2 41% 23027998 12783 76%
c v 2741.49  0 41 38 96410  2 2261557 260166 3.1 51 16 1 2 41% 23027998 12783 76%
c w 2741.68  0 41 38 96410  2 2261557 260165 3.1 51 16 1 2 41% 23027998 12783 76%
c t 2741.78  0 41 38 96410  2 2261557 260157 3.1 51 16 1 2 41% 23018734 12783 76%
c ] 2758.17  0 41 38 96415  2 2271624 268646 3.0 50 17 1 2 42% 23018734 12783 76%
c { 2758.17  0 31 38 96415  4 2271624 268646 4.5 39 9 1 2 35% 23018734 12783 76%
c W 2785.80  0 32 38 96825  4 2278152 274509 4.5 39 9 1 2 35% 23018734 12783 76%
c s 2801.12  0 32 38 97758  4 2291054 286048 4.5 39 9 1 2 35% 22953736 12783 76%
c t 2801.39  0 32 38 97758  4 2291054 286048 4.5 39 9 1 2 35% 22952486 12783 76%
c 
c   seconds   reductions     conflicts          size  tier2          variables
c           MB      restarts        redundant      glue  trail            remaining
c            level        rate            size/glue tier1   irredundant
c 
c e 2801.92  0 32 38 97758  4 2291054 285838 4.5 39 9 1 2 35% 22952468 12779 76%
c s 2802.43  0 32 38 97758  4 2291054 285838 4.5 39 9 1 2 35% 22896164 12779 76%
c } 2810.09  0 32 38 98117  4 2297530 291557 4.5 39 9 1 2 34% 22896164 12779 76%
c [ 2810.09  0 41 38 98117  2 2297530 291557 3.0 50 17 1 2 42% 22896164 12779 76%
c ] 2832.98  0 40 38 98131  2 2329257 319567 3.0 50 16 1 2 42% 22896164 12779 76%
c { 2832.98  0 32 38 98131  4 2329257 319567 4.5 39 9 1 2 34% 22896164 12779 76%
c F 2850.51  0 32 38 99249  4 2346153 334671 4.5 39 9 1 2 35% 22896164 12779 76%
c } 2864.65  0 31 38 100074  4 2361877 348777 4.5 38 9 1 2 34% 22896164 12779 76%
c [ 2864.65  0 40 38 100074  2 2361877 348777 3.0 50 16 1 2 42% 22896164 12779 76%
c ] 2883.65  0 36 38 100081  2 2384975 370002 3.2 49 15 1 2 40% 22896164 12779 76%
c { 2883.65  0 31 38 100081  4 2384975 370002 4.5 38 9 1 2 34% 22896164 12779 76%
c - 2888.45  0 31 39 100324  4 2387957 218120 4.4 38 9 1 2 34% 22896164 12779 76%
c 2 2888.51  0 31 39 100324  4 2387957 218116 4.4 38 9 1 2 34% 22895991 12779 76%
c p 2889.96  0 31 39 100324  4 2387957 274897 4.4 38 9 1 2 34% 22895991 12779 76%
c = 2902.67  0 31 39 100324  4 2387957 274896 4.4 38 9 1 2 34% 22895961 12773 76%
c u 2906.29  0 31 39 100324  4 2387957 274400 4.4 38 9 1 2 34% 22895961 12773 76%
c v 2906.30  0 31 39 100324  4 2387957 274399 4.4 38 9 1 2 34% 22895961 12773 76%
c w 2906.31  0 31 39 100324  4 2387957 274399 4.4 38 9 1 2 34% 22895961 12773 76%
c x 2909.56  0 31 39 100324  4 2387957 274396 4.4 38 9 1 2 34% 22894581 12773 76%
c t 2909.64  0 31 39 100324  4 2387957 274392 4.4 38 9 1 2 34% 22894043 12773 76%
c 
c   seconds   reductions      conflicts          size  tier2          variables
c           MB      restarts         redundant      glue  trail            remaining
c            level         rate            size/glue tier1   irredundant
c 
c } 2937.11  0 31 39 101907  4 2413068 296694 4.4 38 9 1 2 34% 22894043 12773 76%
c [ 2937.11  0 36 39 101907  2 2413068 296694 3.2 49 15 1 2 40% 22894043 12773 76%
c W 2945.53  0 36 39 101907  2 2415154 298712 3.3 50 15 1 2 40% 22894043 12773 76%
c ] 2969.95  0 55 39 101908  2 2453723 333016 2.9 64 22 1 2 46% 22894043 12773 76%
c { 2969.95  0 31 39 101908  4 2453723 333016 4.4 38 9 1 2 34% 22894043 12773 76%
c B 3000.08  0 31 39 103480  4 2485156 360674 4.5 39 9 1 2 34% 22894043 12773 76%
c } 3001.33  0 31 39 103525  4 2486041 361432 4.5 39 9 1 2 34% 22894043 12773 76%
c [ 3001.33  0 55 39 103525  2 2486041 361432 2.9 64 22 1 2 46% 22894043 12773 76%
c - 3022.99  0 51 40 103540  2 2517752 224415 3.1 63 20 1 2 46% 22894043 12773 76%
c 2 3023.04  0 51 40 103540  2 2517752 224412 3.1 63 20 1 2 46% 22894043 12773 76%
c p 3023.99  0 51 40 103540  2 2517752 254912 3.1 63 20 1 2 46% 22894043 12773 76%
c = 3034.99  0 51 40 103540  2 2517752 254910 3.1 63 20 1 2 46% 22894034 12770 76%
c u 3038.70  0 51 40 103540  2 2517752 252539 3.1 63 20 1 2 46% 22894034 12770 76%
c v 3038.94  0 51 40 103540  2 2517752 252532 3.1 63 20 1 2 46% 22894034 12770 76%
c w 3039.10  0 51 40 103540  2 2517752 252532 3.1 63 20 1 2 46% 22894034 12770 76%
c t 3039.19  0 51 40 103540  2 2517752 252523 3.1 63 20 1 2 46% 22894028 12770 76%
c ] 3044.28  0 51 40 103540  2 2520973 255378 3.0 63 21 1 2 46% 22894028 12770 76%
c { 3044.28  0 31 40 103540  4 2520973 255378 4.5 39 9 1 2 34% 22894028 12770 76%
c } 3077.56  0 30 40 105115  4 2551570 282374 4.6 39 9 1 2 35% 22894028 12770 76%
c [ 3077.56  0 51 40 105115  2 2551570 282374 3.0 63 21 1 2 46% 22894028 12770 76%
c 
c   seconds   reductions      conflicts          size   tier2          variables
c           MB      restarts         redundant      glue   trail            remaining
c            level         rate            size/glue  tier1   irredundant
c 
c O 3081.12  0 50 40 105115  2 2556157 286638 3.1 61 20 1 2 46% 22894028 12770 76%
c ] 3103.78  0 40 40 105133  2 2607766 331837 3.0 52 17 1 2 38% 22894028 12770 76%
c { 3103.78  0 30 40 105133  4 2607766 331837 4.6 39 9 1 2 35% 22894028 12770 76%
c s 3111.44  0 31 40 105608  4 2615268 338656 4.6 40 9 1 2 35% 22830308 12770 76%
c t 3111.75  0 31 40 105608  4 2615268 338656 4.6 40 9 1 2 35% 22829806 12770 76%
c e 3112.29  0 31 40 105608  4 2615268 338592 4.6 40 9 1 2 35% 22829802 12767 76%
c s 3112.80  0 31 40 105608  4 2615268 338592 4.6 40 9 1 2 35% 22777108 12767 76%
c W 3141.57  0 31 40 106594  4 2628159 350273 4.6 40 9 1 2 34% 22777108 12767 76%
c } 3153.52  0 31 40 107406  4 2638050 359095 4.6 40 9 1 2 34% 22777108 12767 76%
c [ 3153.52  0 40 40 107406  2 2638050 359095 3.0 52 17 1 2 38% 22777108 12767 76%
c - 3165.33  0 41 41 107413  2 2651026 227198 2.9 52 18 1 2 39% 22777108 12767 76%
c 2 3165.38  0 41 41 107413  2 2651026 227195 2.9 52 18 1 2 39% 22776903 12767 76%
c p 3166.60  0 41 41 107413  2 2651026 256982 2.9 52 18 1 2 39% 22776903 12767 76%
c u 3181.15  0 41 41 107413  2 2651026 256192 2.9 52 18 1 2 39% 22776903 12767 76%
c v 3181.21  0 41 41 107413  2 2651026 256190 2.9 52 18 1 2 39% 22776903 12767 76%
c w 3181.24  0 41 41 107413  2 2651026 256189 2.9 52 18 1 2 39% 22776903 12767 76%
c t 3181.33  0 41 41 107413  2 2651026 256185 2.9 52 18 1 2 39% 22776233 12767 76%
c ] 3195.05  0 40 41 107419  2 2668490 270871 2.8 50 18 1 2 41% 22776233 12767 76%
c { 3195.05  0 31 41 107419  4 2668490 270871 4.6 40 9 1 2 34% 22776233 12767 76%
c i 3217.46  0 30 41 108381  4 2689314 288813 4.5 39 9 1 2 35% 22776233 12766 76%
c 
c   seconds   reductions      conflicts          size  tier2          variables
c           MB      restarts         redundant      glue  trail            remaining
c            level         rate            size/glue tier1   irredundant
c 
c } 3226.75  0 30 41 109013  4 2697880 296495 4.5 39 9 1 2 35% 22776233 12766 76%
c [ 3226.75  0 40 41 109013  2 2697880 296495 2.8 50 18 1 2 41% 22776233 12766 76%
c B 3228.49  0 40 41 109015  2 2701163 299545 2.8 50 17 1 2 41% 22776233 12766 76%
c ] 3249.46  0 39 41 109023  2 2714955 311391 2.8 49 17 1 2 43% 22776233 12766 76%
c { 3249.46  0 30 41 109023  4 2714955 311391 4.5 39 9 1 2 35% 22776233 12766 76%
c } 3283.95  0 31 41 111148  4 2747176 339686 4.6 39 9 1 2 35% 22776233 12766 76%
c [ 3283.95  0 39 41 111148  2 2747176 339686 2.8 49 17 1 2 43% 22776233 12766 76%
c W 3312.68  0 40 41 111154  2 2775166 360799 2.8 49 18 1 2 43% 22463820 12766 76%
c - 3318.23  0 39 42 111155  2 2787691 229807 2.7 48 17 1 2 43% 22463820 12766 76%
c d 3318.63  0 39 42 111155  2 2787691 229632 2.7 48 17 1 2 43% 22463818 12764 76%
c p 3319.85  0 39 42 111155  2 2787691 281916 2.7 48 17 1 2 43% 22463818 12764 76%
c u 3329.52  0 39 42 111155  2 2787691 280137 2.7 48 17 1 2 43% 22471771 12764 76%
c v 3329.89  0 39 42 111155  2 2787691 280126 2.7 48 17 1 2 43% 22471771 12764 76%
c w 3330.07  0 39 42 111155  2 2787691 280126 2.7 48 17 1 2 43% 22471771 12764 76%
c t 3330.16  0 39 42 111155  2 2787691 279926 2.7 48 17 1 2 43% 22463814 12764 76%
c ] 3332.97  0 39 42 111155  2 2790226 282203 2.8 49 17 1 2 44% 22463814 12764 76%
c { 3332.97  0 31 42 111155  4 2790226 282203 4.6 39 9 1 2 35% 22463814 12764 76%
c } 3366.01  0 31 42 113157  4 2821087 309609 4.5 39 9 1 2 35% 22463813 12764 76%
c [ 3366.01  0 39 42 113157  2 2821087 309609 2.8 49 17 1 2 44% 22463813 12764 76%
c I 3382.62  0 35 42 113158  2 2850167 336793 3.4 54 16 1 2 41% 22463813 12764 76%
c 
c   seconds   reductions      conflicts          size   tier2          variables
c           MB      restarts         redundant      glue   trail            remaining
c            level         rate            size/glue  tier1   irredundant
c 
c ] 3391.81  0 34 42 113158  2 2866187 351254 3.6 57 16 1 2 39% 22463813 12764 76%
c { 3391.81  0 31 42 113158  4 2866187 351254 4.5 39 9 1 2 35% 22463813 12764 76%
c } 3427.16  0 31 42 115538  4 2899804 381202 4.5 40 9 1 2 34% 22463813 12764 76%
c [ 3427.16  0 34 42 115538  2 2899804 381202 3.6 57 16 1 2 39% 22463813 12764 76%
c B 3437.51  0 35 42 115538  2 2926168 405765 3.9 63 16 1 2 38% 22463813 12764 76%
c - 3440.19  0 37 43 115538  2 2927581 237511 3.8 63 17 1 2 38% 22463813 12764 76%
c p 3441.16  0 37 43 115538  2 2927581 266679 3.8 63 17 1 2 38% 22463813 12764 76%
c u 3456.09  0 37 43 115538  2 2927581 266050 3.8 63 17 1 2 38% 22463813 12764 76%
c v 3456.17  0 37 43 115538  2 2927581 266045 3.8 63 17 1 2 38% 22463813 12764 76%
c w 3456.29  0 37 43 115538  2 2927581 266043 3.8 63 17 1 2 38% 22463813 12764 76%
c ] 3472.00  0 39 43 115538  2 2947494 283466 3.5 60 17 1 2 40% 22463813 12764 76%
c { 3472.00  0 31 43 115538  4 2947494 283466 4.5 40 9 1 2 34% 22463813 12764 76%
c s 3487.43  0 31 43 116403  4 2960901 295491 4.5 40 9 1 2 34% 22416044 12764 76%
c t 3487.70  0 31 43 116403  4 2960901 295491 4.5 40 9 1 2 34% 22415512 12764 76%
c e 3488.25  0 31 43 116403  4 2960901 295257 4.5 40 9 1 2 34% 22415512 12762 76%
c s 3488.75  0 31 43 116403  4 2960901 295257 4.5 40 9 1 2 34% 22361043 12762 76%
c } 3511.37  0 31 43 117745  4 2982803 314759 4.5 40 9 1 2 34% 22361043 12762 76%
c [ 3511.37  0 39 43 117745  2 2982803 314759 3.5 60 17 1 2 40% 22361043 12762 76%
c W 3543.72  0 39 43 117758  2 3003170 332763 3.3 57 17 1 2 42% 22361043 12762 76%
c ] 3547.18  0 38 43 117760  2 3013466 341443 3.2 55 17 1 2 43% 22361043 12762 76%
c 
c   seconds   reductions      conflicts          size  tier2          variables
c           MB      restarts         redundant      glue  trail            remaining
c            level         rate            size/glue tier1   irredundant
c 
c { 3547.18  0 31 43 117760  4 3013466 341443 4.5 40 9 1 2 34% 22361043 12762 76%
c } 3585.13  0 31 43 120002  4 3049053 373079 4.5 40 9 1 2 35% 22361042 12762 76%
c [ 3585.13  0 38 43 120002  2 3049053 373079 3.2 55 17 1 2 43% 22361042 12762 76%
c - 3607.27  0 37 44 120014  2 3070942 244746 3.4 57 17 1 2 44% 22361042 12762 76%
c 2 3607.32  0 37 44 120014  2 3070942 244746 3.4 57 17 1 2 44% 22360890 12762 76%
c p 3608.73  0 37 44 120014  2 3070942 295876 3.4 57 17 1 2 44% 22360890 12762 76%
c u 3613.50  0 37 44 120014  2 3070942 294858 3.4 57 17 1 2 44% 22360890 12762 76%
c v 3613.61  0 37 44 120014  2 3070942 294857 3.4 57 17 1 2 44% 22360890 12762 76%
c t 3613.70  0 37 44 120014  2 3070942 294851 3.4 57 17 1 2 44% 22360185 12762 76%
c ] 3620.03  0 36 44 120017  2 3077909 300808 3.3 55 16 1 2 44% 22360185 12762 76%
c { 3620.03  0 31 44 120017  4 3077909 300808 4.5 40 9 1 2 35% 22360185 12762 76%
c # 3622.60  0 30 44 120128  4 3081171 303590 4.5 39 9 1 2 35% 22360185 12762 76%
c } 3654.82  0 30 44 121809  4 3112155 330785 4.5 39 9 1 2 36% 22360184 12762 76%
c [ 3654.82  0 36 44 121809  2 3112155 330785 3.3 55 16 1 2 44% 22360184 12762 76%
c ] 3682.39  0 39 44 121810  2 3135182 350972 3.0 53 18 1 2 45% 22360184 12762 76%
c { 3682.39  0 30 44 121810  4 3135182 350972 4.5 39 9 1 2 36% 22360184 12762 76%
c B 3706.85  0 29 44 123290  4 3160175 373316 4.6 40 9 1 2 36% 22360184 12762 76%
c } 3721.24  0 29 44 124038  4 3174646 385930 4.5 40 9 1 2 36% 22360184 12762 76%
c [ 3721.24  0 39 44 124038  2 3174646 385930 3.0 53 18 1 2 45% 22360184 12762 76%
c i 3746.77  0 34 44 124055  2 3211536 417322 2.8 44 16 1 2 45% 22360184 12759 76%
c 
c   seconds   reductions      conflicts          size   tier2          variables
c           MB      restarts         redundant      glue   trail            remaining
c            level         rate            size/glue  tier1   irredundant
c 
c ] 3750.40  0 34 44 124057  2 3214135 419656 2.8 45 16 1 2 45% 22360184 12759 76%
c { 3750.40  0 29 44 124057  4 3214135 419656 4.5 40 9 1 2 36% 22360184 12759 76%
c - 3754.92  0 29 45 124259  4 3217684 236809 4.5 39 9 1 2 36% 22320611 12759 76%
c 2 3754.99  0 29 45 124259  4 3217684 236808 4.5 39 9 1 2 36% 22320611 12759 76%
c d 3755.37  0 29 45 124259  4 3217684 236805 4.5 39 9 1 2 36% 22320603 12755 76%
c p 3756.85  0 29 45 124259  4 3217684 285031 4.5 39 9 1 2 36% 22320603 12755 76%
c 2 3756.92  0 29 45 124259  4 3217684 284997 4.5 39 9 1 2 36% 22320603 12755 76%
c u 3761.54  0 29 45 124259  4 3217684 282606 4.5 39 9 1 2 36% 22320603 12755 76%
c v 3761.56  0 29 45 124259  4 3217684 282602 4.5 39 9 1 2 36% 22320603 12755 76%
c w 3761.60  0 29 45 124259  4 3217684 282602 4.5 39 9 1 2 36% 22320603 12755 76%
c t 3761.69  0 29 45 124259  4 3217684 282564 4.5 39 9 1 2 36% 22320600 12755 76%
c i 3783.74  0 29 45 125542  4 3236900 299532 4.4 39 9 1 2 36% 22320600 12754 76%
c W 3802.67  0 29 45 125781  4 3240177 300162 4.4 39 9 1 2 36% 22320585 12754 76%
c } 3813.35  0 29 45 126365  4 3249505 308101 4.4 39 9 1 2 37% 22320585 12754 76%
c [ 3813.35  0 34 45 126365  2 3249505 308101 2.8 45 16 1 2 45% 22320585 12754 76%
c ] 3839.84  0 30 45 126377  2 3286130 341090 3.6 52 14 1 2 41% 22320585 12754 76%
c { 3839.84  0 29 45 126377  4 3286130 341090 4.4 39 9 1 2 37% 22320585 12754 76%
c F 3875.93  0 29 45 128563  4 3321178 372382 4.6 40 9 1 2 36% 22320585 12754 76%
c } 3879.24  0 29 45 128836  4 3323860 374719 4.6 40 9 1 2 36% 22320585 12754 76%
c [ 3879.24  0 30 45 128836  2 3323860 374719 3.6 52 14 1 2 41% 22320585 12754 76%
c 
c   seconds   reductions      conflicts          size   tier2          variables
c           MB      restarts         redundant      glue   trail            remaining
c            level         rate            size/glue  tier1   irredundant
c 
c s 3882.18  0 30 45 128836  2 3327250 377915 3.7 52 14 1 2 41% 22261364 12754 76%
c t 3882.46  0 30 45 128836  2 3327250 377914 3.7 52 14 1 2 41% 22260877 12754 76%
c e 3882.96  0 30 45 128836  2 3327250 375488 3.7 52 14 1 2 41% 22260867 12751 76%
c s 3883.47  0 30 45 128836  2 3327250 375487 3.7 52 14 1 2 41% 22208112 12751 76%
c ] 3909.53  0 36 45 128837  2 3360687 405199 3.2 52 16 1 2 44% 22208112 12751 76%
c { 3909.53  0 29 45 128837  4 3360687 405199 4.6 40 9 1 2 36% 22208112 12751 76%
c - 3922.48  0 29 46 129456  4 3367853 248580 4.6 40 9 1 2 36% 22208112 12751 76%
c 2 3922.54  0 29 46 129456  4 3367853 248580 4.6 40 9 1 2 36% 22207840 12751 76%
c p 3924.01  0 29 46 129456  4 3367853 296800 4.6 40 9 1 2 36% 22207840 12751 76%
c = 3934.96  0 29 46 129456  4 3367853 296799 4.6 40 9 1 2 36% 22207840 12750 76%
c u 3938.69  0 29 46 129456  4 3367853 296130 4.6 40 9 1 2 36% 22207840 12750 76%
c v 3940.48  0 29 46 129456  4 3367853 296053 4.6 40 9 1 2 36% 22207840 12750 76%
c w 3940.52  0 29 46 129456  4 3367853 296053 4.6 40 9 1 2 36% 22207840 12750 76%
c x 3943.69  0 29 46 129456  4 3367853 296053 4.6 40 9 1 2 36% 22206875 12750 76%
c t 3943.78  0 29 46 129456  4 3367853 296051 4.6 40 9 1 2 36% 22206337 12750 76%
c } 3971.42  0 30 46 131102  4 3395002 320255 4.7 41 9 1 2 36% 22206337 12750 76%
c [ 3971.42  0 36 46 131102  2 3395002 320255 3.2 52 16 1 2 44% 22206337 12750 76%
c O 3977.28  0 37 46 131105  2 3403179 327504 3.2 52 16 1 2 43% 22206337 12750 76%
c ] 4002.61  0 34 46 131121  2 3439544 358735 3.4 53 15 1 2 44% 22206337 12750 76%
c { 4002.61  0 30 46 131121  4 3439544 358735 4.7 41 9 1 2 36% 22206337 12750 76%
c 
c   seconds   reductions      conflicts          size  tier2          variables
c           MB      restarts         redundant      glue  trail            remaining
c            level         rate            size/glue tier1   irredundant
c 
c } 4041.22  0 29 46 133104  4 3476321 390991 4.6 41 9 1 2 36% 22206337 12750 76%
c [ 4041.22  0 34 46 133104  2 3476321 390991 3.4 53 15 1 2 44% 22206337 12750 76%
c B 4052.64  0 35 46 133110  2 3486180 399270 3.2 52 16 1 2 45% 22206337 12750 76%
c ] 4067.87  0 35 46 133115  2 3499258 410555 3.1 51 16 1 2 46% 22206337 12750 76%
c { 4067.87  0 29 46 133115  4 3499258 410555 4.6 41 9 1 2 36% 22206337 12750 76%
c - 4093.74  0 29 47 134715  4 3521391 259204 4.8 43 9 1 2 37% 22206337 12750 76%
c 2 4093.79  0 29 47 134715  4 3521391 259199 4.8 43 9 1 2 37% 22206337 12750 76%
c p 4095.35  0 29 47 134715  4 3521391 303631 4.8 43 9 1 2 37% 22206337 12750 76%
c u 4105.40  0 29 47 134715  4 3521391 301416 4.8 43 9 1 2 37% 22213722 12750 76%
c v 4108.66  0 29 47 134715  4 3521391 301130 4.8 43 9 1 2 37% 22213722 12750 76%
c w 4108.67  0 29 47 134715  4 3521391 301130 4.8 43 9 1 2 37% 22213722 12750 76%
c t 4108.75  0 29 47 134715  4 3521391 301122 4.8 43 9 1 2 37% 22206340 12750 76%
c } 4123.33  0 29 47 135425  4 3537300 314678 4.7 42 9 1 2 38% 22206340 12750 76%
c [ 4123.33  0 35 47 135425  2 3537300 314678 3.1 51 16 1 2 46% 22206340 12750 76%
c ] 4152.70  0 43 47 135428  2 3561605 336677 3.3 58 18 1 2 45% 22206340 12750 76%
c { 4152.70  0 29 47 135428  4 3561605 336677 4.7 42 9 1 2 38% 22206340 12750 76%
c B 4162.65  0 29 47 136144  4 3570182 344317 4.7 42 9 1 2 38% 22206340 12750 76%
c } 4193.13  0 28 47 137810  4 3599645 369661 4.5 41 9 1 2 38% 22206340 12750 76%
c [ 4193.13  0 43 47 137810  2 3599645 369661 3.3 58 18 1 2 45% 22206340 12750 76%
c ] 4224.29  0 45 47 137823  2 3631327 396973 2.9 56 19 1 2 46% 22206340 12750 76%
c 
c   seconds   reductions      conflicts          size  tier2          variables
c           MB      restarts         redundant      glue  trail            remaining
c            level         rate            size/glue tier1   irredundant
c 
c { 4224.29  0 28 47 137823  4 3631327 396973 4.5 41 9 1 2 38% 22206340 12750 76%
c W 4275.67  0 28 47 139297  4 3655183 418233 4.6 41 9 1 2 38% 22206340 12750 76%
c } 4291.82  0 29 47 140319  4 3670253 431495 4.6 41 9 1 2 37% 22206340 12750 76%
c [ 4291.82  0 45 47 140319  2 3670253 431495 2.9 56 19 1 2 46% 22206340 12750 76%
c - 4302.35  0 45 48 140325  2 3678386 266578 3.1 59 19 1 2 46% 22206340 12750 76%
c p 4304.05  0 45 48 140325  2 3678386 312308 3.1 59 19 1 2 46% 22206340 12750 76%
c u 4310.25  0 45 48 140325  2 3678386 310892 3.1 59 19 1 2 46% 22206340 12750 76%
c v 4313.16  0 45 48 140325  2 3678386 310488 3.1 59 19 1 2 46% 22206340 12750 76%
c w 4313.29  0 45 48 140325  2 3678386 310488 3.1 59 19 1 2 46% 22206340 12750 76%
c t 4313.38  0 45 48 140325  2 3678386 310480 3.1 59 19 1 2 46% 22206340 12750 76%
c ] 4338.47  0 46 48 140335  2 3711271 341488 3.1 59 19 1 2 41% 22206340 12750 76%
c { 4338.47  0 29 48 140335  4 3711271 341488 4.6 41 9 1 2 37% 22206340 12750 76%
c s 4341.87  0 29 48 140451  4 3714836 344598 4.6 41 9 1 2 37% 22170739 12750 76%
c t 4342.15  0 29 48 140451  4 3714836 344598 4.6 41 9 1 2 37% 22170376 12750 76%
c e 4342.68  0 29 48 140451  4 3714836 344063 4.6 41 9 1 2 37% 22170362 12741 76%
c s 4343.20  0 29 48 140451  4 3714836 344060 4.6 41 9 1 2 37% 22122225 12741 76%
c # 4373.42  0 29 48 142355  4 3741184 367587 4.7 42 9 1 2 36% 22122225 12741 76%
c } 4382.44  0 29 48 142899  4 3749539 374995 4.7 42 9 1 2 36% 22122225 12741 76%
c [ 4382.44  0 46 48 142899  2 3749539 374995 3.1 59 19 1 2 41% 22122225 12741 76%
c ] 4413.85  0 36 48 142901  2 3811767 431591 2.9 47 16 1 2 39% 22122225 12741 76%
c 
c   seconds   reductions      conflicts          size  tier2          variables
c           MB      restarts         redundant      glue  trail            remaining
c            level         rate            size/glue tier1   irredundant
c 
c { 4413.85  0 29 48 142901  4 3811767 431591 4.7 42 9 1 2 36% 22122225 12741 76%
c B 4428.16  0 28 48 143664  4 3828187 445760 4.6 42 9 1 2 37% 22122225 12741 76%
c - 4441.12  0 29 49 144400  4 3838839 273654 4.7 43 9 1 2 37% 22122225 12741 76%
c 2 4441.16  0 29 49 144400  4 3838839 273651 4.7 43 9 1 2 37% 22122034 12741 76%
c p 4442.46  0 29 49 144400  4 3838839 313410 4.7 43 9 1 2 37% 22122034 12741 76%
c u 4447.35  0 29 49 144400  4 3838839 312568 4.7 43 9 1 2 37% 22122034 12741 76%
c v 4449.69  0 29 49 144400  4 3838839 312426 4.7 43 9 1 2 37% 22122034 12741 76%
c w 4449.73  0 29 49 144400  4 3838839 312426 4.7 43 9 1 2 37% 22122034 12741 76%
c t 4449.81  0 29 49 144400  4 3838839 312424 4.7 43 9 1 2 37% 22121767 12741 76%
c } 4466.97  0 29 49 145347  4 3855569 327241 4.7 42 9 1 2 36% 22121767 12741 76%
c [ 4466.97  0 36 49 145347  2 3855569 327241 2.9 47 16 1 2 39% 22121767 12741 76%
c W 4509.63  0 40 49 145348  2 3916188 383604 3.0 49 17 1 2 34% 22121767 12741 76%
c ] 4513.64  0 41 49 145348  2 3925267 391758 3.0 53 17 1 2 35% 22121767 12741 76%
c { 4513.64  0 29 49 145348  4 3925267 391758 4.7 42 9 1 2 36% 22121767 12741 76%
c } 4555.40  0 29 49 147828  4 3963904 425775 4.7 43 9 1 2 36% 22121767 12741 76%
c [ 4555.40  0 41 49 147828  2 3963904 425775 3.0 53 17 1 2 35% 22121767 12741 76%
c - 4578.50  0 35 50 147828  2 4002675 278346 2.9 46 16 1 2 33% 22121767 12741 76%
c p 4579.63  0 35 50 147828  2 4002675 315630 2.9 46 16 1 2 33% 22121767 12741 76%
c = 4590.90  0 35 50 147828  2 4002675 315630 2.9 46 16 1 2 33% 22121763 12740 76%
c u 4595.32  0 35 50 147828  2 4002675 314202 2.9 46 16 1 2 33% 22121763 12740 76%
c 
c   seconds   reductions      conflicts          size   tier2          variables
c           MB      restarts         redundant      glue   trail            remaining
c            level         rate            size/glue  tier1   irredundant
c 
c v 4597.61  0 35 50 147828  2 4002675 313965 2.9 46 16 1 2 33% 22121763 12740 76%
c w 4597.66  0 35 50 147828  2 4002675 313965 2.9 46 16 1 2 33% 22121763 12740 76%
c t 4597.74  0 35 50 147828  2 4002675 313940 2.9 46 16 1 2 33% 22121761 12740 76%
c I 4602.59  0 36 50 147828  2 4005189 316269 3.0 47 16 1 2 33% 22121761 12740 76%
c ] 4606.05  0 36 50 147828  2 4007885 318553 3.1 49 16 1 2 34% 22121761 12740 76%
c { 4606.05  0 29 50 147828  4 4007885 318553 4.7 43 9 1 2 36% 22121761 12740 76%
c } 4649.01  0 28 50 150356  4 4052577 357610 4.6 42 9 1 2 36% 22121761 12740 76%
c [ 4649.01  0 36 50 150356  2 4052577 357610 3.1 49 16 1 2 34% 22121761 12740 76%
c B 4675.62  0 30 50 150356  2 4095192 394273 3.0 42 14 1 2 31% 22121761 12740 76%
c ] 4680.07  0 32 50 150356  2 4098721 397493 2.9 43 15 1 2 32% 22121761 12740 76%
c { 4680.07  0 28 50 150356  4 4098721 397493 4.6 42 9 1 2 36% 22121761 12740 76%
c s 4709.51  0 29 50 152192  4 4123786 419480 4.7 43 9 1 2 36% 22088020 12740 76%
c t 4709.80  0 29 50 152192  4 4123786 419480 4.7 43 9 1 2 36% 22087340 12740 76%
c s 4710.82  0 29 50 152192  4 4123786 419403 4.7 43 9 1 2 36% 22042496 12740 76%
c e 4711.28  0 29 50 152192  4 4123786 414996 4.7 43 9 1 2 36% 22042438 12720 75%
c } 4728.31  0 29 50 153182  4 4140249 429132 4.7 44 9 1 2 37% 22042438 12720 75%
c [ 4728.31  0 32 50 153182  2 4140249 429132 2.9 43 15 1 2 32% 22042438 12720 75%
c - 4746.43  0 30 51 153183  2 4169972 281375 2.7 39 14 1 2 31% 22042438 12720 75%
c 2 4746.48  0 30 51 153183  2 4169972 281367 2.7 39 14 1 2 31% 22041369 12720 75%
c p 4747.99  0 30 51 153183  2 4169972 319087 2.7 39 14 1 2 31% 22041369 12720 75%
c 
c   seconds   reductions      conflicts          size   tier2          variables
c           MB      restarts         redundant      glue   trail            remaining
c            level         rate            size/glue  tier1   irredundant
c 
c u 4753.36  0 30 51 153183  2 4169972 316761 2.7 39 14 1 2 31% 22041369 12720 75%
c v 4756.24  0 30 51 153183  2 4169972 316425 2.7 39 14 1 2 31% 22041369 12720 75%
c w 4756.24  0 30 51 153183  2 4169972 316425 2.7 39 14 1 2 31% 22041369 12720 75%
c t 4756.34  0 30 51 153183  2 4169972 316422 2.7 39 14 1 2 31% 22040549 12720 75%
c W 4781.05  0 37 51 153183  2 4186195 331473 2.7 40 15 1 2 31% 22040549 12720 75%
c ] 4788.66  0 39 51 153183  2 4200362 344041 2.6 42 16 1 2 31% 22040549 12720 75%
c { 4788.66  0 29 51 153183  4 4200362 344041 4.7 44 9 1 2 37% 22040549 12720 75%
c } 4834.39  0 28 51 155478  4 4247043 384994 4.7 43 9 1 2 36% 22040548 12720 75%
c [ 4834.39  0 39 51 155478  2 4247043 384994 2.6 42 16 1 2 31% 22040548 12720 75%
c O 4854.92  0 41 51 155478  2 4278196 412753 3.0 51 17 1 2 35% 22040548 12720 75%
c ] 4871.80  0 45 51 155478  2 4300237 432945 2.9 50 17 1 2 31% 22040548 12720 75%
c { 4871.80  0 28 51 155478  4 4300237 432945 4.7 43 9 1 2 36% 22040548 12720 75%
c - 4916.36  0 28 52 157736  4 4340648 288903 4.6 42 9 1 2 36% 22040548 12720 75%
c p 4917.86  0 28 52 157736  4 4340648 327613 4.6 42 9 1 2 36% 22040548 12720 75%
c u 4923.29  0 28 52 157736  4 4340648 326242 4.6 42 9 1 2 36% 22040548 12720 75%
c v 4925.79  0 28 52 157736  4 4340648 325921 4.6 42 9 1 2 36% 22040548 12720 75%
c w 4925.79  0 28 52 157736  4 4340648 325921 4.6 42 9 1 2 36% 22040548 12720 75%
c t 4925.87  0 28 52 157736  4 4340648 325913 4.6 42 9 1 2 36% 22040546 12720 75%
c } 4927.76  0 28 52 157782  4 4342948 327861 4.6 42 9 1 2 37% 22040546 12720 75%
c [ 4927.76  0 45 52 157782  2 4342948 327861 2.9 50 17 1 2 31% 22040546 12720 75%
c 
c   seconds   reductions      conflicts          size   tier2          variables
c           MB      restarts         redundant      glue   trail            remaining
c            level         rate            size/glue  tier1   irredundant
c 
c B 4950.20  0 42 52 157782  2 4371197 354121 2.9 48 16 1 2 28% 22040546 12720 75%
c ] 4968.33  0 45 52 157782  2 4388491 368856 2.7 45 17 1 2 29% 22040546 12720 75%
c { 4968.33  0 28 52 157782  4 4388491 368856 4.6 42 9 1 2 37% 22040546 12720 75%
c } 5014.61  0 29 52 160127  4 4430354 405818 4.7 42 9 1 2 36% 22040546 12720 75%
c [ 5014.61  0 45 52 160127  2 4430354 405818 2.7 45 17 1 2 29% 22040546 12720 75%
c W 5042.55  0 44 52 160127  2 4465198 438040 2.8 51 18 1 2 30% 22040545 12720 75%
c - 5065.24  0 58 53 160127  2 4514780 292848 2.3 60 26 1 2 35% 22040545 12720 75%
c p 5066.20  0 58 53 160127  2 4514780 325279 2.3 60 26 1 2 35% 22040545 12720 75%
c u 5075.39  0 58 53 160127  2 4514780 324264 2.3 60 26 1 2 35% 22047039 12720 75%
c v 5077.55  0 58 53 160127  2 4514780 323994 2.3 60 26 1 2 35% 22047039 12720 75%
c w 5077.75  0 58 53 160127  2 4514780 323992 2.3 60 26 1 2 35% 22047039 12720 75%
c t 5077.83  0 58 53 160127  2 4514780 323990 2.3 60 26 1 2 35% 22040548 12720 75%
c ] 5084.36  0 58 53 160127  2 4520182 329051 2.3 61 26 1 2 36% 22040548 12720 75%
c { 5084.36  0 29 53 160127  4 4520182 329051 4.7 42 9 1 2 36% 22040548 12720 75%
c s 5117.62  0 28 53 161949  4 4554146 358985 4.6 42 9 1 2 36% 21992060 12720 75%
c t 5117.91  0 28 53 161949  4 4554146 358985 4.6 42 9 1 2 36% 21990212 12720 75%
c e 5118.42  0 28 53 161949  4 4554146 358975 4.6 42 9 1 2 36% 21990196 12719 75%
c s 5118.92  0 28 53 161949  4 4554146 358973 4.6 42 9 1 2 36% 21961272 12719 75%
c W 5129.17  0 28 53 162461  4 4560199 364386 4.7 42 9 1 2 36% 21961272 12719 75%
c } 5138.85  0 28 53 163106  4 4569746 372585 4.7 42 9 1 2 36% 21961272 12719 75%
c 
c   seconds   reductions      conflicts          size   tier2          variables
c           MB      restarts         redundant      glue   trail            remaining
c            level         rate            size/glue  tier1   irredundant
c 
c [ 5138.85  0 58 53 163106  2 4569746 372585 2.3 61 26 1 2 36% 21961272 12719 75%
c ] 5168.41  0 47 53 163106  2 4602049 401204 2.5 55 22 1 2 35% 21961272 12719 75%
c { 5168.41  0 28 53 163106  4 4602049 401204 4.7 42 9 1 2 36% 21961272 12719 75%
c } 5217.49  0 29 53 165987  4 4646900 440609 4.6 42 9 1 2 36% 21961272 12719 75%
c [ 5217.49  0 47 53 165987  2 4646900 440609 2.5 55 22 1 2 35% 21961272 12719 75%
c I 5224.17  0 45 53 165988  2 4656200 448892 2.5 53 21 1 2 33% 21961272 12719 75%
c ] 5257.25  0 44 53 166005  2 4692193 479215 2.5 51 20 1 2 39% 21961272 12719 75%
c { 5257.25  0 29 53 166005  4 4692193 479215 4.6 42 9 1 2 36% 21961272 12719 75%
c - 5259.04  0 29 54 166020  4 4692372 298232 4.6 42 9 1 2 37% 21961272 12719 75%
c 2 5259.09  0 29 54 166020  4 4692372 298228 4.6 42 9 1 2 37% 21960800 12719 75%
c p 5260.89  0 29 54 166020  4 4692372 336786 4.6 42 9 1 2 37% 21960800 12719 75%
c u 5265.40  0 29 54 166020  4 4692372 335743 4.6 42 9 1 2 37% 21960800 12719 75%
c v 5265.55  0 29 54 166020  4 4692372 335742 4.6 42 9 1 2 37% 21960800 12719 75%
c w 5265.56  0 29 54 166020  4 4692372 335742 4.6 42 9 1 2 37% 21960800 12719 75%
c x 5271.36  0 29 54 166020  4 4692372 335742 4.6 42 9 1 2 37% 21958776 12719 75%
c t 5271.46  0 29 54 166020  4 4692372 335736 4.6 42 9 1 2 37% 21958355 12719 75%
c } 5318.60  0 28 54 168638  4 4738202 375811 4.6 42 9 1 2 36% 21958354 12719 75%
c [ 5318.60  0 44 54 168638  2 4738202 375811 2.5 51 20 1 2 39% 21958354 12719 75%
c B 5329.82  0 40 54 168647  2 4753202 389266 2.5 48 19 1 2 38% 21958354 12719 75%
c ] 5351.46  0 42 54 168650  2 4768571 402489 2.5 49 20 1 2 40% 21958354 12719 75%
c 
c   seconds   reductions      conflicts          size  tier2          variables
c           MB      restarts         redundant      glue  trail            remaining
c            level         rate            size/glue tier1   irredundant
c 
c { 5351.46  0 28 54 168650  4 4768571 402489 4.6 42 9 1 2 36% 21958354 12719 75%
c } 5400.78  0 28 54 171384  4 4817169 445229 4.5 41 9 1 2 35% 21958354 12719 75%
c [ 5400.78  0 42 54 171384  2 4817169 445229 2.5 49 20 1 2 40% 21958354 12719 75%
c W 5434.04  0 39 54 171396  2 4851206 476684 3.0 52 18 1 2 37% 21958354 12719 75%
c - 5443.00  0 39 55 171405  2 4873337 307517 2.8 52 18 1 2 40% 21958354 12719 75%
c p 5444.48  0 39 55 171405  2 4873337 342631 2.8 52 18 1 2 40% 21958354 12719 75%
c u 5462.03  0 39 55 171405  2 4873337 340283 2.8 52 18 1 2 40% 21958354 12719 75%
c v 5464.99  0 39 55 171405  2 4873337 339975 2.8 52 18 1 2 40% 21958354 12719 75%
c w 5465.09  0 39 55 171405  2 4873337 339975 2.8 52 18 1 2 40% 21958354 12719 75%
c t 5465.18  0 39 55 171405  2 4873337 339970 2.8 52 18 1 2 40% 21958350 12719 75%
c ] 5481.99  0 37 55 171415  2 4899855 362076 2.7 46 17 1 2 41% 21958350 12719 75%
c { 5481.99  0 28 55 171415  4 4899855 362076 4.5 41 9 1 2 35% 21958350 12719 75%
c } 5530.52  0 28 55 174076  4 4945105 401424 4.5 41 9 1 2 36% 21958350 12719 75%
c [ 5530.52  0 37 55 174076  2 4945105 401424 2.7 46 17 1 2 41% 21958350 12719 75%
c O 5532.99  0 37 55 174077  2 4950208 406109 2.7 47 17 1 2 40% 21958350 12719 75%
c ] 5566.54  0 40 55 174078  2 4991808 443895 2.8 51 18 1 2 35% 21958350 12719 75%
c { 5566.54  0 28 55 174078  4 4991808 443895 4.5 41 9 1 2 36% 21958350 12719 75%
c s 5583.91  0 28 55 175049  4 5005804 456422 4.6 42 9 1 2 36% 21925102 12719 75%
c t 5584.20  0 28 55 175049  4 5005804 456420 4.6 42 9 1 2 36% 21924408 12719 75%
c s 5585.22  0 28 55 175049  4 5005804 456419 4.6 42 9 1 2 36% 21897684 12719 75%
c 
c   seconds   reductions      conflicts          size  tier2          variables
c           MB      restarts         redundant      glue  trail            remaining
c            level         rate            size/glue tier1   irredundant
c 
c } 5619.60  0 28 55 176820  4 5035332 482032 4.5 41 9 1 2 36% 21897684 12719 75%
c [ 5619.60  0 40 55 176820  2 5035332 482032 2.8 51 18 1 2 35% 21897684 12719 75%
c B 5632.23  0 41 55 176827  2 5050209 494982 2.7 51 19 1 2 36% 21897684 12719 75%
c - 5640.65  0 41 56 176831  2 5057756 311802 2.7 51 19 1 2 37% 21897684 12719 75%
c 2 5640.71  0 41 56 176831  2 5057756 311802 2.7 51 19 1 2 37% 21897015 12719 75%
c p 5642.40  0 41 56 176831  2 5057756 349150 2.7 51 19 1 2 37% 21897015 12719 75%
c u 5648.05  0 41 56 176831  2 5057756 347896 2.7 51 19 1 2 37% 21897015 12719 75%
c v 5648.10  0 41 56 176831  2 5057756 347895 2.7 51 19 1 2 37% 21897015 12719 75%
c w 5648.16  0 41 56 176831  2 5057756 347895 2.7 51 19 1 2 37% 21897015 12719 75%
c t 5648.24  0 41 56 176831  2 5057756 347895 2.7 51 19 1 2 37% 21896549 12719 75%
c ] 5664.02  0 40 56 176835  2 5067521 355609 2.7 50 19 1 2 39% 21896549 12719 75%
c { 5664.02  0 28 56 176835  4 5067521 355609 4.5 41 9 1 2 36% 21896549 12719 75%
c } 5714.59  0 27 56 179419  4 5113455 395682 4.4 40 9 1 2 36% 21896549 12719 75%
c [ 5714.59  0 40 56 179419  2 5113455 395682 2.7 50 19 1 2 39% 21896549 12719 75%
c W 5754.63  0 35 56 179434  2 5151213 429201 2.7 44 16 1 2 35% 21896549 12719 75%
c ] 5770.05  0 38 56 179442  2 5178970 453887 2.9 53 18 1 2 39% 21896549 12719 75%
c { 5770.05  0 27 56 179442  4 5178970 453887 4.4 40 9 1 2 36% 21896549 12719 75%
c } 5823.18  0 27 56 182477  4 5229048 496895 4.5 40 9 1 2 38% 21896548 12719 75%
c [ 5823.18  0 38 56 182477  2 5229048 496895 2.9 53 18 1 2 39% 21896548 12719 75%
c - 5836.42  0 35 57 182485  2 5245565 317081 2.9 49 17 1 2 38% 21896548 12719 75%
c 
c   seconds   reductions      conflicts          size   tier2          variables
c           MB      restarts         redundant      glue   trail            remaining
c            level         rate            size/glue  tier1   irredundant
c 
c p 5838.31  0 35 57 182485  2 5245565 352584 2.9 49 17 1 2 38% 21896548 12718 75%
c u 5841.38  0 35 57 182485  2 5245565 352131 2.9 49 17 1 2 38% 21896548 12718 75%
c v 5841.60  0 35 57 182485  2 5245565 352126 2.9 49 17 1 2 38% 21896548 12718 75%
c w 5841.64  0 35 57 182485  2 5245565 352126 2.9 49 17 1 2 38% 21896548 12718 75%
c t 5841.72  0 35 57 182485  2 5245565 352124 2.9 49 17 1 2 38% 21896548 12718 75%
c I 5849.89  0 39 57 182485  2 5253216 359081 2.8 50 18 1 2 37% 21896548 12718 75%
c ] 5870.01  0 40 57 182496  2 5270859 373900 2.7 50 18 1 2 39% 21896548 12718 75%
c { 5870.01  0 27 57 182496  4 5270859 373900 4.5 40 9 1 2 38% 21896548 12718 75%
c } 5923.21  0 28 57 185648  4 5316841 414604 4.6 42 9 1 2 36% 21896548 12718 75%
c [ 5923.21  0 40 57 185648  2 5316841 414604 2.7 50 18 1 2 39% 21896548 12718 75%
c B 5957.38  0 40 57 185654  2 5356220 448351 2.9 55 19 1 2 42% 21896548 12718 75%
c ] 5962.01  0 41 57 185654  2 5359833 451417 2.9 55 19 1 2 42% 21896548 12718 75%
c { 5962.01  0 28 57 185654  4 5359833 451417 4.6 42 9 1 2 36% 21896548 12718 75%
c } 6014.97  0 29 57 188792  4 5405713 491631 4.5 42 9 1 2 36% 21896548 12718 75%
c [ 6014.97  0 41 57 188792  2 5405713 491631 2.9 55 19 1 2 42% 21896548 12718 75%
c - 6042.49  0 36 58 188793  2 5436826 323986 3.9 64 17 1 2 39% 21896537 12718 75%
c 2 6042.54  0 36 58 188793  2 5436826 323983 3.9 64 17 1 2 39% 21896536 12718 75%
c d 6042.88  0 36 58 188793  2 5436826 323979 3.9 64 17 1 2 39% 21896534 12715 75%
c p 6044.68  0 36 58 188793  2 5436826 358891 3.9 64 17 1 2 39% 21896534 12715 75%
c 2 6044.75  0 36 58 188793  2 5436826 358853 3.9 64 17 1 2 39% 21896531 12715 75%
c 
c   seconds   reductions      conflicts          size   tier2          variables
c           MB      restarts         redundant      glue   trail            remaining
c            level         rate            size/glue  tier1   irredundant
c 
c u 6048.41  0 36 58 188793  2 5436826 358024 3.9 64 17 1 2 39% 21896531 12715 75%
c v 6048.50  0 36 58 188793  2 5436826 358021 3.9 64 17 1 2 39% 21896531 12715 75%
c w 6048.55  0 36 58 188793  2 5436826 358021 3.9 64 17 1 2 39% 21896531 12715 75%
c t 6048.63  0 36 58 188793  2 5436826 357923 3.9 64 17 1 2 39% 21896527 12715 75%
c ] 6062.00  0 38 58 188793  2 5444562 364764 3.8 65 17 1 2 40% 21896527 12715 75%
c { 6062.00  0 29 58 188793  4 5444562 364764 4.5 42 9 1 2 36% 21896527 12715 75%
c F 6083.02  0 29 58 190003  4 5460221 378405 4.5 42 9 1 2 36% 21896527 12715 75%
c s 6102.92  0 28 58 191018  4 5478786 394429 4.5 42 9 1 2 36% 21875890 12715 75%
c t 6103.19  0 28 58 191018  4 5478786 394429 4.5 42 9 1 2 36% 21875202 12715 75%
c e 6103.62  0 28 58 191018  4 5478786 394083 4.5 42 9 1 2 36% 21875168 12707 75%
c s 6104.12  0 28 58 191018  4 5478786 394081 4.5 42 9 1 2 36% 21856056 12707 75%
c } 6116.81  0 28 58 191596  4 5489125 402972 4.5 42 9 1 2 36% 21856056 12707 75%
c [ 6116.81  0 38 58 191596  2 5489125 402972 3.8 65 17 1 2 40% 21856056 12707 75%
c ] 6152.49  0 36 58 191596  2 5530442 441215 4.1 65 16 1 2 37% 21856056 12707 75%
c { 6152.49  0 28 58 191596  4 5530442 441215 4.5 42 9 1 2 36% 21856056 12707 75%
c B 6190.69  0 27 58 193450  4 5565222 470893 4.4 41 9 1 2 38% 21856056 12707 75%
c } 6202.34  0 27 58 193932  4 5577845 481545 4.4 40 9 1 2 38% 21856056 12707 75%
c [ 6202.34  0 36 58 193932  2 5577845 481545 4.1 65 16 1 2 37% 21856056 12707 75%
c - 6233.47  0 32 59 193954  2 5631543 332992 3.5 50 14 1 2 32% 21856056 12707 75%
c 2 6233.52  0 32 59 193954  2 5631543 332989 3.5 50 14 1 2 32% 21855731 12707 75%
c 
c   seconds   reductions      conflicts          size   tier2          variables
c           MB      restarts         redundant      glue   trail            remaining
c            level         rate            size/glue  tier1   irredundant
c 
c p 6235.28  0 32 59 193954  2 5631543 367255 3.5 50 14 1 2 32% 21855731 12707 75%
c u 6240.14  0 32 59 193954  2 5631543 366517 3.5 50 14 1 2 32% 21855731 12707 75%
c v 6240.46  0 32 59 193954  2 5631543 366513 3.5 50 14 1 2 32% 21855731 12707 75%
c w 6240.51  0 32 59 193954  2 5631543 366513 3.5 50 14 1 2 32% 21855731 12707 75%
c t 6240.61  0 32 59 193954  2 5631543 366510 3.5 50 14 1 2 32% 21855464 12707 75%
c ] 6252.70  0 34 59 193961  2 5645291 378494 3.4 50 15 1 2 34% 21855464 12707 75%
c { 6252.70  0 27 59 193961  4 5645291 378494 4.4 40 9 1 2 38% 21855464 12707 75%
c W 6306.59  0 27 59 195674  4 5671224 401118 4.4 41 9 1 2 38% 21855464 12707 75%
c } 6330.22  0 27 59 197119  4 5692641 419655 4.4 41 9 1 2 39% 21855464 12707 75%
c [ 6330.22  0 34 59 197119  2 5692641 419655 3.4 50 15 1 2 34% 21855464 12707 75%
c ] 6369.67  0 26 59 197149  2 5771444 486945 2.9 36 12 1 2 31% 21855464 12707 75%
c { 6369.67  0 27 59 197149  4 5771444 486945 4.4 41 9 1 2 39% 21855464 12707 75%
c # 6376.29  0 27 59 197562  4 5778228 492924 4.4 41 9 1 2 38% 21855464 12707 75%
c } 6422.39  0 27 59 200161  4 5819284 528566 4.4 41 9 1 2 37% 21855464 12707 75%
c [ 6422.39  0 26 59 200161  2 5819284 528566 2.9 36 12 1 2 31% 21855464 12707 75%
c - 6430.61  0 29 60 200163  2 5829669 338153 2.8 37 13 1 2 30% 21855464 12707 75%
c p 6432.37  0 29 60 200163  2 5829669 371830 2.8 37 13 1 2 30% 21855464 12707 75%
c u 6443.16  0 29 60 200163  2 5829669 371394 2.8 37 13 1 2 30% 21860486 12707 75%
c v 6443.28  0 29 60 200163  2 5829669 371392 2.8 37 13 1 2 30% 21860486 12707 75%
c w 6443.38  0 29 60 200163  2 5829669 371392 2.8 37 13 1 2 30% 21860486 12707 75%
c 
c   seconds   reductions      conflicts          size   tier2          variables
c           MB      restarts         redundant      glue   trail            remaining
c            level         rate            size/glue  tier1   irredundant
c 
c t 6443.46  0 29 60 200163  2 5829669 371389 2.8 37 13 1 2 30% 21855465 12707 75%
c W 6484.19  0 39 60 200168  2 5886229 422680 2.4 38 16 1 2 28% 21855465 12707 75%
c ] 6493.04  0 37 60 200176  2 5900634 435087 2.4 37 16 1 2 28% 21855465 12707 75%
c { 6493.04  0 27 60 200176  4 5900634 435087 4.4 41 9 1 2 37% 21855465 12707 75%
c } 6547.58  0 28 60 202941  4 5949584 478070 4.5 41 9 1 2 36% 21855465 12707 75%
c [ 6547.58  0 37 60 202941  2 5949584 478070 2.4 37 16 1 2 28% 21855465 12707 75%
c s 6577.30  0 36 60 202951  2 5973203 498158 2.5 38 15 1 2 33% 21836048 12707 75%
c t 6577.57  0 36 60 202951  2 5973203 498158 2.5 38 15 1 2 33% 21835616 12707 75%
c s 6578.54  0 36 60 202951  2 5973203 498156 2.5 38 15 1 2 33% 21812754 12707 75%
c ] 6589.59  0 35 60 202956  2 5983666 507005 2.5 38 15 1 2 35% 21812754 12707 75%
c { 6589.59  0 28 60 202956  4 5983666 507005 4.5 41 9 1 2 36% 21812754 12707 75%
c B 6601.73  0 28 60 203531  4 5995233 517120 4.5 42 9 1 2 36% 21812754 12707 75%
c - 6640.30  0 27 61 205625  4 6031251 342792 4.5 42 9 1 2 35% 21812754 12707 75%
c 2 6640.35  0 27 61 205625  4 6031251 342792 4.5 42 9 1 2 35% 21812471 12707 75%
c p 6642.06  0 27 61 205625  4 6031251 375869 4.5 42 9 1 2 35% 21812471 12707 75%
c u 6663.25  0 27 61 205625  4 6031251 374788 4.5 42 9 1 2 35% 21812471 12707 75%
c v 6663.29  0 27 61 205625  4 6031251 374788 4.5 42 9 1 2 35% 21812471 12707 75%
c w 6663.29  0 27 61 205625  4 6031251 374788 4.5 42 9 1 2 35% 21812471 12707 75%
c t 6663.37  0 27 61 205625  4 6031251 374787 4.5 42 9 1 2 35% 21812245 12707 75%
c } 6670.76  0 28 61 206019  4 6036806 379641 4.5 42 9 1 2 34% 21812245 12707 75%
c 
c   seconds   reductions      conflicts          size   tier2          variables
c           MB      restarts         redundant      glue   trail            remaining
c            level         rate            size/glue  tier1   irredundant
c 
c [ 6670.76  0 35 61 206019  2 6036806 379641 2.5 38 15 1 2 35% 21812245 12707 75%
c O 6708.14  0 28 61 206042  2 6105234 440142 2.5 32 12 1 2 30% 21812245 12707 75%
c ] 6713.34  0 28 61 206046  2 6114597 448435 2.5 32 13 1 2 30% 21812245 12707 75%
c { 6713.34  0 28 61 206046  4 6114597 448435 4.5 42 9 1 2 34% 21812245 12707 75%
c } 6769.98  0 27 61 209239  4 6167047 493818 4.6 43 9 1 2 36% 21812245 12707 75%
c [ 6769.98  0 28 61 209239  2 6167047 493818 2.5 32 13 1 2 30% 21812245 12707 75%
c B 6802.54  0 25 61 209249  2 6216239 537771 2.6 30 12 1 2 28% 21812245 12707 75%
c ] 6810.79  0 36 61 209249  2 6226798 547255 2.3 36 15 1 2 29% 21812245 12707 75%
c { 6810.79  0 27 61 209249  4 6226798 547255 4.6 43 9 1 2 36% 21812245 12707 75%
c - 6822.91  0 27 62 209765  4 6236235 347082 4.6 43 9 1 2 36% 21812245 12707 75%
c p 6824.67  0 27 62 209765  4 6236235 379568 4.6 43 9 1 2 36% 21812245 12707 75%
c u 6831.21  0 27 62 209765  4 6236235 378220 4.6 43 9 1 2 36% 21812245 12707 75%
c v 6831.22  0 27 62 209765  4 6236235 378220 4.6 43 9 1 2 36% 21812245 12707 75%
c w 6831.22  0 27 62 209765  4 6236235 378220 4.6 43 9 1 2 36% 21812245 12707 75%
c t 6831.31  0 27 62 209765  4 6236235 378215 4.6 43 9 1 2 36% 21812244 12707 75%
c } 6878.81  0 27 62 211896  4 6283167 418439 4.5 42 9 1 2 37% 21812244 12707 75%
c [ 6878.81  0 36 62 211896  2 6283167 418439 2.3 36 15 1 2 29% 21812244 12707 75%
c W 6921.58  0 32 62 211897  2 6328240 457916 2.5 35 14 1 2 28% 21812244 12707 75%
c ] 6950.99  0 44 62 211898  2 6401198 518929 2.1 45 21 1 2 39% 21812244 12707 75%
c { 6950.99  0 27 62 211898  4 6401198 518929 4.5 42 9 1 2 37% 21812244 12707 75%
c 
c   seconds   reductions      conflicts          size  tier2          variables
c           MB      restarts         redundant      glue  trail            remaining
c            level         rate            size/glue tier1   irredundant
c 
c W 6997.05  0 27 62 214076  3 6441241 553677 4.5 41 9 1 2 36% 21812244 12707 75%
c - 7001.66  0 27 63 214237  3 6444673 349246 4.5 41 9 1 2 36% 21812244 12707 75%
c p 7003.05  0 27 63 214237  3 6444673 377784 4.5 41 9 1 2 36% 21812244 12707 75%
c u 7006.66  0 27 63 214237  3 6444673 377053 4.5 41 9 1 2 36% 21812244 12707 75%
c v 7006.66  0 27 63 214237  3 6444673 377053 4.5 41 9 1 2 36% 21812244 12707 75%
c x 7010.68  0 27 63 214237  3 6444673 377053 4.5 41 9 1 2 36% 21811171 12707 75%
c t 7010.76  0 27 63 214237  3 6444673 377042 4.5 41 9 1 2 36% 21811167 12707 75%
c } 7025.30  0 26 63 214930  3 6460649 390325 4.4 40 9 1 2 37% 21811167 12707 75%
c [ 7025.30  0 44 63 214930  2 6460649 390325 2.1 45 21 1 2 39% 21811167 12707 75%
c s 7055.79  0 43 63 214930  2 6488979 415405 2.3 47 20 1 2 40% 21774422 12707 75%
c t 7056.05  0 43 63 214930  2 6488979 415405 2.3 47 20 1 2 40% 21773813 12707 75%
c s 7057.08  0 43 63 214930  2 6488979 415405 2.3 47 20 1 2 40% 21735200 12707 75%
c ] 7072.02  0 41 63 214930  2 6505807 429808 2.3 46 20 1 2 42% 21735200 12707 75%
c { 7072.02  0 26 63 214930  3 6505807 429808 4.4 40 9 1 2 37% 21735200 12707 75%
c F 7122.69  0 26 63 217772  3 6555248 472376 4.4 40 9 1 2 36% 21735200 12707 75%
c } 7131.85  0 25 63 218077  3 6566441 481127 4.3 38 9 1 2 38% 21735200 12707 75%
c [ 7131.85  0 41 63 218077  2 6566441 481127 2.3 46 20 1 2 42% 21735200 12707 75%
c i 7132.11  0 41 63 218077  2 6567170 481637 2.3 46 20 1 2 42% 21735200 12706 75%
c ] 7187.09  0 38 63 218090  2 6635955 543059 2.6 46 17 1 2 36% 21735200 12706 75%
c { 7187.09  0 25 63 218090  3 6635955 543059 4.3 38 9 1 2 38% 21735200 12706 75%
c 
c   seconds   reductions      conflicts          size  tier2          variables
c           MB      restarts         redundant      glue  trail            remaining
c            level         rate            size/glue tier1   irredundant
c 
c - 7214.67  0 26 64 219686  4 6656566 352352 4.3 39 9 1 2 37% 21735187 12706 75%
c 2 7214.71  0 26 64 219686  4 6656566 352351 4.3 39 9 1 2 37% 21734980 12706 75%
c d 7215.11  0 26 64 219686  4 6656566 352350 4.3 39 9 1 2 37% 21734977 12705 75%
c p 7216.88  0 26 64 219686  4 6656566 383056 4.3 39 9 1 2 37% 21734977 12705 75%
c 2 7216.94  0 26 64 219686  4 6656566 383023 4.3 39 9 1 2 37% 21734977 12705 75%
c u 7222.54  0 26 64 219686  4 6656566 380631 4.3 39 9 1 2 37% 21734977 12705 75%
c v 7222.54  0 26 64 219686  4 6656566 380631 4.3 39 9 1 2 37% 21734977 12705 75%
c w 7222.55  0 26 64 219686  4 6656566 380631 4.3 39 9 1 2 37% 21734977 12705 75%
c t 7222.62  0 26 64 219686  4 6656566 380513 4.3 39 9 1 2 37% 21734826 12705 75%
c B 7237.60  0 26 64 220656  4 6670252 391991 4.2 38 9 1 2 37% 21734826 12705 75%
c } 7258.96  0 27 64 222149  4 6689371 408806 4.4 40 9 1 2 37% 21734826 12705 75%
c [ 7258.96  0 38 64 222149  2 6689371 408806 2.6 46 17 1 2 36% 21734826 12705 75%
c I 7306.92  0 30 64 222182  2 6786255 492381 2.6 38 15 1 2 34% 21734826 12705 75%
c ] 7308.95  0 29 64 222185  2 6790050 495791 2.6 38 15 1 2 34% 21734826 12705 75%
c { 7308.95  0 27 64 222185  4 6790050 495791 4.4 40 9 1 2 37% 21734826 12705 75%
c } 7370.72  0 27 64 226062  4 6844797 543223 4.6 43 9 1 2 37% 21734826 12705 75%
c [ 7370.72  0 29 64 226062  2 6844797 543223 2.6 38 15 1 2 34% 21734826 12705 75%
c - 7386.43  0 28 65 226074  2 6871814 357078 2.6 36 14 1 2 34% 21734826 12705 75%
c p 7388.24  0 28 65 226074  2 6871814 387412 2.6 36 14 1 2 34% 21734826 12705 75%
c u 7394.15  0 28 65 226074  2 6871814 386238 2.6 36 14 1 2 34% 21734826 12705 75%
c 
c   seconds   reductions      conflicts          size   tier2          variables
c           MB      restarts         redundant      glue   trail            remaining
c            level         rate            size/glue  tier1   irredundant
c 
c v 7394.21  0 28 65 226074  2 6871814 386236 2.6 36 14 1 2 34% 21734826 12705 75%
c w 7394.23  0 28 65 226074  2 6871814 386236 2.6 36 14 1 2 34% 21734826 12705 75%
c t 7394.31  0 28 65 226074  2 6871814 386227 2.6 36 14 1 2 34% 21734824 12705 75%
c B 7423.82  0 32 65 226076  2 6903256 414659 3.0 47 16 1 2 36% 21734824 12705 75%
c ] 7427.85  0 32 65 226076  2 6907291 418310 3.0 47 16 1 2 37% 21734824 12705 75%
c { 7427.85  0 27 65 226076  4 6907291 418310 4.6 43 9 1 2 37% 21734824 12705 75%
c } 7490.69  0 27 65 229812  4 6967839 470399 4.4 42 9 1 2 38% 21734824 12705 75%
c [ 7490.69  0 32 65 229812  2 6967839 470399 3.0 47 16 1 2 37% 21734824 12705 75%
c W 7546.67  0 27 65 229830  2 7021258 518186 2.9 39 13 1 2 32% 21734824 12705 75%
c s 7551.24  0 28 65 229833  2 7025989 522221 2.9 39 13 1 2 32% 21708170 12705 75%
c t 7551.50  0 28 65 229833  2 7025989 522220 2.9 39 13 1 2 32% 21707878 12705 75%
c e 7551.96  0 28 65 229833  2 7025989 522210 2.9 39 13 1 2 32% 21707873 12704 75%
c s 7552.45  0 28 65 229833  2 7025989 522210 2.9 39 13 1 2 32% 21672252 12704 75%
c ] 7564.64  0 28 65 229842  2 7045875 538990 2.9 39 14 1 2 34% 21672252 12704 75%
c { 7564.64  0 27 65 229842  4 7045875 538990 4.4 42 9 1 2 38% 21672252 12704 75%
c - 7612.85  0 27 66 232242  4 7090518 363953 4.4 41 9 1 2 36% 21672252 12704 75%
c 2 7612.89  0 27 66 232242  4 7090518 363953 4.4 41 9 1 2 36% 21671925 12704 75%
c p 7614.61  0 27 66 232242  4 7090518 393925 4.4 41 9 1 2 36% 21671925 12704 75%
c u 7620.39  0 27 66 232242  4 7090518 391861 4.4 41 9 1 2 36% 21671925 12704 75%
c v 7620.41  0 27 66 232242  4 7090518 391861 4.4 41 9 1 2 36% 21671925 12704 75%
c 
c   seconds   reductions      conflicts          size  tier2          variables
c           MB      restarts         redundant      glue  trail            remaining
c            level         rate            size/glue tier1   irredundant
c 
c w 7620.42  0 27 66 232242  4 7090518 391861 4.4 41 9 1 2 36% 21671925 12704 75%
c t 7620.51  0 27 66 232242  4 7090518 391856 4.4 41 9 1 2 36% 21671702 12704 75%
c } 7633.09  0 27 66 232968  4 7103761 403227 4.3 41 9 1 2 36% 21671702 12704 75%
c [ 7633.09  0 28 66 232968  2 7103761 403227 2.9 39 14 1 2 34% 21671702 12704 75%
c O 7653.75  0 25 66 232977  2 7140259 435813 2.8 35 13 1 2 31% 21671702 12704 75%
c ] 7673.62  0 24 66 232996  2 7178414 467539 2.7 34 13 1 2 29% 21671702 12704 75%
c { 7673.62  0 27 66 232996  4 7178414 467539 4.3 41 9 1 2 36% 21671702 12704 75%
c } 7734.42  0 27 66 236553  4 7234948 516709 4.3 41 9 1 2 35% 21671702 12704 75%
c [ 7734.42  0 24 66 236553  2 7234948 516709 2.7 34 13 1 2 29% 21671702 12704 75%
c B 7746.25  0 24 66 236557  2 7260260 538648 2.6 33 13 1 2 29% 21671702 12704 75%
c - 7786.65  0 52 67 236559  2 7312590 366901 2.3 52 22 1 2 32% 21671702 12704 75%
c p 7788.41  0 52 67 236559  2 7312590 396649 2.3 52 22 1 2 32% 21671702 12704 75%
c u 7794.90  0 52 67 236559  2 7312590 394972 2.3 52 22 1 2 32% 21671702 12704 75%
c v 7794.99  0 52 67 236559  2 7312590 394971 2.3 52 22 1 2 32% 21671702 12704 75%
c w 7795.08  0 52 67 236559  2 7312590 394970 2.3 52 22 1 2 32% 21671702 12704 75%
c t 7795.15  0 52 67 236559  2 7312590 394966 2.3 52 22 1 2 32% 21671701 12704 75%
c ] 7796.25  0 53 67 236559  2 7314233 396524 2.3 52 22 1 2 32% 21671701 12704 75%
c { 7796.25  0 27 67 236559  4 7314233 396524 4.3 41 9 1 2 35% 21671701 12704 75%
c } 7858.83  0 27 67 240403  4 7375933 450423 4.5 43 9 1 2 36% 21671701 12704 75%
c [ 7858.83  0 53 67 240403  2 7375933 450423 2.3 52 22 1 2 32% 21671701 12704 75%
c 
c   seconds   reductions      conflicts          size   tier2          variables
c           MB      restarts         redundant      glue   trail            remaining
c            level         rate            size/glue  tier1   irredundant
c 
c W 7878.19  0 51 67 240403  2 7381262 454868 2.4 51 21 1 2 33% 21671701 12704 75%
c ] 7926.38  0 51 67 240413  2 7445311 511191 2.2 48 21 1 2 27% 21671701 12704 75%
c { 7926.38  0 27 67 240413  4 7445311 511191 4.5 43 9 1 2 36% 21671701 12704 75%
c W 7990.26  0 27 67 243627  4 7503270 560526 4.6 43 9 1 2 37% 21671700 12704 75%
c } 7994.91  0 26 67 243826  4 7509104 565292 4.5 42 9 1 2 37% 21671700 12704 75%
c [ 7994.91  0 51 67 243826  2 7509104 565292 2.2 48 21 1 2 27% 21671700 12704 75%
c - 8016.15  0 43 68 243838  2 7538110 372839 2.3 42 18 1 2 27% 21671699 12704 75%
c p 8017.99  0 43 68 243838  2 7538110 402343 2.3 42 18 1 2 27% 21671699 12704 75%
c c 8022.96  0 43 68 243838  2 7538110 402343 2.3 42 18 1 2 27% 21676069 12704 75%
c d 8023.42  0 43 68 243838  2 7538110 402342 2.3 42 18 1 2 27% 21676067 12703 75%
c 2 8023.50  0 43 68 243838  2 7538110 402336 2.3 42 18 1 2 27% 21676066 12703 75%
c = 8041.06  0 43 68 243838  2 7538110 402336 2.3 42 18 1 2 27% 21676066 12702 75%
c u 8048.31  0 43 68 243838  2 7538110 400118 2.3 42 18 1 2 27% 21676066 12702 75%
c v 8048.46  0 43 68 243838  2 7538110 400113 2.3 42 18 1 2 27% 21676066 12702 75%
c w 8048.47  0 43 68 243838  2 7538110 400113 2.3 42 18 1 2 27% 21676066 12702 75%
c t 8048.55  0 43 68 243838  2 7538110 400063 2.3 42 18 1 2 27% 21671697 12702 75%
c ] 8073.36  0 40 68 243847  2 7576596 432527 2.3 43 18 1 2 34% 21671697 12702 75%
c { 8073.36  0 26 68 243847  4 7576596 432527 4.5 42 9 1 2 37% 21671697 12702 75%
c s 8082.20  0 26 68 244293  4 7584280 439109 4.5 42 9 1 2 37% 21633593 12702 75%
c t 8082.45  0 26 68 244293  4 7584280 439109 4.5 42 9 1 2 37% 21633305 12702 75%
c 
c   seconds   reductions      conflicts          size  tier2          variables
c           MB      restarts         redundant      glue  trail            remaining
c            level         rate            size/glue tier1   irredundant
c 
c s 8083.37  0 26 68 244293  4 7584280 439109 4.5 42 9 1 2 37% 21595554 12702 75%
c # 8128.92  0 27 68 246961  4 7626271 475379 4.4 42 9 1 2 37% 21595554 12702 75%
c } 8138.84  0 27 68 247493  4 7635503 483415 4.5 42 9 1 2 36% 21595554 12702 75%
c [ 8138.84  0 40 68 247493  2 7635503 483415 2.3 43 18 1 2 34% 21595554 12702 75%
c ] 8193.10  0 32 68 247525  2 7727237 561862 2.5 40 16 1 2 35% 21595554 12702 75%
c { 8193.10  0 27 68 247525  4 7727237 561862 4.5 42 9 1 2 36% 21595554 12702 75%
c B 8218.23  0 27 68 248971  4 7750272 581740 4.5 42 9 1 2 36% 21595554 12702 75%
c - 8235.60  0 26 69 249791  4 7767086 376498 4.4 42 9 1 2 36% 21595554 12702 75%
c 2 8235.64  0 26 69 249791  4 7767086 376497 4.4 42 9 1 2 36% 21595436 12702 75%
c p 8237.33  0 26 69 249791  4 7767086 405797 4.4 42 9 1 2 36% 21595436 12702 75%
c u 8243.88  0 26 69 249791  4 7767086 404336 4.4 42 9 1 2 36% 21595436 12702 75%
c t 8243.97  0 26 69 249791  4 7767086 404333 4.4 42 9 1 2 36% 21595323 12702 75%
c } 8267.11  0 27 69 251190  4 7789054 423461 4.5 42 9 1 2 36% 21595323 12702 75%
c [ 8267.11  0 32 69 251190  2 7789054 423461 2.5 40 16 1 2 35% 21595323 12702 75%
c ] 8312.33  0 33 69 251206  2 7849077 476048 2.5 39 16 1 2 37% 21595323 12702 75%
c { 8312.33  0 27 69 251206  4 7849077 476048 4.5 42 9 1 2 36% 21595323 12702 75%
c W 8358.16  0 26 69 252828  4 7875274 498669 4.4 41 9 1 2 36% 21595323 12702 75%
c } 8392.37  0 26 69 254544  3 7910812 529287 4.4 40 9 1 2 36% 21595323 12702 75%
c [ 8392.37  0 33 69 254544  2 7910812 529287 2.5 39 16 1 2 37% 21595323 12702 75%
c ] 8438.71  0 29 69 254574  2 7991630 600540 2.6 36 14 1 2 33% 21595323 12702 75%
c 
c   seconds   reductions      conflicts          size  tier2          variables
c           MB      restarts         redundant      glue  trail            remaining
c            level         rate            size/glue tier1   irredundant
c 
c { 8438.71  0 26 69 254574  3 7991630 600540 4.4 40 9 1 2 36% 21595323 12702 75%
c - 8448.83  0 26 70 255178  4 7999402 381181 4.4 41 9 1 2 36% 21595322 12702 75%
c p 8450.60  0 26 70 255178  4 7999402 410470 4.4 41 9 1 2 36% 21595322 12702 75%
c u 8457.58  0 26 70 255178  4 7999402 408123 4.4 41 9 1 2 36% 21595322 12702 75%
c v 8457.63  0 26 70 255178  4 7999402 408118 4.4 41 9 1 2 36% 21595322 12702 75%
c w 8457.65  0 26 70 255178  4 7999402 408118 4.4 41 9 1 2 36% 21595322 12702 75%
c t 8457.73  0 26 70 255178  4 7999402 408112 4.4 41 9 1 2 36% 21595321 12702 75%
c F 8459.99  0 27 70 255327  4 8001276 409762 4.4 41 9 1 2 36% 21595321 12702 75%
c } 8514.79  0 27 70 258678  4 8055150 456608 4.4 41 9 1 2 35% 21595321 12702 75%
c [ 8514.79  0 29 70 258678  2 8055150 456608 2.6 36 14 1 2 33% 21595321 12702 75%
c I 8549.91  0 27 70 258695  1 8128277 521552 2.5 32 13 1 2 28% 21595321 12702 75%
c ] 8564.42  0 30 70 258696  2 8151796 543307 2.7 38 14 1 2 28% 21595321 12702 75%
c { 8564.42  0 27 70 258696  4 8151796 543307 4.4 41 9 1 2 35% 21595321 12702 75%
c s 8576.50  0 27 70 259502  4 8163779 553734 4.4 41 9 1 2 35% 21565613 12702 75%
c t 8576.75  0 27 70 259502  4 8163779 553734 4.4 41 9 1 2 35% 21565386 12702 75%
c e 8577.20  0 27 70 259502  4 8163779 553447 4.4 41 9 1 2 35% 21565379 12701 75%
c s 8577.69  0 27 70 259502  4 8163779 553445 4.4 41 9 1 2 35% 21529495 12701 75%
c } 8633.18  0 27 70 262654  4 8213185 596062 4.3 41 9 1 2 35% 21529495 12701 75%
c [ 8633.18  0 30 70 262654  2 8213185 596062 2.7 38 14 1 2 28% 21529495 12701 75%
c - 8658.32  0 28 71 262654  2 8235168 388015 3.1 42 13 1 2 28% 21529495 12701 75%
c 
c   seconds   reductions      conflicts          size   tier2          variables
c           MB      restarts         redundant      glue   trail            remaining
c            level         rate            size/glue  tier1   irredundant
c 
c 2 8658.36  0 28 71 262654  2 8235168 388015 3.1 42 13 1 2 28% 21529395 12701 75%
c d 8658.74  0 28 71 262654  2 8235168 387958 3.1 42 13 1 2 28% 21529393 12700 75%
c p 8660.47  0 28 71 262654  2 8235168 416726 3.1 42 13 1 2 28% 21529393 12700 75%
c 2 8660.54  0 28 71 262654  2 8235168 416725 3.1 42 13 1 2 28% 21529393 12700 75%
c u 8667.87  0 28 71 262654  2 8235168 415102 3.1 42 13 1 2 28% 21529393 12700 75%
c v 8668.00  0 28 71 262654  2 8235168 415097 3.1 42 13 1 2 28% 21529393 12700 75%
c w 8668.03  0 28 71 262654  2 8235168 415097 3.1 42 13 1 2 28% 21529393 12700 75%
c t 8668.11  0 28 71 262654  2 8235168 415091 3.1 42 13 1 2 28% 21529246 12700 75%
c B 8688.38  0 46 71 262654  2 8256278 434867 2.7 56 21 1 2 31% 21529246 12700 75%
c ] 8691.94  0 45 71 262654  2 8264965 442384 2.6 54 20 1 2 33% 21529246 12700 75%
c { 8691.94  0 27 71 262654  4 8264965 442384 4.3 41 9 1 2 35% 21529246 12700 75%
c } 8757.22  0 26 71 266288  4 8327160 495235 4.3 41 9 1 2 36% 21529246 12700 75%
c [ 8757.22  0 45 71 266288  2 8327160 495235 2.6 54 20 1 2 33% 21529246 12700 75%
c W 8820.23  0 54 71 266289  2 8385279 546116 2.5 49 19 1 2 36% 21529246 12700 75%
c ] 8838.41  0 52 71 266289  2 8428444 584679 2.4 49 20 1 2 38% 21529246 12700 75%
c { 8838.41  0 26 71 266289  4 8428444 584679 4.3 41 9 1 2 36% 21529246 12700 75%
c - 8885.08  0 26 72 268853  4 8474286 390981 4.2 40 9 1 2 36% 21529246 12700 75%
c p 8886.90  0 26 72 268853  4 8474286 419434 4.2 40 9 1 2 36% 21529246 12700 75%
c u 8898.63  0 26 72 268853  4 8474286 417561 4.2 40 9 1 2 36% 21533362 12700 75%
c t 8898.72  0 26 72 268853  4 8474286 417551 4.2 40 9 1 2 36% 21529246 12700 75%
c 
c   seconds   reductions      conflicts          size  tier2          variables
c           MB      restarts         redundant      glue  trail            remaining
c            level         rate            size/glue tier1   irredundant
c 
c } 8921.50  0 25 72 270207  3 8501076 440606 4.3 40 9 1 2 37% 21529246 12700 75%
c [ 8921.50  0 52 72 270207  2 8501076 440606 2.4 49 20 1 2 38% 21529246 12700 75%
c O 8940.19  0 53 72 270207  2 8515280 453555 2.4 49 21 1 2 36% 21529246 12700 75%
c ] 8969.97  0 48 72 270208  2 8562995 497216 2.4 48 20 1 2 33% 21529246 12700 75%
c { 8969.97  0 25 72 270208  3 8562995 497216 4.3 40 9 1 2 37% 21529246 12700 75%
c i 8998.68  0 25 72 271868  4 8590933 521070 4.3 40 9 1 2 37% 21529246 12699 75%
c } 9036.98  0 25 72 274072  4 8624245 549489 4.3 40 9 1 2 36% 21529246 12699 75%
c [ 9036.98  0 48 72 274072  2 8624245 549489 2.4 48 20 1 2 33% 21529246 12699 75%
c B 9050.15  0 44 72 274072  2 8646282 569838 2.6 49 19 1 2 32% 21529246 12699 75%
c ] 9087.21  0 49 72 274072  2 8679692 600045 2.5 56 22 1 2 36% 21529246 12699 75%
c { 9087.21  0 25 72 274072  4 8679692 600045 4.3 40 9 1 2 36% 21529246 12699 75%
c - 9128.25  0 25 73 276240  4 8716852 394946 4.1 39 9 1 2 37% 21529226 12699 75%
c 2 9128.29  0 25 73 276240  4 8716852 394946 4.1 39 9 1 2 37% 21529225 12699 75%
c d 9128.64  0 25 73 276240  4 8716852 394944 4.1 39 9 1 2 37% 21529223 12697 75%
c p 9130.38  0 25 73 276240  4 8716852 421595 4.1 39 9 1 2 37% 21529223 12697 75%
c 2 9130.45  0 25 73 276240  4 8716852 421581 4.1 39 9 1 2 37% 21529223 12697 75%
c u 9136.91  0 25 73 276240  4 8716852 420328 4.1 39 9 1 2 37% 21529223 12697 75%
c v 9136.91  0 25 73 276240  4 8716852 420328 4.1 39 9 1 2 37% 21529223 12697 75%
c w 9136.91  0 25 73 276240  4 8716852 420328 4.1 39 9 1 2 37% 21529223 12697 75%
c x 9141.91  0 25 73 276240  4 8716852 420328 4.1 39 9 1 2 37% 21527576 12697 75%
c 
c   seconds   reductions      conflicts          size  tier2          variables
c           MB      restarts         redundant      glue  trail            remaining
c            level         rate            size/glue tier1   irredundant
c 
c t 9142.01  0 25 73 276240  4 8716852 420289 4.1 39 9 1 2 37% 21527575 12697 75%
c } 9170.53  0 26 73 277943  4 8743968 443547 4.1 39 9 1 2 37% 21527575 12697 75%
c [ 9170.53  0 49 73 277943  2 8743968 443547 2.5 56 22 1 2 36% 21527575 12697 75%
c s 9179.19  0 44 73 277943  2 8764501 462309 2.6 52 20 1 2 33% 21494832 12697 75%
c t 9179.44  0 44 73 277943  2 8764501 462309 2.6 52 20 1 2 33% 21494529 12697 75%
c e 9179.93  0 44 73 277943  2 8764501 461647 2.6 52 20 1 2 33% 21494522 12694 75%
c s 9180.41  0 44 73 277943  2 8764501 461645 2.6 52 20 1 2 33% 21460150 12694 75%
c W 9213.10  0 49 73 277943  2 8778283 474117 2.6 56 21 1 2 34% 21460150 12694 75%
c ] 9256.29  0 59 73 277943  2 8872137 557736 2.2 54 25 1 2 36% 21460150 12694 75%
c { 9256.29  0 26 73 277943  4 8872137 557736 4.1 39 9 1 2 37% 21460150 12694 75%
c B 9293.63  0 25 73 279800  3 8911286 590796 4.1 38 9 1 2 37% 21460150 12694 75%
c } 9326.66  0 25 73 281654  3 8940520 615618 4.2 39 9 1 2 37% 21460150 12694 75%
c [ 9326.66  0 59 73 281654  2 8940520 615618 2.2 54 25 1 2 36% 21460150 12694 75%
c - 9340.00  0 54 74 281654  2 8962862 400433 2.4 56 23 1 2 35% 21460150 12694 75%
c 2 9340.04  0 54 74 281654  2 8962862 400433 2.4 56 23 1 2 35% 21459961 12694 75%
c p 9341.70  0 54 74 281654  2 8962862 426663 2.4 56 23 1 2 35% 21459961 12694 75%
c u 9347.63  0 54 74 281654  2 8962862 425594 2.4 56 23 1 2 35% 21459961 12694 75%
c v 9347.75  0 54 74 281654  2 8962862 425584 2.4 56 23 1 2 35% 21459961 12694 75%
c w 9347.80  0 54 74 281654  2 8962862 425583 2.4 56 23 1 2 35% 21459961 12694 75%
c t 9347.88  0 54 74 281654  2 8962862 425576 2.4 56 23 1 2 35% 21459792 12694 75%
c 
c   seconds   reductions      conflicts          size   tier2          variables
c           MB      restarts         redundant      glue   trail            remaining
c            level         rate            size/glue  tier1   irredundant
c 
c I 9397.48  0 70 74 281655  2 9045287 499232 2.0 62 30 1 2 34% 21459792 12694 75%
c ] 9398.41  0 70 74 281655  2 9045949 499787 2.0 62 30 1 2 34% 21459792 12694 75%
c { 9398.41  0 25 74 281655  3 9045949 499787 4.2 39 9 1 2 37% 21459792 12694 75%
c } 9467.03  0 24 74 285460  3 9115376 557537 4.2 38 9 1 2 38% 21459792 12694 75%
c [ 9467.03  0 70 74 285460  2 9115376 557537 2.0 62 30 1 2 34% 21459792 12694 75%
c B 9501.92  0 46 74 285460  2 9180288 616449 2.3 46 20 1 2 27% 21459792 12694 75%
c ] 9522.22  0 53 74 285460  2 9206440 639921 2.3 51 23 1 2 30% 21459792 12694 75%
c { 9522.22  0 24 74 285460  3 9206440 639921 4.2 38 9 1 2 38% 21459792 12694 75%
c - 9531.22  0 24 75 285895  3 9212219 402406 4.2 38 9 1 2 38% 21459792 12694 75%
c p 9533.16  0 24 75 285895  3 9212219 428666 4.2 38 9 1 2 38% 21459792 12694 75%
c u 9539.89  0 24 75 285895  3 9212219 426378 4.2 38 9 1 2 38% 21459792 12694 75%
c v 9539.94  0 24 75 285895  3 9212219 426376 4.2 38 9 1 2 38% 21459792 12694 75%
c w 9539.97  0 24 75 285895  3 9212219 426375 4.2 38 9 1 2 38% 21459792 12694 75%
c t 9540.04  0 24 75 285895  3 9212219 426369 4.2 38 9 1 2 38% 21459788 12694 75%
c } 9605.38  0 24 75 289763  3 9278826 483378 4.1 37 9 1 2 37% 21459788 12694 75%
c [ 9605.38  0 53 75 289763  2 9278826 483378 2.3 51 23 1 2 30% 21459788 12694 75%
c i 9607.22  0 51 75 289763  2 9283741 487359 2.3 50 22 1 2 31% 21459788 12693 75%
c W 9640.52  0 51 75 289763  2 9316289 505773 2.4 52 22 1 2 31% 21459773 12693 75%
c s 9664.31  0 45 75 289763  2 9386455 566489 2.3 52 22 1 2 38% 21425693 12693 75%
c t 9664.57  0 45 75 289763  2 9386455 566489 2.3 52 22 1 2 38% 21425338 12693 75%
c 
c   seconds   reductions      conflicts          size   tier2          variables
c           MB      restarts         redundant      glue   trail            remaining
c            level         rate            size/glue  tier1   irredundant
c 
c e 9665.03  0 45 75 289763  2 9386455 565024 2.3 52 22 1 2 38% 21425334 12692 75%
c s 9665.57  0 45 75 289763  2 9386455 565024 2.3 52 22 1 2 38% 21390960 12692 75%
c O 9694.58  0 44 75 289763  2 9453291 621259 2.2 48 22 1 2 41% 21390960 12692 75%
c ] 9697.10  0 44 75 289763  2 9456518 624120 2.2 48 22 1 2 40% 21390960 12692 75%
c { 9697.10  0 24 75 289763  3 9456518 624120 4.1 37 9 1 2 37% 21390960 12692 75%
c - 9708.21  0 25 76 290446  3 9465021 395194 4.1 38 9 1 2 37% 21390960 12692 75%
c 2 9708.25  0 25 76 290446  3 9465021 395194 4.1 38 9 1 2 37% 21390781 12692 75%
c p 9709.56  0 25 76 290446  3 9465021 417881 4.1 38 9 1 2 37% 21390781 12692 75%
c u 9725.84  0 25 76 290446  3 9465021 416826 4.1 38 9 1 2 37% 21390781 12692 75%
c v 9725.85  0 25 76 290446  3 9465021 416826 4.1 38 9 1 2 37% 21390781 12692 75%
c w 9725.86  0 25 76 290446  3 9465021 416826 4.1 38 9 1 2 37% 21390781 12692 75%
c t 9725.94  0 25 76 290446  3 9465021 416823 4.1 38 9 1 2 37% 21390697 12692 75%
c } 9788.92  0 25 76 294569  4 9522816 466020 4.2 39 9 1 2 38% 21390697 12692 75%
c [ 9788.92  0 44 76 294569  2 9522816 466020 2.2 48 22 1 2 40% 21390697 12692 75%
c B 9819.18  0 38 76 294569  2 9591292 528810 2.3 44 19 1 2 33% 21390697 12692 75%
c ] 9858.04  0 49 76 294569  2 9662424 592538 2.1 45 21 1 2 30% 21390697 12692 75%
c { 9858.04  0 25 76 294569  4 9662424 592538 4.2 39 9 1 2 38% 21390697 12692 75%
c - 9923.49  0 25 77 298371  4 9721159 402818 4.1 38 9 1 2 37% 21390697 12692 75%
c p 9925.30  0 25 77 298371  4 9721159 428294 4.1 38 9 1 2 37% 21390697 12692 75%
c u 9935.97  0 25 77 298371  4 9721159 426097 4.1 38 9 1 2 37% 21394573 12692 75%
c 
c   seconds   reductions      conflicts          size  tier2          variables
c           MB      restarts         redundant      glue  trail            remaining
c            level         rate            size/glue tier1   irredundant
c 
c v 9937.64  0 25 77 298371  4 9721159 425933 4.1 38 9 1 2 37% 21394573 12692 75%
c w 9937.65  0 25 77 298371  4 9721159 425933 4.1 38 9 1 2 37% 21394573 12692 75%
c t 9937.72  0 25 77 298371  4 9721159 425929 4.1 38 9 1 2 37% 21390697 12692 75%
c } 9945.31  0 25 77 298833  4 9728923 432490 4.1 38 9 1 2 37% 21390697 12692 75%
c [ 9945.31  0 49 77 298833  2 9728923 432490 2.1 45 21 1 2 30% 21390697 12692 75%
c W 9958.59  0 48 77 298833  2 9730296 433724 2.1 45 21 1 2 30% 21390697 12692 75%
c I 10023.10  0 64 77 298863  2 9870297 558057 2.1 61 30 1 2 41% 21390697 12692 75%
c ] 10029.14  0 60 77 298864  2 9881774 567127 2.1 59 28 1 2 42% 21390697 12692 75%
c { 10029.14  0 25 77 298864  4 9881774 567127 4.1 38 9 1 2 37% 21390697 12692 75%
c } 10101.95  0 25 77 302946  4 9947564 622858 4.1 39 9 1 2 37% 21390697 12692 75%
c [ 10101.95  0 60 77 302946  2 9947564 622858 2.1 59 28 1 2 42% 21390697 12692 75%
c - 10127.17  0 63 78 302959  2 9980736 406109 2.2 61 28 1 2 41% 21390697 12692 75%
c p 10128.87  0 63 78 302959  2 9980736 431125 2.2 61 28 1 2 41% 21390697 12692 75%
c u 10135.43  0 63 78 302959  2 9980736 429568 2.2 61 28 1 2 41% 21390697 12692 75%
c v 10136.06  0 63 78 302959  2 9980736 429501 2.2 61 28 1 2 41% 21390697 12692 75%
c w 10136.29  0 63 78 302959  2 9980736 429501 2.2 61 28 1 2 41% 21390697 12692 75%
c t 10136.37  0 63 78 302959  2 9980736 429493 2.2 61 28 1 2 41% 21390694 12692 75%
c ] 10164.97  0 56 78 302970  2 10009059 453076 2.1 55 26 1 2 42% 21390694 12692 75%
c { 10164.97  0 25 78 302970  4 10009059 453076 4.1 39 9 1 2 37% 21390694 12692 75%
c W 10178.17  0 25 78 303091  4 10011299 455104 4.2 39 9 1 2 36% 21390694 12692 75%
c 
c   seconds    reductions      conflicts           size  tier2          variables
c            MB      restarts          redundant      glue  trail            remaining
c             level         rate             size/glue tier1   irredundant
c 
c s 10198.09  0 25 78 304211  4 10029591 471094 4.2 40 9 1 2 36% 21361651 12692 75%
c t 10198.33  0 25 78 304211  4 10029591 471094 4.2 40 9 1 2 36% 21361501 12692 75%
c e 10198.79  0 25 78 304211  4 10029591 471029 4.2 40 9 1 2 36% 21361483 12690 75%
c s 10199.30  0 25 78 304211  4 10029591 471027 4.2 40 9 1 2 36% 21335537 12690 75%
c } 10252.86  0 25 78 307175  3 10084005 517225 4.1 38 9 1 2 36% 21335537 12690 75%
c [ 10252.86  0 56 78 307175  2 10084005 517225 2.1 55 26 1 2 42% 21335537 12690 75%
c ] 10308.29  0 49 78 307183  2 10152755 576542 2.2 53 24 1 2 45% 21335537 12690 75%
c { 10308.29  0 25 78 307183  3 10152755 576542 4.1 38 9 1 2 36% 21335537 12690 75%
c # 10308.87  0 25 78 307234  3 10153300 576992 4.1 38 9 1 2 36% 21335537 12690 75%
c } 10383.14  0 25 78 311387  3 10225546 638537 4.1 37 9 1 2 36% 21335537 12690 75%
c [ 10383.14  0 49 78 311387  2 10225546 638537 2.2 53 24 1 2 45% 21335537 12690 75%
c - 10394.97  0 48 79 311398  2 10243758 410893 2.2 51 23 1 2 43% 21335537 12690 75%
c 2 10395.01  0 48 79 311398  2 10243758 410891 2.2 51 23 1 2 43% 21335400 12690 75%
c p 10396.82  0 48 79 311398  2 10243758 436082 2.2 51 23 1 2 43% 21335400 12690 75%
c u 10402.88  0 48 79 311398  2 10243758 433985 2.2 51 23 1 2 43% 21335400 12690 75%
c v 10402.96  0 48 79 311398  2 10243758 433985 2.2 51 23 1 2 43% 21335400 12690 75%
c w 10403.00  0 48 79 311398  2 10243758 433985 2.2 51 23 1 2 43% 21335400 12690 75%
c t 10403.07  0 48 79 311398  2 10243758 433983 2.2 51 23 1 2 43% 21335287 12690 75%
c ] 10445.87  0 40 79 311417  2 10291592 474943 2.3 47 20 1 2 44% 21335287 12690 75%
c { 10445.87  0 25 79 311417  3 10291592 474943 4.1 37 9 1 2 36% 21335287 12690 75%
c 
c   seconds    reductions      conflicts           size  tier2          variables
c            MB      restarts          redundant      glue  trail            remaining
c             level         rate             size/glue tier1   irredundant
c 
c B 10451.83  0 25 79 311806  3 10296303 478933 4.0 37 9 1 2 36% 21335287 12690 75%
c } 10520.54  0 24 79 315683  3 10361158 534252 4.2 38 9 1 2 37% 21335287 12690 75%
c [ 10520.54  0 40 79 315683  2 10361158 534252 2.3 47 20 1 2 44% 21335287 12690 75%
c B 10563.31  0 39 79 315714  2 10440308 606835 2.6 47 18 1 2 34% 21335287 12690 75%
c ] 10585.84  0 43 79 315716  2 10481511 643287 2.4 47 20 1 2 34% 21335287 12690 75%
c { 10585.84  0 24 79 315716  3 10481511 643287 4.2 38 9 1 2 37% 21335287 12690 75%
c - 10623.69  0 25 80 317968  4 10510135 417854 4.2 40 9 1 2 36% 21335287 12690 75%
c p 10625.53  0 25 80 317968  4 10510135 443268 4.2 40 9 1 2 36% 21335287 12690 75%
c u 10633.99  0 25 80 317968  4 10510135 441647 4.2 40 9 1 2 36% 21335287 12690 75%
c v 10638.18  0 25 80 317968  4 10510135 441210 4.2 40 9 1 2 36% 21335287 12690 75%
c w 10638.21  0 25 80 317968  4 10510135 441210 4.2 40 9 1 2 36% 21335287 12690 75%
c t 10638.29  0 25 80 317968  4 10510135 441205 4.2 40 9 1 2 36% 21335283 12690 75%
c } 10678.84  0 26 80 320594  4 10546863 472564 4.2 40 10 1 2 37% 21335283 12690 75%
c [ 10678.84  0 43 80 320594  2 10546863 472564 2.4 47 20 1 2 34% 21335283 12690 75%
c W 10719.35  0 50 80 320595  2 10585309 508414 2.6 51 19 1 2 31% 21335283 12690 75%
c s 10774.72  0 56 80 320625  2 10693944 602367 2.2 54 25 1 2 37% 21302738 12690 75%
c t 10774.98  0 56 80 320625  2 10693944 602366 2.2 54 25 1 2 37% 21302374 12690 75%
c e 10775.44  0 56 80 320625  2 10693944 602337 2.2 54 25 1 2 37% 21302373 12689 75%
c s 10775.91  0 56 80 320625  2 10693944 602335 2.2 54 25 1 2 37% 21263627 12689 75%
c ] 10781.69  0 54 80 320626  2 10701612 608458 2.2 53 25 1 2 38% 21263627 12689 75%
c 
c   seconds    reductions      conflicts           size   tier2          variables
c            MB      restarts          redundant      glue   trail            remaining
c             level         rate             size/glue  tier1   irredundant
c 
c { 10781.69  0 26 80 320626  4 10701612 608458 4.2 40 10 1 2 37% 21263627 12689 75%
c W 10822.04  0 26 80 322614  4 10731310 633447 4.3 41 10 1 2 37% 21263627 12689 75%
c } 10865.60  0 26 80 325031  4 10771750 668151 4.3 41 10 1 2 36% 21263627 12689 75%
c [ 10865.60  0 54 80 325031  2 10771750 668151 2.2 53 25 1 2 38% 21263627 12689 75%
c - 10875.16  0 54 81 325031  2 10779953 422144 2.3 56 25 1 2 38% 21263627 12689 75%
c 2 10875.22  0 54 81 325031  2 10779953 422144 2.3 56 25 1 2 38% 21263440 12689 75%
c p 10876.95  0 54 81 325031  2 10779953 447397 2.3 56 25 1 2 38% 21263440 12689 75%
c u 10883.74  0 54 81 325031  2 10779953 446102 2.3 56 25 1 2 38% 21263440 12689 75%
c v 10883.96  0 54 81 325031  2 10779953 446099 2.3 56 25 1 2 38% 21263440 12689 75%
c w 10883.99  0 54 81 325031  2 10779953 446099 2.3 56 25 1 2 38% 21263440 12689 75%
c t 10884.07  0 54 81 325031  2 10779953 446092 2.3 56 25 1 2 38% 21263292 12689 75%
c ] 10929.79  0 46 81 325053  2 10825429 483748 2.3 50 22 1 2 41% 21263292 12689 75%
c { 10929.79  0 26 81 325053  4 10825429 483748 4.3 41 10 1 2 36% 21263292 12689 75%
c F 10982.20  0 26 81 327986  4 10878312 529038 4.4 42 10 1 2 36% 21263292 12689 75%
c } 11007.98  0 26 81 329548  4 10901676 549595 4.4 42 10 1 2 35% 21263292 12689 75%
c [ 11007.98  0 46 81 329548  2 10901676 549595 2.3 50 22 1 2 41% 21263292 12689 75%
c ] 11064.78  0 45 81 329558  2 10961348 600262 2.2 51 23 1 2 44% 21263292 12689 75%
c { 11064.78  0 26 81 329558  4 10961348 600262 4.4 42 10 1 2 35% 21263292 12689 75%
c B 11133.96  0 25 81 333362  4 11026314 655202 4.5 43 10 1 2 37% 21263292 12689 75%
c } 11143.47  0 25 81 333733  3 11036243 663359 4.5 42 9 1 2 36% 21263292 12689 75%
c 
c   seconds    reductions      conflicts           size   tier2          variables
c            MB      restarts          redundant      glue   trail            remaining
c             level         rate             size/glue  tier1   irredundant
c 
c [ 11143.47  0 45 81 333733  2 11036243 663359 2.2 51 23 1 2 44% 21263292 12689 75%
c - 11155.00  0 40 82 333735  2 11053092 428646 2.3 48 21 1 2 42% 21263292 12689 75%
c p 11156.82  0 40 82 333735  2 11053092 453852 2.3 48 21 1 2 42% 21263292 12689 75%
c u 11164.29  0 40 82 333735  2 11053092 451462 2.3 48 21 1 2 42% 21263292 12689 75%
c v 11164.35  0 40 82 333735  2 11053092 451461 2.3 48 21 1 2 42% 21263292 12689 75%
c w 11164.37  0 40 82 333735  2 11053092 451461 2.3 48 21 1 2 42% 21263292 12689 75%
c t 11164.45  0 40 82 333735  2 11053092 451453 2.3 48 21 1 2 42% 21263292 12689 75%
c ] 11214.19  0 42 82 333763  2 11112773 501621 2.2 49 22 1 2 43% 21263292 12689 75%
c { 11214.19  0 25 82 333763  3 11112773 501621 4.5 42 9 1 2 36% 21263292 12689 75%
c W 11300.59  0 24 82 337279  3 11175315 553527 4.2 40 9 1 2 37% 21263292 12689 75%
c } 11318.51  0 24 82 338323  3 11193164 568641 4.2 39 9 1 2 37% 21263292 12689 75%
c [ 11318.51  0 42 82 338323  2 11193164 568641 2.2 49 22 1 2 43% 21263292 12689 75%
c ] 11377.27  0 31 82 338354  2 11278787 644330 3.0 49 16 1 2 36% 21263292 12689 75%
c { 11377.27  0 24 82 338354  3 11278787 644330 4.2 39 9 1 2 37% 21263292 12689 75%
c # 11426.43  0 25 82 341289  3 11325316 684387 4.3 41 9 1 2 36% 21263292 12689 75%
c - 11432.01  0 25 83 341600  3 11329668 436493 4.3 40 9 1 2 36% 21263292 12689 75%
c p 11433.79  0 25 83 341600  3 11329668 460917 4.3 40 9 1 2 36% 21263292 12689 75%
c u 11447.54  0 25 83 341600  3 11329668 458886 4.3 40 9 1 2 36% 21266922 12689 75%
c v 11447.62  0 25 83 341600  3 11329668 458886 4.3 40 9 1 2 36% 21266922 12689 75%
c t 11447.70  0 25 83 341600  3 11329668 458882 4.3 40 9 1 2 36% 21263291 12689 75%
c 
c   seconds    reductions      conflicts           size  tier2          variables
c            MB      restarts          redundant      glue  trail            remaining
c             level         rate             size/glue tier1   irredundant
c 
c } 11476.97  0 25 83 343234  3 11356659 482028 4.3 40 9 1 2 36% 21263291 12689 75%
c [ 11476.97  0 31 83 343234  2 11356659 482028 3.0 49 16 1 2 36% 21263291 12689 75%
c s 11484.64  0 30 83 343236  2 11379422 502455 2.9 45 16 1 2 32% 21229218 12689 75%
c t 11484.90  0 30 83 343236  2 11379422 502455 2.9 45 16 1 2 32% 21229011 12689 75%
c e 11485.37  0 30 83 343236  2 11379422 502426 2.9 45 16 1 2 32% 21229011 12687 75%
c s 11485.85  0 30 83 343236  2 11379422 502424 2.9 45 16 1 2 32% 21194983 12687 75%
c ] 11550.06  0 38 83 343237  2 11452381 567028 2.8 55 20 1 2 36% 21194983 12687 75%
c { 11550.06  0 25 83 343237  3 11452381 567028 4.3 40 9 1 2 36% 21194983 12687 75%
c B 11574.86  0 24 83 344396  3 11476318 586345 4.1 39 9 1 2 37% 21194983 12687 75%
c } 11629.80  0 25 83 347703  4 11524380 627532 4.2 40 9 1 2 36% 21194983 12687 75%
c [ 11629.80  0 38 83 347703  2 11524380 627532 2.8 55 20 1 2 36% 21194983 12687 75%
c - 11683.32  0 29 84 347704  1 11609684 441639 2.7 39 14 1 2 27% 21194983 12687 75%
c 2 11683.37  0 29 84 347704  1 11609684 441639 2.7 39 14 1 2 27% 21194811 12687 75%
c p 11685.11  0 29 84 347704  1 11609684 466582 2.7 39 14 1 2 27% 21194811 12687 75%
c u 11691.57  0 29 84 347704  1 11609684 465332 2.7 39 14 1 2 27% 21194811 12687 75%
c v 11691.77  0 29 84 347704  1 11609684 465329 2.7 39 14 1 2 27% 21194811 12687 75%
c w 11691.82  0 29 84 347704  1 11609684 465329 2.7 39 14 1 2 27% 21194811 12687 75%
c x 11698.25  0 29 84 347704  1 11609684 465326 2.7 39 14 1 2 27% 21193230 12687 75%
c t 11698.33  0 29 84 347704  1 11609684 465317 2.7 39 14 1 2 27% 21193058 12687 75%
c O 11707.56  0 35 84 347704  2 11628319 482482 2.9 46 16 1 2 28% 21193058 12687 75%
c 
c   seconds    reductions      conflicts           size   tier2          variables
c            MB      restarts          redundant      glue   trail            remaining
c             level         rate             size/glue  tier1   irredundant
c 
c ] 11707.80  0 35 84 347704  2 11628755 482886 2.9 46 16 1 2 28% 21193058 12687 75%
c { 11707.80  0 25 84 347704  4 11628755 482886 4.2 40 9 1 2 36% 21193058 12687 75%
c } 11786.61  0 24 84 352002  3 11705739 548330 4.2 39 9 1 2 35% 21193058 12687 75%
c [ 11786.61  0 35 84 352002  2 11705739 548330 2.9 46 16 1 2 28% 21193058 12687 75%
c B 11836.00  0 30 84 352016  1 11781320 616618 2.8 38 13 1 2 24% 21193058 12687 75%
c ] 11850.55  0 33 84 352023  2 11801786 634589 2.8 41 15 1 2 27% 21193058 12687 75%
c { 11850.55  0 24 84 352023  3 11801786 634589 4.2 39 9 1 2 35% 21193058 12687 75%
c } 11935.26  0 25 84 357265  3 11883890 704248 4.0 38 9 1 2 35% 21193058 12687 75%
c [ 11935.26  0 33 84 357265  2 11883890 704248 2.8 41 15 1 2 27% 21193058 12687 75%
c - 11946.20  0 32 85 357270  2 11893019 450254 2.9 42 15 1 2 29% 21193058 12687 75%
c p 11948.00  0 32 85 357270  2 11893019 474821 2.9 42 15 1 2 29% 21193058 12687 75%
c = 11969.39  0 32 85 357270  2 11893019 474817 2.9 42 15 1 2 29% 21193058 12684 75%
c u 11977.60  0 32 85 357270  2 11893019 472469 2.9 42 15 1 2 29% 21193058 12684 75%
c v 11977.67  0 32 85 357270  2 11893019 472469 2.9 42 15 1 2 29% 21193058 12684 75%
c w 11977.71  0 32 85 357270  2 11893019 472469 2.9 42 15 1 2 29% 21193058 12684 75%
c t 11977.77  0 32 85 357270  2 11893019 472459 2.9 42 15 1 2 29% 21193058 12684 75%
c W 12037.93  0 31 85 357282  2 11935324 509777 3.4 50 15 1 2 30% 21193058 12684 75%
c ] 12069.52  0 30 85 357306  2 11995480 562584 2.9 46 16 1 2 27% 21193058 12684 75%
c { 12069.52  0 25 85 357306  3 11995480 562584 4.0 38 9 1 2 35% 21193058 12684 75%
c } 12151.32  0 24 85 361787  3 12072730 627511 4.2 40 9 1 2 35% 21193058 12684 75%
c 
c   seconds    reductions      conflicts           size   tier2          variables
c            MB      restarts          redundant      glue   trail            remaining
c             level         rate             size/glue  tier1   irredundant
c 
c [ 12151.32  0 30 85 361787  2 12072730 627511 2.9 46 16 1 2 27% 21193058 12684 75%
c s 12158.21  0 29 85 361787  2 12086032 639612 2.9 44 15 1 2 27% 21157108 12684 75%
c t 12158.48  0 29 85 361787  2 12086032 639612 2.9 44 15 1 2 27% 21156833 12684 75%
c e 12158.95  0 29 85 361787  2 12086032 639542 2.9 44 15 1 2 27% 21156827 12680 75%
c s 12159.44  0 29 85 361787  2 12086032 639538 2.9 44 15 1 2 27% 21117930 12680 75%
c I 12163.74  0 30 85 361788  2 12090325 643268 3.0 45 15 1 2 27% 21117930 12680 75%
c ] 12214.07  0 33 85 361800  2 12139102 684051 2.6 46 18 1 2 35% 21117930 12680 75%
c { 12214.07  0 24 85 361800  3 12139102 684051 4.2 40 9 1 2 35% 21117930 12680 75%
c i 12234.93  0 24 85 363053  3 12157293 699281 4.2 40 10 1 2 36% 21117930 12679 75%
c - 12259.97  0 25 86 364406  3 12179786 452432 4.2 40 10 1 2 35% 21117917 12679 75%
c 2 12260.02  0 25 86 364406  3 12179786 452406 4.2 40 10 1 2 35% 21117805 12679 75%
c d 12260.40  0 25 86 364406  3 12179786 452406 4.2 40 10 1 2 35% 21117803 12678 75%
c p 12262.16  0 25 86 364406  3 12179786 475549 4.2 40 10 1 2 35% 21117803 12678 75%
c 2 12262.22  0 25 86 364406  3 12179786 475547 4.2 40 10 1 2 35% 21117803 12678 75%
c u 12269.98  0 25 86 364406  3 12179786 473239 4.2 40 10 1 2 35% 21117803 12678 75%
c v 12270.01  0 25 86 364406  3 12179786 473239 4.2 40 10 1 2 35% 21117803 12678 75%
c w 12270.02  0 25 86 364406  3 12179786 473239 4.2 40 10 1 2 35% 21117803 12678 75%
c t 12270.11  0 25 86 364406  3 12179786 473211 4.2 40 10 1 2 35% 21117625 12678 75%
c } 12309.37  0 25 86 366575  3 12219061 506491 4.2 40 9 1 2 35% 21117625 12678 75%
c [ 12309.37  0 33 86 366575  2 12219061 506491 2.6 46 18 1 2 35% 21117625 12678 75%
c 
c   seconds    reductions      conflicts           size   tier2          variables
c            MB      restarts          redundant      glue   trail            remaining
c             level         rate             size/glue  tier1   irredundant
c 
c B 12324.40  0 31 86 366585  2 12246326 531611 2.7 45 17 1 2 31% 21117625 12678 75%
c ] 12380.43  0 29 86 366625  2 12355698 625301 2.9 44 15 1 2 35% 21117625 12678 75%
c { 12380.43  0 25 86 366625  3 12355698 625301 4.2 40 9 1 2 35% 21117625 12678 75%
c W 12451.07  0 25 86 369548  3 12403327 666034 4.2 39 9 1 2 34% 21117625 12678 75%
c } 12484.08  0 25 86 371297  3 12436164 693777 4.2 39 9 1 2 34% 21117625 12678 75%
c [ 12484.08  0 29 86 371297  2 12436164 693777 2.9 44 15 1 2 35% 21117625 12678 75%
c - 12504.36  0 26 87 371298  2 12469856 456432 3.1 43 14 1 2 31% 21117625 12678 75%
c d 12504.78  0 26 87 371298  2 12469856 456424 3.1 43 14 1 2 31% 21117619 12677 75%
c p 12506.55  0 26 87 371298  2 12469856 479509 3.1 43 14 1 2 31% 21117619 12677 75%
c 2 12506.62  0 26 87 371298  2 12469856 479491 3.1 43 14 1 2 31% 21117619 12677 75%
c u 12514.62  0 26 87 371298  2 12469856 477839 3.1 43 14 1 2 31% 21117619 12677 75%
c v 12514.88  0 26 87 371298  2 12469856 477822 3.1 43 14 1 2 31% 21117619 12677 75%
c w 12514.93  0 26 87 371298  2 12469856 477822 3.1 43 14 1 2 31% 21117619 12677 75%
c t 12515.01  0 26 87 371298  2 12469856 477809 3.1 43 14 1 2 31% 21117618 12677 75%
c ] 12564.74  0 36 87 371299  2 12537341 537259 2.9 52 18 1 2 37% 21117618 12677 75%
c { 12564.74  0 25 87 371299  3 12537341 537259 4.2 39 9 1 2 34% 21117618 12677 75%
c F 12592.88  0 25 87 372957  3 12561328 557961 4.2 39 9 1 2 33% 21117618 12677 75%
c } 12650.50  0 25 87 376300  4 12615355 604138 4.3 41 10 1 2 34% 21117618 12677 75%
c [ 12650.50  0 36 87 376300  2 12615355 604138 2.9 52 18 1 2 37% 21117618 12677 75%
c W 12727.78  0 34 87 376338  2 12720329 695656 2.8 48 17 1 2 38% 21117618 12677 75%
c 
c   seconds    reductions      conflicts           size   tier2          variables
c            MB      restarts          redundant      glue   trail            remaining
c             level         rate             size/glue  tier1   irredundant
c 
c ] 12736.09  0 33 87 376346  2 12743416 715050 2.7 47 17 1 2 39% 21117618 12677 75%
c { 12736.09  0 25 87 376346  4 12743416 715050 4.3 41 10 1 2 34% 21117618 12677 75%
c - 12758.19  0 25 88 377380  3 12763359 460477 4.2 40 9 1 2 34% 21117618 12677 75%
c p 12760.00  0 25 88 377380  3 12763359 483544 4.2 40 9 1 2 34% 21117618 12677 75%
c u 12768.36  0 25 88 377380  3 12763359 481699 4.2 40 9 1 2 34% 21117618 12677 75%
c v 12768.39  0 25 88 377380  3 12763359 481698 4.2 40 9 1 2 34% 21117618 12677 75%
c w 12768.40  0 25 88 377380  3 12763359 481698 4.2 40 9 1 2 34% 21117618 12677 75%
c t 12768.48  0 25 88 377380  3 12763359 481686 4.2 40 9 1 2 34% 21117614 12677 75%
c s 12816.67  0 25 88 380089  3 12813750 524406 4.2 39 9 1 2 34% 21082294 12677 75%
c t 12816.93  0 25 88 380089  3 12813750 524406 4.2 39 9 1 2 34% 21081953 12677 75%
c e 12817.38  0 25 88 380089  3 12813750 524033 4.2 39 9 1 2 34% 21081949 12674 75%
c s 12817.87  0 25 88 380089  3 12813750 524033 4.2 39 9 1 2 34% 21048515 12674 75%
c } 12836.83  0 25 88 381053  3 12832153 540029 4.3 40 9 1 2 34% 21048515 12674 75%
c [ 12836.83  0 33 88 381053  2 12832153 540029 2.7 47 17 1 2 39% 21048515 12674 75%
c O 12868.12  0 41 88 381069  2 12880330 582010 2.4 49 20 1 2 40% 21048515 12674 75%
c ] 12911.58  0 38 88 381099  2 12971801 663808 2.3 42 18 1 2 32% 21048515 12674 75%
c { 12911.58  0 25 88 381099  3 12971801 663808 4.3 40 9 1 2 34% 21048515 12674 75%
c B 12987.21  0 25 88 385506  3 13041331 722091 4.2 40 9 1 2 35% 21048515 12674 75%
c } 13001.52  0 24 88 386398  3 13054999 733111 4.1 39 9 1 2 36% 21048515 12674 75%
c [ 13001.52  0 38 88 386398  2 13054999 733111 2.3 42 18 1 2 32% 21048515 12674 75%
c 
c   seconds    reductions      conflicts           size   tier2          variables
c            MB      restarts          redundant      glue   trail            remaining
c             level         rate             size/glue  tier1   irredundant
c 
c - 13006.09  0 38 89 386399  2 13060299 463914 2.3 43 18 1 2 32% 21048515 12674 75%
c 2 13006.14  0 38 89 386399  2 13060299 463914 2.3 43 18 1 2 32% 21048325 12674 75%
c p 13007.86  0 38 89 386399  2 13060299 486882 2.3 43 18 1 2 32% 21048325 12674 75%
c u 13014.76  0 38 89 386399  2 13060299 484515 2.3 43 18 1 2 32% 21048325 12674 75%
c v 13014.79  0 38 89 386399  2 13060299 484509 2.3 43 18 1 2 32% 21048325 12674 75%
c w 13014.80  0 38 89 386399  2 13060299 484508 2.3 43 18 1 2 32% 21048325 12674 75%
c t 13014.88  0 38 89 386399  2 13060299 484498 2.3 43 18 1 2 32% 21048256 12674 75%
c ] 13078.19  0 41 89 386426  2 13134578 548375 2.4 47 20 1 2 38% 21048256 12674 75%
c { 13078.19  0 24 89 386426  3 13134578 548375 4.1 39 9 1 2 36% 21048256 12674 75%
c W 13169.11  0 24 89 390554  3 13203332 605969 4.0 37 9 1 2 36% 21048256 12674 75%
c } 13188.49  0 24 89 391773  3 13222642 622448 4.1 39 9 1 2 36% 21048256 12674 75%
c [ 13188.49  0 41 89 391773  2 13222642 622448 2.4 47 20 1 2 38% 21048256 12674 75%
c ] 13268.13  0 33 89 391780  2 13329885 715886 2.8 50 18 1 2 39% 21048256 12674 75%
c { 13268.13  0 24 89 391780  3 13329885 715886 4.1 39 9 1 2 36% 21048256 12674 75%
c - 13300.07  0 24 90 393745  3 13360544 466212 4.0 38 9 1 2 35% 21048256 12674 75%
c p 13301.85  0 24 90 393745  3 13360544 489414 4.0 38 9 1 2 35% 21048256 12674 75%
c u 13339.64  0 24 90 393745  3 13360544 487316 4.0 38 9 1 2 35% 21051402 12674 75%
c v 13339.65  0 24 90 393745  3 13360544 487314 4.0 38 9 1 2 35% 21051402 12674 75%
c t 13339.77  0 24 90 393745  3 13360544 487309 4.0 38 9 1 2 35% 21048254 12674 75%
c # 13345.85  0 24 90 394035  3 13366339 492251 4.0 38 9 1 2 35% 21048254 12674 75%
c 
c   seconds    reductions      conflicts           size  tier2          variables
c            MB      restarts          redundant      glue  trail            remaining
c             level         rate             size/glue tier1   irredundant
c 
c } 13397.99  0 24 90 396946  3 13422120 539599 4.0 37 9 1 2 35% 21048254 12674 75%
c [ 13397.99  0 33 90 396946  2 13422120 539599 2.8 50 18 1 2 39% 21048254 12674 75%
c ] 13466.30  0 35 90 396947  2 13515435 621055 2.5 47 19 1 2 41% 21048254 12674 75%
c { 13466.30  0 24 90 396947  3 13515435 621055 4.0 37 9 1 2 35% 21048254 12674 75%
c B 13482.42  0 24 90 397962  3 13530340 633875 4.0 37 9 1 2 34% 21048254 12674 75%
c s 13517.13  0 24 90 400149  3 13562585 660876 4.0 37 9 1 2 34% 21014753 12674 75%
c t 13517.38  0 24 90 400149  3 13562585 660876 4.0 37 9 1 2 34% 21014524 12674 75%
c s 13518.35  0 24 90 400149  3 13562585 660876 4.0 37 9 1 2 34% 20980144 12674 75%
c } 13556.88  0 24 90 402222  3 13595890 688653 4.0 37 9 1 2 34% 20980144 12674 75%
c [ 13556.88  0 35 90 402222  2 13595890 688653 2.5 47 19 1 2 41% 20980144 12674 75%
c - 13602.83  0 36 91 402223  1 13664219 471068 3.1 59 19 1 2 35% 20980144 12674 75%
c 2 13602.88  0 36 91 402223  1 13664219 471068 3.1 59 19 1 2 35% 20980116 12674 75%
c p 13604.61  0 36 91 402223  1 13664219 494287 3.1 59 19 1 2 35% 20980116 12674 75%
c u 13614.42  0 36 91 402223  1 13664219 492148 3.1 59 19 1 2 35% 20980116 12674 75%
c v 13614.47  0 36 91 402223  1 13664219 492145 3.1 59 19 1 2 35% 20980116 12674 75%
c w 13614.59  0 36 91 402223  1 13664219 492145 3.1 59 19 1 2 35% 20980116 12674 75%
c t 13614.65  0 36 91 402223  1 13664219 492137 3.1 59 19 1 2 35% 20980072 12674 75%
c B 13636.77  0 63 91 402223  2 13695341 520369 2.6 64 25 1 2 35% 20980072 12674 75%
c ] 13640.46  0 62 91 402223  2 13700772 525060 2.6 64 25 1 2 36% 20980072 12674 75%
c { 13640.46  0 24 91 402223  3 13700772 525060 4.0 37 9 1 2 34% 20980072 12674 75%
c 
c   seconds    reductions      conflicts           size  tier2          variables
c            MB      restarts          redundant      glue  trail            remaining
c             level         rate             size/glue tier1   irredundant
c 
c } 13732.29  0 25 91 407839  4 13790141 600496 3.9 37 9 1 2 34% 20980072 12674 75%
c [ 13732.29  0 62 91 407839  2 13790141 600496 2.6 64 25 1 2 36% 20980072 12674 75%
c W 13797.86  0 44 91 407839  2 13861342 663949 2.5 45 18 1 2 27% 20980072 12674 75%
c ] 13850.48  0 55 91 407839  2 13953078 745311 2.5 64 26 1 2 30% 20980072 12674 75%
c { 13850.48  0 25 91 407839  4 13953078 745311 3.9 37 9 1 2 34% 20980072 12674 75%
c - 13871.27  0 25 92 408971  4 13971194 476587 4.0 38 9 1 2 34% 20980072 12674 75%
c p 13873.06  0 25 92 408971  4 13971194 499603 4.0 38 9 1 2 34% 20980072 12674 75%
c u 13881.00  0 25 92 408971  4 13971194 498140 4.0 38 9 1 2 34% 20980072 12674 75%
c v 13881.00  0 25 92 408971  4 13971194 498140 4.0 38 9 1 2 34% 20980072 12674 75%
c w 13881.01  0 25 92 408971  4 13971194 498140 4.0 38 9 1 2 34% 20980072 12674 75%
c t 13881.09  0 25 92 408971  4 13971194 498123 4.0 38 9 1 2 34% 20980069 12674 75%
c W 13949.72  0 25 92 412677  4 14028343 547473 4.0 39 10 1 2 33% 20980069 12674 75%
c } 13962.47  0 25 92 413509  4 14041138 558318 4.0 38 10 1 2 33% 20980069 12674 75%
c [ 13962.47  0 55 92 413509  2 14041138 558318 2.5 64 26 1 2 30% 20980069 12674 75%
c I 14024.97  0 35 92 413545  1 14196345 696256 2.4 42 18 1 2 20% 20980069 12674 75%
c ] 14041.54  0 32 92 413560  2 14230582 725804 2.4 39 16 1 2 22% 20980069 12674 75%
c { 14041.54  0 25 92 413560  4 14230582 725804 4.0 38 10 1 2 33% 20980069 12674 75%
c - 14095.45  0 25 93 416633  4 14281601 480642 4.1 39 10 1 2 33% 20980069 12674 75%
c p 14097.23  0 25 93 416633  4 14281601 503848 4.1 39 10 1 2 33% 20980069 12674 75%
c u 14104.32  0 25 93 416633  4 14281601 502333 4.1 39 10 1 2 33% 20980069 12674 75%
c 
c   seconds    reductions      conflicts           size   tier2          variables
c            MB      restarts          redundant      glue   trail            remaining
c             level         rate             size/glue  tier1   irredundant
c 
c v 14104.35  0 25 93 416633  4 14281601 502333 4.1 39 10 1 2 33% 20980069 12674 75%
c w 14104.38  0 25 93 416633  4 14281601 502333 4.1 39 10 1 2 33% 20980069 12674 75%
c t 14104.45  0 25 93 416633  4 14281601 502328 4.1 39 10 1 2 33% 20980068 12674 75%
c } 14145.80  0 25 93 419156  4 14322518 536593 4.1 39 10 1 2 35% 20980068 12674 75%
c [ 14145.80  0 32 93 419156  2 14322518 536593 2.4 39 16 1 2 22% 20980068 12674 75%
c s 14151.25  0 30 93 419161  2 14332477 544842 2.4 38 16 1 2 23% 20947585 12674 75%
c t 14151.49  0 30 93 419161  2 14332477 544842 2.4 38 16 1 2 23% 20947474 12674 75%
c e 14151.94  0 30 93 419161  2 14332477 544625 2.4 38 16 1 2 23% 20947465 12672 75%
c s 14152.44  0 30 93 419161  2 14332477 544620 2.4 38 16 1 2 23% 20909802 12672 75%
c B 14182.27  0 31 93 419167  2 14365346 572011 2.4 38 16 1 2 29% 20909802 12672 75%
c ] 14219.85  0 30 93 419176  2 14412994 610664 2.3 38 16 1 2 34% 20909802 12672 75%
c { 14219.85  0 25 93 419176  4 14412994 610664 4.1 39 10 1 2 35% 20909802 12672 75%
c } 14315.06  0 25 93 424831  4 14503952 688248 4.2 41 10 1 2 34% 20909802 12672 75%
c [ 14315.06  0 30 93 424831  2 14503952 688248 2.3 38 16 1 2 34% 20909802 12672 75%
c W 14353.18  0 27 93 424845  2 14535348 717128 2.8 40 14 1 2 33% 20909802 12672 75%
c - 14375.29  0 29 94 424867  2 14595436 483740 2.5 40 16 1 2 36% 20909802 12672 75%
c 2 14375.33  0 29 94 424867  2 14595436 483739 2.5 40 16 1 2 36% 20909633 12672 75%
c p 14376.99  0 29 94 424867  2 14595436 507013 2.5 40 16 1 2 36% 20909633 12672 75%
c u 14385.22  0 29 94 424867  2 14595436 504776 2.5 40 16 1 2 36% 20909633 12672 75%
c v 14385.30  0 29 94 424867  2 14595436 504774 2.5 40 16 1 2 36% 20909633 12672 75%
c 
c   seconds    reductions      conflicts           size   tier2          variables
c            MB      restarts          redundant      glue   trail            remaining
c             level         rate             size/glue  tier1   irredundant
c 
c w 14385.33  0 29 94 424867  2 14595436 504774 2.5 40 16 1 2 36% 20909633 12672 75%
c t 14385.41  0 29 94 424867  2 14595436 504765 2.5 40 16 1 2 36% 20909392 12672 75%
c ] 14422.24  0 32 94 424885  2 14646520 548429 2.3 38 17 1 2 38% 20909392 12672 75%
c { 14422.24  0 25 94 424885  4 14646520 548429 4.2 41 10 1 2 34% 20909392 12672 75%
c F 14478.34  0 24 94 427783  3 14706349 598486 4.1 39 10 1 2 35% 20909392 12672 75%
c } 14515.25  0 24 94 429924  3 14742527 629012 4.1 39 10 1 2 35% 20909392 12672 75%
c [ 14515.25  0 32 94 429924  2 14742527 629012 2.3 38 17 1 2 38% 20909392 12672 75%
c ] 14578.32  0 26 94 429926  2 14810802 691128 3.1 43 14 1 2 33% 20909392 12672 75%
c { 14578.32  0 24 94 429926  3 14810802 691128 4.1 39 10 1 2 35% 20909392 12672 75%
c B 14649.55  0 24 94 434043  3 14878351 747560 4.0 38 10 1 2 34% 20909392 12672 75%
c } 14672.51  0 23 94 435271  3 14903546 768239 3.9 37 10 1 2 35% 20909392 12672 75%
c [ 14672.51  0 26 94 435271  2 14903546 768239 3.1 43 14 1 2 33% 20909392 12672 75%
c - 14677.46  0 26 95 435271  2 14912559 491831 3.1 42 14 1 2 33% 20909392 12672 75%
c p 14679.26  0 26 95 435271  2 14912559 515426 3.1 42 14 1 2 33% 20909392 12672 75%
c u 14689.95  0 26 95 435271  2 14912559 513066 3.1 42 14 1 2 33% 20909392 12672 75%
c v 14690.09  0 26 95 435271  2 14912559 513064 3.1 42 14 1 2 33% 20909392 12672 75%
c w 14690.16  0 26 95 435271  2 14912559 513064 3.1 42 14 1 2 33% 20909392 12672 75%
c t 14690.24  0 26 95 435271  2 14912559 513052 3.1 42 14 1 2 33% 20909391 12672 75%
c O 14759.80  0 30 95 435315  1 15051353 631733 2.3 38 17 1 2 30% 20909391 12672 75%
c ] 14766.06  0 29 95 435317  2 15062235 640805 2.4 40 16 1 2 31% 20909391 12672 75%
c 
c   seconds    reductions      conflicts           size   tier2          variables
c            MB      restarts          redundant      glue   trail            remaining
c             level         rate             size/glue  tier1   irredundant
c 
c { 14766.06  0 23 95 435317  3 15062235 640805 3.9 37 10 1 2 35% 20909391 12672 75%
c s 14826.49  0 23 95 438570  3 15123413 691009 3.8 36 9 1 2 36% 20871170 12672 75%
c t 14826.74  0 23 95 438570  3 15123413 691009 3.8 36 9 1 2 36% 20871003 12672 75%
c s 14827.68  0 23 95 438570  3 15123413 691008 3.8 36 9 1 2 36% 20834103 12672 75%
c } 14861.82  0 23 95 440175  3 15158386 719904 3.7 34 9 1 2 36% 20834103 12672 75%
c [ 14861.82  0 29 95 440175  2 15158386 719904 2.4 40 16 1 2 31% 20834103 12672 75%
c B 14916.00  0 31 95 440192  2 15225354 776047 2.4 40 17 1 2 36% 20834103 12672 75%
c - 14923.84  0 31 96 440192  2 15233109 491832 2.4 41 17 1 2 37% 20834103 12672 75%
c 2 14923.89  0 31 96 440192  2 15233109 491832 2.4 41 17 1 2 37% 20833961 12672 75%
c p 14925.65  0 31 96 440192  2 15233109 515358 2.4 41 17 1 2 37% 20833961 12672 75%
c = 14945.84  0 31 96 440192  2 15233109 515358 2.4 41 17 1 2 37% 20833961 12671 75%
c u 14952.09  0 31 96 440192  2 15233109 514155 2.4 41 17 1 2 37% 20833961 12671 75%
c v 14952.20  0 31 96 440192  2 15233109 514153 2.4 41 17 1 2 37% 20833961 12671 75%
c w 14952.23  0 31 96 440192  2 15233109 514152 2.4 41 17 1 2 37% 20833961 12671 75%
c x 14957.03  0 31 96 440192  2 15233109 514145 2.4 41 17 1 2 37% 20832689 12671 75%
c t 14957.10  0 31 96 440192  2 15233109 514143 2.4 41 17 1 2 37% 20832524 12671 75%
c ] 14970.55  0 32 96 440195  2 15247943 526646 2.4 41 17 1 2 38% 20832524 12671 75%
c { 14970.55  0 23 96 440195  3 15247943 526646 3.7 34 9 1 2 36% 20832524 12671 75%
c } 15064.25  0 23 96 445510  3 15340853 604244 3.7 35 9 1 2 34% 20832523 12671 75%
c [ 15064.25  0 32 96 445510  2 15340853 604244 2.4 41 17 1 2 38% 20832523 12671 75%
c 
c   seconds    reductions      conflicts           size   tier2          variables
c            MB      restarts          redundant      glue   trail            remaining
c             level         rate             size/glue  tier1   irredundant
c 
c W 15149.92  0 34 96 445537  2 15400359 653157 2.2 41 19 1 2 40% 20832523 12671 75%
c i 15176.17  0 31 96 445568  2 15479604 719018 2.1 37 17 1 2 42% 20832523 12670 75%
c ] 15180.43  0 32 96 445568  2 15486008 724598 2.2 39 18 1 2 42% 20832523 12670 75%
c { 15180.43  0 23 96 445568  3 15486008 724598 3.7 35 9 1 2 34% 20832523 12670 75%
c - 15255.89  0 23 97 449755  3 15556935 466938 3.7 34 9 1 2 34% 20667411 12670 75%
c 2 15255.93  0 23 97 449755  3 15556935 466934 3.7 34 9 1 2 34% 20667407 12670 75%
c d 15256.30  0 23 97 449755  3 15556935 466934 3.7 34 9 1 2 34% 20667402 12669 75%
c p 15258.04  0 23 97 449755  3 15556935 490406 3.7 34 9 1 2 34% 20667402 12669 75%
c 2 15258.10  0 23 97 449755  3 15556935 490346 3.7 34 9 1 2 34% 20667402 12669 75%
c u 15266.12  0 23 97 449755  3 15556935 487902 3.7 34 9 1 2 34% 20667402 12669 75%
c v 15266.13  0 23 97 449755  3 15556935 487899 3.7 34 9 1 2 34% 20667402 12669 75%
c w 15266.13  0 23 97 449755  3 15556935 487899 3.7 34 9 1 2 34% 20667402 12669 75%
c t 15266.20  0 23 97 449755  3 15556935 487882 3.7 34 9 1 2 34% 20667399 12669 75%
c W 15296.35  0 23 97 451183  3 15576360 504516 3.8 35 9 1 2 34% 20667399 12669 75%
c } 15297.48  0 23 97 451276  3 15577448 505493 3.8 35 9 1 2 34% 20667399 12669 75%
c [ 15297.48  0 32 97 451276  2 15577448 505493 2.2 39 18 1 2 42% 20667399 12669 75%
c ] 15378.17  0 30 97 451280  1 15739507 649902 2.3 38 16 1 2 26% 20667399 12669 75%
c { 15378.17  0 23 97 451280  3 15739507 649902 3.8 35 9 1 2 34% 20667399 12669 75%
c # 15391.32  0 23 97 452047  3 15753361 661660 3.8 35 9 1 2 33% 20667399 12669 75%
c i 15416.18  0 23 97 453560  3 15776626 681225 3.8 35 9 1 2 33% 20667399 12668 75%
c 
c   seconds    reductions      conflicts           size  tier2          variables
c            MB      restarts          redundant      glue  trail            remaining
c             level         rate             size/glue tier1   irredundant
c 
c } 15479.18  0 24 97 457338  3 15834058 730357 4.0 37 9 1 2 33% 20667399 12668 75%
c [ 15479.18  0 30 97 457338  1 15834058 730357 2.3 38 16 1 2 26% 20667399 12668 75%
c - 15505.55  0 29 98 457338  1 15883839 489215 2.6 41 16 1 2 25% 20667389 12668 75%
c 2 15505.60  0 29 98 457338  1 15883839 489213 2.6 41 16 1 2 25% 20667389 12668 75%
c p 15507.30  0 29 98 457338  1 15883839 512482 2.6 41 16 1 2 25% 20667389 12668 75%
c u 15520.05  0 29 98 457338  1 15883839 510593 2.6 41 16 1 2 25% 20670081 12668 75%
c v 15524.45  0 29 98 457338  1 15883839 510342 2.6 41 16 1 2 25% 20670081 12668 75%
c w 15524.48  0 29 98 457338  1 15883839 510342 2.6 41 16 1 2 25% 20670081 12668 75%
c t 15524.55  0 29 98 457338  1 15883839 510335 2.6 41 16 1 2 25% 20667389 12668 75%
c I 15567.80  0 39 98 457344  2 15931362 552829 2.7 51 19 1 2 30% 20667389 12668 75%
c s 15570.63  0 38 98 457345  2 15935328 555915 2.7 50 19 1 2 30% 20633622 12668 75%
c t 15570.87  0 38 98 457345  2 15935328 555915 2.7 50 19 1 2 30% 20633515 12668 75%
c e 15571.33  0 38 98 457345  2 15935328 555790 2.7 50 19 1 2 30% 20633498 12665 75%
c s 15571.79  0 38 98 457345  2 15935328 555790 2.7 50 19 1 2 30% 20606319 12665 75%
c ] 15584.25  0 39 98 457353  2 15950143 568034 2.6 50 19 1 2 32% 20606319 12665 75%
c { 15584.25  0 24 98 457353  3 15950143 568034 4.0 37 9 1 2 33% 20606319 12665 75%
c } 15682.10  0 23 98 463039  3 16050695 651527 3.8 35 9 1 2 33% 20606319 12665 75%
c [ 15682.10  0 39 98 463039  2 16050695 651527 2.6 50 19 1 2 32% 20606319 12665 75%
c B 15709.70  0 39 98 463057  2 16110363 705090 2.4 46 19 1 2 29% 20606319 12665 75%
c ] 15765.38  0 38 98 463087  2 16195079 775933 2.2 43 20 1 2 36% 20606319 12665 75%
c 
c   seconds    reductions      conflicts           size  tier2          variables
c            MB      restarts          redundant      glue  trail            remaining
c             level         rate             size/glue tier1   irredundant
c 
c { 15765.38  0 23 98 463087  3 16195079 775933 3.8 35 9 1 2 33% 20606319 12665 75%
c - 15785.97  0 23 99 464152  3 16214161 495722 3.7 35 9 1 2 34% 20606319 12665 75%
c 2 15786.03  0 23 99 464152  3 16214161 495722 3.7 35 9 1 2 34% 20606271 12665 75%
c p 15787.77  0 23 99 464152  3 16214161 519057 3.7 35 9 1 2 34% 20606271 12665 75%
c u 15795.60  0 23 99 464152  3 16214161 516875 3.7 35 9 1 2 34% 20606271 12665 75%
c v 15802.08  0 23 99 464152  3 16214161 516408 3.7 35 9 1 2 34% 20606271 12665 75%
c t 15802.16  0 23 99 464152  3 16214161 516402 3.7 35 9 1 2 34% 20606215 12665 75%
c B 15878.96  0 24 99 468984  3 16290364 580743 3.8 36 9 1 2 34% 20606215 12665 75%
c } 15886.08  0 24 99 469456  3 16297901 587270 3.8 36 9 1 2 33% 20606215 12665 75%
c [ 15886.08  0 38 99 469456  2 16297901 587270 2.2 43 20 1 2 36% 20606215 12665 75%
c ] 15972.22  0 35 99 469502  2 16443739 716854 2.4 44 18 1 2 29% 20606215 12665 75%
c { 15972.22  0 24 99 469502  3 16443739 716854 3.8 36 9 1 2 33% 20606215 12665 75%
c W 16057.58  0 24 99 471353  3 16471366 740298 3.8 35 9 1 2 33% 20606215 12665 75%
c } 16135.52  0 24 99 476229  3 16547415 803755 3.8 36 9 1 2 33% 20606215 12665 75%
c [ 16135.52  0 35 99 476229  2 16547415 803755 2.4 44 18 1 2 29% 20606215 12665 75%
c - 16137.08  0 35 100 476229  2 16547771 506436 2.4 44 18 1 2 29% 20606215 12665 75%
c d 16137.48  0 35 100 476229  2 16547771 506434 2.4 44 18 1 2 29% 20606215 12664 75%
c p 16139.21  0 35 100 476229  2 16547771 529566 2.4 44 18 1 2 29% 20606215 12664 75%
c 2 16139.27  0 35 100 476229  2 16547771 529565 2.4 44 18 1 2 29% 20606213 12664 75%
c u 16148.74  0 35 100 476229  2 16547771 527426 2.4 44 18 1 2 29% 20606213 12664 75%
c 
c   seconds     reductions      conflicts           size   tier2          variables
c            MB       restarts          redundant      glue   trail            remaining
c             level          rate             size/glue  tier1   irredundant
c 
c v 16153.35  0 35 100 476229  2 16547771 526997 2.4 44 18 1 2 29% 20606213 12664 75%
c w 16153.37  0 35 100 476229  2 16547771 526997 2.4 44 18 1 2 29% 20606213 12664 75%
c t 16153.44  0 35 100 476229  2 16547771 526974 2.4 44 18 1 2 29% 20606212 12664 75%
c W 16221.87  0 45 100 476247  2 16653369 617181 2.0 47 23 1 2 33% 20606212 12664 75%
c ] 16253.69  0 43 100 476268  2 16742277 691905 2.1 47 23 1 2 38% 20606212 12664 75%
c { 16253.69  0 24 100 476268  3 16742277 691905 3.8 36 9 1 2 33% 20606212 12664 75%
c i 16266.12  0 23 100 476890  3 16757506 704116 3.7 35 9 1 2 34% 20606212 12663 75%
c s 16276.58  0 23 100 477454  3 16767437 712226 3.8 35 9 1 2 35% 20572231 12663 75%
c t 16276.83  0 23 100 477454  3 16767437 712226 3.8 35 9 1 2 35% 20571941 12663 75%
c e 16277.27  0 23 100 477454  3 16767437 708626 3.8 35 9 1 2 35% 20571921 12661 75%
c s 16277.80  0 23 100 477454  3 16767437 708626 3.8 35 9 1 2 35% 20544629 12661 75%
c F 16351.23  0 23 100 481808  3 16836371 766718 3.7 35 9 1 2 33% 20544629 12661 75%
c } 16357.69  0 23 100 482102  3 16844020 772792 3.7 34 9 1 2 34% 20544629 12661 75%
c [ 16357.69  0 43 100 482102  2 16844020 772792 2.1 47 23 1 2 38% 20544629 12661 75%
c - 16384.66  0 44 101 482112  2 16884795 503604 2.3 51 22 1 2 36% 20544629 12661 75%
c 2 16384.70  0 44 101 482112  2 16884795 503600 2.3 51 22 1 2 36% 20544540 12661 75%
c p 16386.43  0 44 101 482112  2 16884795 527914 2.3 51 22 1 2 36% 20544540 12661 75%
c u 16394.35  0 44 101 482112  2 16884795 526162 2.3 51 22 1 2 36% 20544540 12661 75%
c v 16398.15  0 44 101 482112  2 16884795 525610 2.3 51 22 1 2 36% 20544540 12661 75%
c w 16398.31  0 44 101 482112  2 16884795 525610 2.3 51 22 1 2 36% 20544540 12661 75%
c 
c   seconds     reductions      conflicts           size   tier2          variables
c            MB       restarts          redundant      glue   trail            remaining
c             level          rate             size/glue  tier1   irredundant
c 
c t 16398.39  0 44 101 482112  2 16884795 525593 2.3 51 22 1 2 36% 20544436 12661 75%
c ] 16458.29  0 44 101 482144  2 16995317 618297 1.9 46 24 1 2 36% 20544436 12661 75%
c { 16458.29  0 23 101 482144  3 16995317 618297 3.7 34 9 1 2 34% 20544436 12661 75%
c B 16484.42  0 23 101 483650  3 17020372 639031 3.7 35 9 1 2 34% 20544436 12661 75%
c } 16564.62  0 23 101 488547  3 17100367 705087 3.7 34 9 1 2 34% 20544436 12661 75%
c [ 16564.62  0 44 101 488547  2 17100367 705087 1.9 46 24 1 2 36% 20544436 12661 75%
c O 16636.48  0 36 101 488586  2 17205376 793867 2.2 44 20 1 2 38% 20544436 12661 75%
c - 16649.41  0 38 102 488593  2 17225100 503209 2.2 45 21 1 2 39% 20544436 12661 75%
c d 16649.78  0 38 102 488593  2 17225100 501903 2.2 45 21 1 2 39% 20544435 12660 75%
c p 16651.44  0 38 102 488593  2 17225100 525657 2.2 45 21 1 2 39% 20544435 12660 75%
c 2 16651.54  0 38 102 488593  2 17225100 525656 2.2 45 21 1 2 39% 20544434 12660 75%
c u 16658.22  0 38 102 488593  2 17225100 523321 2.2 45 21 1 2 39% 20544434 12660 75%
c v 16664.73  0 38 102 488593  2 17225100 522378 2.2 45 21 1 2 39% 20544434 12660 75%
c w 16664.79  0 38 102 488593  2 17225100 522378 2.2 45 21 1 2 39% 20544434 12660 75%
c t 16664.86  0 38 102 488593  2 17225100 522362 2.2 45 21 1 2 39% 20544434 12660 75%
c ] 16672.80  0 37 102 488599  2 17232926 529116 2.2 46 21 1 2 39% 20544434 12660 75%
c { 16672.80  0 23 102 488599  3 17232926 529116 3.7 34 9 1 2 34% 20544434 12660 75%
c } 16778.88  0 24 102 495175  3 17342666 621383 3.9 37 9 1 2 33% 20544434 12660 75%
c [ 16778.88  0 37 102 495175  2 17342666 621383 2.2 46 21 1 2 39% 20544434 12660 75%
c B 16803.88  0 33 102 495186  2 17391379 664220 2.3 41 17 1 2 33% 20544434 12660 75%
c 
c   seconds     reductions      conflicts           size   tier2          variables
c            MB       restarts          redundant      glue   trail            remaining
c             level          rate             size/glue  tier1   irredundant
c 
c ] 16873.89  0 58 102 495188  2 17503873 762960 1.9 51 27 1 2 34% 20544434 12660 75%
c { 16873.89  0 24 102 495188  3 17503873 762960 3.9 37 9 1 2 33% 20544434 12660 75%
c - 16944.68  0 24 103 499297  3 17568816 513013 3.9 37 10 1 2 33% 20544434 12660 75%
c p 16946.44  0 24 103 499297  3 17568816 536797 3.9 37 10 1 2 33% 20544434 12660 75%
c = 16967.72  0 24 103 499297  3 17568816 536786 3.9 37 10 1 2 33% 20544432 12658 75%
c u 16977.60  0 24 103 499297  3 17568816 534550 3.9 37 10 1 2 33% 20544432 12658 75%
c v 16982.77  0 24 103 499297  3 17568816 533779 3.9 37 10 1 2 33% 20544432 12658 75%
c t 16982.84  0 24 103 499297  3 17568816 533758 3.9 37 10 1 2 33% 20544432 12658 75%
c W 17027.72  0 24 103 499685  3 17578380 541283 3.8 37 9 1 2 34% 20544432 12658 75%
c } 17057.50  0 24 103 501376  3 17607289 565670 3.9 37 9 1 2 33% 20544432 12658 75%
c [ 17057.50  0 58 103 501376  2 17607289 565670 1.9 51 27 1 2 34% 20544432 12658 75%
c s 17066.02  0 56 103 501376  2 17620572 578066 2.0 50 25 1 2 32% 20517847 12658 75%
c t 17066.25  0 56 103 501376  2 17620572 578066 2.0 50 25 1 2 32% 20517682 12658 75%
c e 17066.69  0 56 103 501376  2 17620572 577983 2.0 50 25 1 2 32% 20517680 12657 75%
c s 17067.20  0 56 103 501376  2 17620572 577982 2.0 50 25 1 2 32% 20491848 12657 75%
c ] 17153.41  0 93 103 501377  2 17733628 678537 1.9 68 36 1 2 36% 20491847 12657 75%
c { 17153.41  0 24 103 501377  3 17733628 678537 3.9 37 9 1 2 33% 20491847 12657 75%
c # 17187.88  0 24 103 503366  3 17766385 706041 3.9 37 10 1 2 33% 20491847 12657 75%
c } 17259.05  0 23 103 507082  3 17839817 767025 3.7 35 9 1 2 33% 20491847 12657 75%
c [ 17259.05  0 93 103 507082  2 17839817 767025 1.9 68 36 1 2 36% 20491847 12657 75%
c 
c   seconds     reductions      conflicts           size   tier2          variables
c            MB       restarts          redundant      glue   trail            remaining
c             level          rate             size/glue  tier1   irredundant
c 
c - 17310.58  0 53 104 507082  2 17915943 524671 2.3 52 23 1 2 32% 20491847 12657 75%
c 2 17310.63  0 53 104 507082  2 17915943 524655 2.3 52 23 1 2 32% 20491828 12657 75%
c d 17311.01  0 53 104 507082  2 17915943 524267 2.3 52 23 1 2 32% 20491828 12656 75%
c p 17312.69  0 53 104 507082  2 17915943 548144 2.3 52 23 1 2 32% 20491828 12656 75%
c u 17321.23  0 53 104 507082  2 17915943 545634 2.3 52 23 1 2 32% 20491828 12656 75%
c v 17328.83  0 53 104 507082  2 17915943 544563 2.3 52 23 1 2 32% 20491828 12656 75%
c w 17328.96  0 53 104 507082  2 17915943 544563 2.3 52 23 1 2 32% 20491828 12656 75%
c t 17329.03  0 53 104 507082  2 17915943 544540 2.3 52 23 1 2 32% 20491809 12656 75%
c ] 17358.37  0 58 104 507082  2 17945095 571412 2.7 66 25 1 2 35% 20491809 12656 75%
c { 17358.37  0 23 104 507082  3 17945095 571412 3.7 35 9 1 2 33% 20491809 12656 75%
c B 17368.95  0 23 104 507690  3 17955390 579870 3.7 34 9 1 2 33% 20491809 12656 75%
c } 17466.92  0 23 104 513644  3 18054575 663286 3.8 36 9 1 2 33% 20491809 12656 75%
c [ 17466.92  0 58 104 513644  2 18054575 663286 2.7 66 25 1 2 35% 20491809 12656 75%
c ] 17539.14  0 36 104 513644  1 18139439 740101 3.6 62 17 1 2 31% 20491809 12656 75%
c { 17539.14  0 23 104 513644  3 18139439 740101 3.8 36 9 1 2 33% 20491809 12656 75%
c W 17573.90  0 23 104 514062  3 18145393 745198 3.8 36 9 1 2 33% 20491809 12656 75%
c } 17675.88  0 23 104 520171  3 18242474 824598 3.7 35 9 1 2 34% 20491809 12656 75%
c [ 17675.88  0 36 104 520171  1 18242474 824598 3.6 62 17 1 2 31% 20491809 12656 75%
c - 17695.28  0 34 105 520171  2 18266367 535511 3.3 55 17 1 2 33% 20491809 12656 75%
c p 17697.06  0 34 105 520171  2 18266367 559248 3.3 55 17 1 2 33% 20491809 12656 75%
c 
c   seconds     reductions      conflicts           size   tier2          variables
c            MB       restarts          redundant      glue   trail            remaining
c             level          rate             size/glue  tier1   irredundant
c 
c u 17706.30  0 34 105 520171  2 18266367 556816 3.3 55 17 1 2 33% 20491809 12656 75%
c v 17716.85  0 34 105 520171  2 18266367 555581 3.3 55 17 1 2 33% 20491809 12656 75%
c w 17716.87  0 34 105 520171  2 18266367 555581 3.3 55 17 1 2 33% 20491809 12656 75%
c t 17716.95  0 34 105 520171  2 18266367 555543 3.3 55 17 1 2 33% 20491807 12656 75%
c W 17764.34  0 47 105 520172  2 18336394 618905 2.6 54 21 1 2 33% 20491807 12656 75%
c ] 17808.69  0 47 105 520172  2 18468845 733995 2.1 46 21 1 2 33% 20491807 12656 75%
c { 17808.69  0 23 105 520172  3 18468845 733995 3.7 35 9 1 2 34% 20491807 12656 75%
c s 17837.21  0 23 105 521902  3 18494767 755617 3.7 35 9 1 2 34% 20461018 12656 75%
c t 17837.46  0 23 105 521902  3 18494767 755616 3.7 35 9 1 2 34% 20460903 12656 75%
c e 17837.91  0 23 105 521902  3 18494767 751804 3.7 35 9 1 2 34% 20460903 12654 75%
c s 17838.42  0 23 105 521902  3 18494767 751800 3.7 35 9 1 2 34% 20426874 12654 75%
c F 17872.13  0 23 105 523730  3 18528398 779685 3.6 34 9 1 2 33% 20426874 12654 75%
c } 17923.54  0 23 105 527162  3 18577764 820765 3.6 34 9 1 2 34% 20426874 12654 75%
c [ 17923.54  0 47 105 527162  2 18577764 820765 2.1 46 21 1 2 33% 20426874 12654 75%
c - 17945.40  0 39 106 527162  1 18620200 537014 2.1 39 19 1 2 28% 20426874 12654 75%
c 2 17945.45  0 39 106 527162  1 18620200 537013 2.1 39 19 1 2 28% 20426780 12654 75%
c p 17947.10  0 39 106 527162  1 18620200 560855 2.1 39 19 1 2 28% 20426780 12654 75%
c u 17954.35  0 39 106 527162  1 18620200 559330 2.1 39 19 1 2 28% 20426780 12654 75%
c v 17957.72  0 39 106 527162  1 18620200 559026 2.1 39 19 1 2 28% 20426780 12654 75%
c t 17957.81  0 39 106 527162  1 18620200 559018 2.1 39 19 1 2 28% 20426702 12654 75%
c 
c   seconds     reductions      conflicts           size   tier2          variables
c            MB       restarts          redundant      glue   trail            remaining
c             level          rate             size/glue  tier1   irredundant
c 
c I 18025.22  0 59 106 527162  2 18721401 650529 2.4 69 28 1 2 34% 20426702 12654 75%
c ] 18036.22  0 53 106 527162  2 18746271 672885 2.4 61 25 1 2 33% 20426702 12654 75%
c { 18036.22  0 23 106 527162  3 18746271 672885 3.6 34 9 1 2 34% 20426702 12654 75%
c } 18147.61  0 23 106 533821  3 18856865 765905 3.6 35 10 1 2 32% 20426702 12654 75%
c [ 18147.61  0 53 106 533821  2 18856865 765905 2.4 61 25 1 2 33% 20426702 12654 75%
c B 18186.50  0 37 106 533821  2 18915402 818438 3.1 58 19 1 2 29% 20426702 12654 75%
c - 18219.54  0 56 107 533821  2 18977294 541311 2.6 53 20 1 2 25% 20426702 12654 75%
c p 18221.27  0 56 107 533821  2 18977294 564911 2.6 53 20 1 2 25% 20426702 12654 75%
c u 18233.79  0 56 107 533821  2 18977294 562546 2.6 53 20 1 2 25% 20428952 12654 75%
c v 18240.03  0 56 107 533821  2 18977294 561537 2.6 53 20 1 2 25% 20428952 12654 75%
c w 18240.06  0 56 107 533821  2 18977294 561537 2.6 53 20 1 2 25% 20428952 12654 75%
c t 18240.13  0 56 107 533821  2 18977294 561532 2.6 53 20 1 2 25% 20426702 12654 75%
c ] 18269.13  0 59 107 533821  2 19027224 606901 2.2 49 22 1 2 23% 20426702 12654 75%
c { 18269.13  0 23 107 533821  3 19027224 606901 3.6 35 10 1 2 32% 20426702 12654 75%
c B 18349.94  0 23 107 538792  3 19110403 676683 3.7 36 10 1 2 33% 20426702 12654 75%
c } 18380.11  0 23 107 540340  3 19142173 702654 3.6 34 9 1 2 32% 20426702 12654 75%
c [ 18380.11  0 59 107 540340  2 19142173 702654 2.2 49 22 1 2 23% 20426702 12654 75%
c ] 18465.09  0 38 107 540341  1 19271683 819574 2.3 40 17 1 2 21% 20426702 12654 75%
c { 18465.09  0 23 107 540341  3 19271683 819574 3.6 34 9 1 2 32% 20426702 12654 75%
c W 18535.82  0 23 107 542615  3 19306405 848687 3.7 35 9 1 2 32% 20426702 12654 75%
c 
c   seconds     reductions      conflicts           size  tier2          variables
c            MB       restarts          redundant      glue  trail            remaining
c             level          rate             size/glue tier1   irredundant
c 
c - 18569.97  0 23 108 544614  3 19337798 549706 3.7 35 9 1 2 32% 20426702 12654 75%
c p 18571.73  0 23 108 544614  3 19337798 573315 3.7 35 9 1 2 32% 20426702 12654 75%
c u 18581.30  0 23 108 544614  3 19337798 570898 3.7 35 9 1 2 32% 20426702 12654 75%
c v 18585.83  0 23 108 544614  3 19337798 570447 3.7 35 9 1 2 32% 20426702 12654 75%
c w 18585.86  0 23 108 544614  3 19337798 570447 3.7 35 9 1 2 32% 20426702 12654 75%
c t 18585.93  0 23 108 544614  3 19337798 570441 3.7 35 9 1 2 32% 20426702 12654 75%
c } 18630.49  0 23 108 547274  3 19385781 610419 3.7 35 9 1 2 32% 20426702 12654 75%
c [ 18630.49  0 38 108 547274  1 19385781 610419 2.3 40 17 1 2 21% 20426702 12654 75%
c s 18632.72  0 37 108 547274  1 19389931 614013 2.4 40 17 1 2 22% 20399296 12654 75%
c t 18632.96  0 37 108 547274  1 19389931 614013 2.4 40 17 1 2 22% 20399168 12654 75%
c s 18633.89  0 37 108 547274  1 19389931 614010 2.4 40 17 1 2 22% 20367958 12654 75%
c W 18691.38  0 50 108 547274  2 19503406 717435 2.7 60 22 1 2 27% 20367958 12654 75%
c ] 18757.57  0 48 108 547274  2 19653474 848802 2.1 47 22 1 2 30% 20367958 12654 75%
c { 18757.57  0 23 108 547274  3 19653474 848802 3.7 35 9 1 2 32% 20367958 12654 75%
c # 18804.66  0 22 108 549433  3 19701407 887565 3.5 33 9 1 2 32% 20367958 12654 75%
c - 18806.36  0 22 109 549450  3 19701709 552601 3.5 32 9 1 2 32% 20367958 12654 75%
c 2 18806.41  0 22 109 549450  3 19701709 552601 3.5 32 9 1 2 32% 20367912 12654 75%
c p 18808.14  0 22 109 549450  3 19701709 576292 3.5 32 9 1 2 32% 20367912 12654 75%
c u 18813.16  0 22 109 549450  3 19701709 575228 3.5 32 9 1 2 32% 20367912 12654 75%
c v 18813.20  0 22 109 549450  3 19701709 575225 3.5 32 9 1 2 32% 20367912 12654 75%
c 
c   seconds     reductions      conflicts           size  tier2          variables
c            MB       restarts          redundant      glue  trail            remaining
c             level          rate             size/glue tier1   irredundant
c 
c x 18818.47  0 22 109 549450  3 19701709 575221 3.5 32 9 1 2 32% 20366962 12654 75%
c t 18818.55  0 22 109 549450  3 19701709 575206 3.5 32 9 1 2 32% 20366893 12654 75%
c } 18882.28  0 22 109 553386  3 19769328 631124 3.7 34 9 1 2 33% 20366893 12654 75%
c [ 18882.28  0 48 109 553386  2 19769328 631124 2.1 47 22 1 2 30% 20366893 12654 75%
c O 18949.26  0 35 109 553386  1 19900408 753972 3.9 70 18 1 2 25% 20366893 12654 75%
c ] 18976.71  0 31 109 553386  1 19961407 807979 3.3 54 16 1 2 22% 20366893 12654 75%
c { 18976.71  0 22 109 553386  3 19961407 807979 3.7 34 9 1 2 33% 20366893 12654 75%
c - 19088.63  0 22 110 560262  3 20068890 561041 3.6 34 9 1 2 33% 20366893 12654 75%
c p 19090.38  0 22 110 560262  3 20068890 584448 3.6 34 9 1 2 33% 20366893 12654 75%
c u 19098.36  0 22 110 560262  3 20068890 582230 3.6 34 9 1 2 33% 20366893 12654 75%
c v 19098.45  0 22 110 560262  3 20068890 582226 3.6 34 9 1 2 33% 20366893 12654 75%
c w 19098.50  0 22 110 560262  3 20068890 582226 3.6 34 9 1 2 33% 20366893 12654 75%
c t 19098.57  0 22 110 560262  3 20068890 582211 3.6 34 9 1 2 33% 20366891 12654 75%
c } 19105.18  0 22 110 560718  3 20075351 587168 3.6 34 9 1 2 33% 20366891 12654 75%
c [ 19105.18  0 31 110 560718  1 20075351 587168 3.3 54 16 1 2 22% 20366891 12654 75%
c B 19129.35  0 29 110 560718  1 20100410 610512 3.6 55 15 1 2 24% 20366891 12654 75%
c ] 19196.06  0 47 110 560718  2 20194608 696253 2.7 63 23 1 2 33% 20366891 12654 75%
c { 19196.06  0 22 110 560718  3 20194608 696253 3.6 34 9 1 2 33% 20366891 12654 75%
c B 19302.93  0 22 110 567093  3 20301412 784169 3.5 33 9 1 2 33% 20366890 12654 75%
c s 19309.85  0 22 110 567554  3 20306047 788008 3.6 34 9 1 2 33% 20342882 12654 75%
c 
c   seconds     reductions      conflicts           size  tier2          variables
c            MB       restarts          redundant      glue  trail            remaining
c             level          rate             size/glue tier1   irredundant
c 
c t 19310.11  0 22 110 567554  3 20306047 788007 3.6 34 9 1 2 33% 20342834 12654 75%
c e 19310.57  0 22 110 567554  3 20306047 787783 3.6 34 9 1 2 33% 20342832 12653 75%
c s 19311.08  0 22 110 567554  3 20306047 787779 3.6 34 9 1 2 33% 20319106 12653 75%
c } 19314.82  0 23 110 567789  3 20308933 790301 3.6 34 9 1 2 33% 20319106 12653 75%
c [ 19314.82  0 47 110 567789  2 20308933 790301 2.7 63 23 1 2 33% 20319106 12653 75%
c - 19377.61  0 27 111 567789  1 20439474 565621 2.6 38 15 1 2 22% 20319106 12653 75%
c 2 19377.66  0 27 111 567789  1 20439474 565621 2.6 38 15 1 2 22% 20319081 12653 75%
c p 19379.38  0 27 111 567789  1 20439474 588847 2.6 38 15 1 2 22% 20319081 12653 75%
c u 19397.02  0 27 111 567789  1 20439474 587471 2.6 38 15 1 2 22% 20319081 12653 75%
c v 19397.35  0 27 111 567789  1 20439474 587461 2.6 38 15 1 2 22% 20319081 12653 75%
c w 19397.35  0 27 111 567789  1 20439474 587461 2.6 38 15 1 2 22% 20319081 12653 75%
c t 19397.42  0 27 111 567789  1 20439474 587452 2.6 38 15 1 2 22% 20319023 12653 75%
c W 19460.42  0 39 111 567789  1 20503413 646741 2.3 40 17 1 2 19% 20319023 12653 75%
c ] 19475.10  0 48 111 567789  2 20546507 685704 2.3 49 21 1 2 23% 20319023 12653 75%
c { 19475.10  0 23 111 567789  3 20546507 685704 3.6 34 9 1 2 33% 20319023 12653 75%
c } 19594.26  0 23 111 575077  3 20667219 787360 3.6 34 9 1 2 31% 20319023 12653 75%
c [ 19594.26  0 48 111 575077  2 20667219 787360 2.3 49 21 1 2 23% 20319023 12653 75%
c I 19616.08  0 42 111 575077  2 20706414 821432 2.3 44 19 1 2 21% 20319023 12653 75%
c - 19672.96  0 46 112 575077  2 20813349 572026 2.0 42 20 1 2 17% 20319023 12653 75%
c p 19674.70  0 46 112 575077  2 20813349 595322 2.0 42 20 1 2 17% 20319023 12653 75%
c 
c   seconds     reductions      conflicts           size   tier2          variables
c            MB       restarts          redundant      glue   trail            remaining
c             level          rate             size/glue  tier1   irredundant
c 
c u 19677.33  0 46 112 575077  2 20813349 594928 2.0 42 20 1 2 17% 20319023 12653 75%
c v 19677.47  0 46 112 575077  2 20813349 594924 2.0 42 20 1 2 17% 20319023 12653 75%
c w 19677.52  0 46 112 575077  2 20813349 594923 2.0 42 20 1 2 17% 20319023 12653 75%
c t 19677.59  0 46 112 575077  2 20813349 594921 2.0 42 20 1 2 17% 20319018 12653 75%
c ] 19708.46  0 40 112 575107  2 20895131 666793 2.2 42 19 1 2 20% 20319018 12653 75%
c { 19708.46  0 23 112 575107  3 20895131 666793 3.6 34 9 1 2 31% 20319018 12653 75%
c W 19736.12  0 23 112 575999  3 20910417 679289 3.7 34 9 1 2 32% 20319018 12653 75%
c } 19841.30  0 22 112 582232  3 21020680 770331 3.6 34 9 1 2 33% 20319018 12653 75%
c [ 19841.30  0 40 112 582232  2 21020680 770331 2.2 42 19 1 2 20% 20319018 12653 75%
c i 19857.40  0 34 112 582242  2 21052687 796669 2.2 38 17 1 2 26% 20319018 12652 75%
c B 19888.69  0 33 112 582264  2 21115419 850205 2.3 40 17 1 2 32% 20319018 12652 75%
c - 19937.98  0 36 113 582282  2 21190628 565619 2.3 44 19 1 2 35% 20156017 12652 75%
c 2 19938.03  0 36 113 582282  2 21190628 565618 2.3 44 19 1 2 35% 20156017 12652 75%
c d 19938.35  0 36 113 582282  2 21190628 565615 2.3 44 19 1 2 35% 20156013 12650 75%
c p 19940.01  0 36 113 582282  2 21190628 588950 2.3 44 19 1 2 35% 20156013 12650 75%
c 2 19940.07  0 36 113 582282  2 21190628 588892 2.3 44 19 1 2 35% 20156012 12650 75%
c u 19943.34  0 36 113 582282  2 21190628 588227 2.3 44 19 1 2 35% 20156012 12650 75%
c v 19943.45  0 36 113 582282  2 21190628 588225 2.3 44 19 1 2 35% 20156012 12650 75%
c w 19943.50  0 36 113 582282  2 21190628 588224 2.3 44 19 1 2 35% 20156012 12650 75%
c t 19943.57  0 36 113 582282  2 21190628 588144 2.3 44 19 1 2 35% 20156011 12650 75%
c 
c   seconds     reductions      conflicts           size   tier2          variables
c            MB       restarts          redundant      glue   trail            remaining
c             level          rate             size/glue  tier1   irredundant
c 
c ] 19953.69  0 35 113 582290  2 21204471 599725 2.3 43 18 1 2 36% 20156011 12650 75%
c { 19953.69  0 22 113 582290  3 21204471 599725 3.6 34 9 1 2 33% 20156011 12650 75%
c s 19990.52  0 22 113 584460  3 21243174 631759 3.6 34 9 1 2 33% 20130181 12650 75%
c t 19990.77  0 22 113 584460  3 21243174 631759 3.6 34 9 1 2 33% 20130023 12650 75%
c e 19991.23  0 22 113 584460  3 21243174 619689 3.6 34 9 1 2 33% 20130012 12648 75%
c s 19991.72  0 22 113 584460  3 21243174 619689 3.6 34 9 1 2 33% 20109557 12648 75%
c F 20066.45  0 22 113 588920  3 21321424 684735 3.5 32 9 1 2 32% 20109557 12648 75%
c } 20071.08  0 22 113 589158  3 21326381 688663 3.5 32 9 1 2 32% 20109557 12648 75%
c [ 20071.08  0 35 113 589158  2 21326381 688663 2.3 43 18 1 2 36% 20109557 12648 75%
c ] 20165.52  0 38 113 589196  2 21468586 812199 2.3 48 21 1 2 37% 20109557 12648 75%
c { 20165.52  0 22 113 589196  3 21468586 812199 3.5 32 9 1 2 32% 20109557 12648 75%
c i 20223.64  0 22 113 592520  3 21525100 858930 3.5 33 9 1 2 31% 20109557 12647 75%
c B 20226.07  0 22 113 592646  3 21528447 861723 3.5 32 9 1 2 31% 20109557 12647 75%
c - 20268.04  0 22 114 595217  3 21570912 562979 3.5 32 9 1 2 30% 20109547 12647 75%
c 2 20268.08  0 22 114 595217  3 21570912 562975 3.5 32 9 1 2 30% 20109518 12647 75%
c p 20269.79  0 22 114 595217  3 21570912 586527 3.5 32 9 1 2 30% 20109518 12647 75%
c u 20274.71  0 22 114 595217  3 21570912 585788 3.5 32 9 1 2 30% 20109518 12647 75%
c v 20287.21  0 22 114 595217  3 21570912 584193 3.5 32 9 1 2 30% 20109518 12647 75%
c t 20287.29  0 22 114 595217  3 21570912 584182 3.5 32 9 1 2 30% 20109489 12647 75%
c } 20308.27  0 22 114 596419  3 21595017 603416 3.5 32 9 1 2 32% 20109488 12647 75%
c 
c   seconds     reductions      conflicts           size   tier2          variables
c            MB       restarts          redundant      glue   trail            remaining
c             level          rate             size/glue  tier1   irredundant
c 
c [ 20308.27  0 38 114 596419  2 21595017 603416 2.3 48 21 1 2 37% 20109488 12647 75%
c i 20323.01  0 35 114 596420  2 21622039 627354 2.4 45 19 1 2 38% 20109488 12646 75%
c W 20418.72  0 44 114 596450  2 21736451 704252 2.2 51 23 1 2 37% 19941528 12646 75%
c ] 20449.56  0 38 114 596475  2 21804327 760757 2.2 44 20 1 2 39% 19941528 12646 75%
c { 20449.56  0 22 114 596475  3 21804327 760757 3.5 32 9 1 2 32% 19941528 12646 75%
c } 20570.97  0 22 114 604361  3 21922748 858130 3.5 32 9 1 2 32% 19941528 12646 75%
c [ 20570.97  0 38 114 604361  2 21922748 858130 2.2 44 20 1 2 39% 19941528 12646 75%
c O 20583.57  0 38 114 604368  2 21945452 878500 2.3 43 19 1 2 36% 19941528 12646 75%
c - 20589.99  0 38 115 604368  2 21954475 568035 2.3 42 18 1 2 35% 19941528 12646 75%
c 2 20590.04  0 38 115 604368  2 21954475 568032 2.3 42 18 1 2 35% 19941528 12646 75%
c p 20591.73  0 38 115 604368  2 21954475 591654 2.3 42 18 1 2 35% 19941528 12646 75%
c u 20597.23  0 38 115 604368  2 21954475 590692 2.3 42 18 1 2 35% 19941528 12646 75%
c v 20605.39  0 38 115 604368  2 21954475 589395 2.3 42 18 1 2 35% 19941528 12646 75%
c w 20605.43  0 38 115 604368  2 21954475 589395 2.3 42 18 1 2 35% 19941528 12646 75%
c t 20605.50  0 38 115 604368  2 21954475 589381 2.3 42 18 1 2 35% 19941523 12646 75%
c B 20691.30  0 28 115 604431  2 22155453 759934 2.3 36 16 1 2 26% 19941523 12646 75%
c ] 20694.93  0 30 115 604432  2 22161216 765166 2.3 37 16 1 2 26% 19941523 12646 75%
c { 20694.93  0 22 115 604432  3 22161216 765166 3.5 32 9 1 2 32% 19941523 12646 75%
c s 20730.18  0 21 115 606072  3 22200304 795969 3.4 31 9 1 2 32% 19908398 12646 75%
c t 20730.43  0 21 115 606072  3 22200304 795969 3.4 31 9 1 2 32% 19907862 12646 75%
c 
c   seconds     reductions      conflicts           size  tier2          variables
c            MB       restarts          redundant      glue  trail            remaining
c             level          rate             size/glue tier1   irredundant
c 
c e 20730.89  0 21 115 606072  3 22200304 795804 3.4 31 9 1 2 32% 19907856 12645 75%
c s 20731.37  0 21 115 606072  3 22200304 795799 3.4 31 9 1 2 32% 19872005 12645 75%
c i 20762.62  0 20 115 607615  3 22232882 821799 3.5 31 9 1 2 33% 19872005 12644 75%
c i 20773.27  0 20 115 608108  3 22243327 829705 3.4 31 9 1 2 33% 19872005 12643 75%
c } 20814.41  0 21 115 611087  3 22285039 864277 3.5 32 9 1 2 33% 19872005 12643 75%
c [ 20814.41  0 30 115 611087  2 22285039 864277 2.3 37 16 1 2 26% 19872005 12643 75%
c - 20842.59  0 32 116 611088  2 22341006 560009 2.3 36 16 1 2 21% 19871980 12643 75%
c 2 20842.63  0 32 116 611088  2 22341006 559997 2.3 36 16 1 2 21% 19871943 12643 75%
c d 20842.99  0 32 116 611088  2 22341006 559994 2.3 36 16 1 2 21% 19871943 12642 75%
c p 20844.66  0 32 116 611088  2 22341006 584049 2.3 36 16 1 2 21% 19871943 12642 75%
c 2 20844.72  0 32 116 611088  2 22341006 584042 2.3 36 16 1 2 21% 19871943 12642 75%
c u 20850.39  0 32 116 611088  2 22341006 583460 2.3 36 16 1 2 21% 19871943 12642 75%
c v 20850.70  0 32 116 611088  2 22341006 583457 2.3 36 16 1 2 21% 19871943 12642 75%
c w 20850.78  0 32 116 611088  2 22341006 583457 2.3 36 16 1 2 21% 19871943 12642 75%
c x 20856.59  0 32 116 611088  2 22341006 583457 2.3 36 16 1 2 21% 19871333 12642 75%
c t 20856.66  0 32 116 611088  2 22341006 583401 2.3 36 16 1 2 21% 19871141 12642 75%
c W 20892.39  0 38 116 611088  2 22366454 606500 2.3 39 17 1 2 24% 19871141 12642 75%
c I 20971.23  0 49 116 611119  1 22578457 793537 2.0 49 25 1 2 30% 19871141 12642 75%
c ] 20977.19  0 50 116 611120  1 22593290 806006 1.9 49 25 1 2 31% 19871141 12642 75%
c { 20977.19  0 21 116 611120  3 22593290 806006 3.5 32 9 1 2 33% 19871141 12642 75%
c 
c   seconds     reductions      conflicts           size  tier2          variables
c            MB       restarts          redundant      glue  trail            remaining
c             level          rate             size/glue tier1   irredundant
c 
c } 21109.17  0 22 116 619558  3 22727889 916980 3.7 34 9 1 2 33% 19871141 12642 75%
c [ 21109.17  0 50 116 619558  1 22727889 916980 1.9 49 25 1 2 31% 19871141 12642 75%
c - 21111.35  0 49 117 619558  1 22730743 570788 1.9 48 25 1 2 31% 19871141 12642 75%
c p 21113.06  0 49 117 619558  1 22730743 595091 1.9 48 25 1 2 31% 19871141 12642 75%
c u 21122.57  0 49 117 619558  1 22730743 594139 1.9 48 25 1 2 31% 19872854 12642 75%
c v 21128.08  0 49 117 619558  1 22730743 593128 1.9 48 25 1 2 31% 19872854 12642 75%
c w 21128.09  0 49 117 619558  1 22730743 593128 1.9 48 25 1 2 31% 19872854 12642 75%
c t 21128.17  0 49 117 619558  1 22730743 593118 1.9 48 25 1 2 31% 19871146 12642 75%
c B 21168.62  0 41 117 619587  2 22791458 645270 2.3 51 22 1 2 34% 19871146 12642 75%
c ] 21230.00  0 35 117 619611  2 22894002 734427 2.4 47 20 1 2 34% 19871146 12642 75%
c { 21230.00  0 22 117 619611  3 22894002 734427 3.7 34 9 1 2 33% 19871146 12642 75%
c W 21357.69  0 22 117 626411  3 23005459 826353 3.5 32 9 1 2 32% 19871146 12642 75%
c } 21378.95  0 22 117 627762  3 23026292 843673 3.6 33 9 1 2 31% 19871146 12642 75%
c [ 21378.95  0 35 117 627762  2 23026292 843673 2.4 47 20 1 2 34% 19871146 12642 75%
c - 21411.70  0 27 118 627801  1 23123861 576289 2.3 38 16 1 2 23% 19871146 12642 75%
c p 21413.43  0 27 118 627801  1 23123861 600396 2.3 38 16 1 2 23% 19871146 12642 75%
c u 21420.11  0 27 118 627801  1 23123861 599618 2.3 38 16 1 2 23% 19871146 12642 75%
c v 21426.67  0 27 118 627801  1 23123861 598647 2.3 38 16 1 2 23% 19871146 12642 75%
c w 21426.77  0 27 118 627801  1 23123861 598647 2.3 38 16 1 2 23% 19871146 12642 75%
c t 21426.85  0 27 118 627801  1 23123861 598629 2.3 38 16 1 2 23% 19871144 12642 75%
c 
c   seconds     reductions      conflicts           size   tier2          variables
c            MB       restarts          redundant      glue   trail            remaining
c             level          rate             size/glue  tier1   irredundant
c 
c s 21470.31  0 36 118 627804  2 23177158 644435 2.2 44 19 1 2 26% 19838340 12642 75%
c t 21470.54  0 36 118 627804  2 23177158 644434 2.2 44 19 1 2 26% 19838208 12642 75%
c e 21470.97  0 36 118 627804  2 23177158 642177 2.2 44 19 1 2 26% 19838205 12641 75%
c s 21471.46  0 36 118 627804  2 23177158 642173 2.2 44 19 1 2 26% 19808107 12641 75%
c W 21508.79  0 36 118 627805  2 23220462 679042 2.3 44 19 1 2 29% 19808107 12641 75%
c ] 21523.04  0 42 118 627805  2 23242055 697667 2.1 45 21 1 2 29% 19808107 12641 75%
c { 21523.04  0 22 118 627805  3 23242055 697667 3.6 33 9 1 2 31% 19808107 12641 75%
c } 21656.80  0 23 118 636570  3 23376942 809798 3.7 35 9 1 2 32% 19808107 12641 75%
c [ 21656.80  0 42 118 636570  2 23376942 809798 2.1 45 21 1 2 29% 19808107 12641 75%
c O 21692.09  0 38 118 636595  2 23436465 862179 2.6 52 20 1 2 32% 19808107 12641 75%
c - 21749.99  0 36 119 636626  2 23520366 582767 2.5 50 20 1 2 36% 19808107 12641 75%
c 2 21750.04  0 36 119 636626  2 23520366 582766 2.5 50 20 1 2 36% 19808045 12641 75%
c p 21751.69  0 36 119 636626  2 23520366 605138 2.5 50 20 1 2 36% 19808045 12641 75%
c u 21759.00  0 36 119 636626  2 23520366 604417 2.5 50 20 1 2 36% 19808045 12641 75%
c v 21759.15  0 36 119 636626  2 23520366 604412 2.5 50 20 1 2 36% 19808045 12641 75%
c w 21759.33  0 36 119 636626  2 23520366 604411 2.5 50 20 1 2 36% 19808045 12641 75%
c t 21759.40  0 36 119 636626  2 23520366 604398 2.5 50 20 1 2 36% 19807909 12641 75%
c ] 21778.21  0 36 119 636632  2 23546277 626482 2.4 47 20 1 2 36% 19807909 12641 75%
c { 21778.21  0 23 119 636632  3 23546277 626482 3.7 35 9 1 2 32% 19807909 12641 75%
c # 21878.76  0 23 119 642946  3 23653466 716393 3.8 36 9 1 2 32% 19807909 12641 75%
c 
c   seconds     reductions      conflicts           size  tier2          variables
c            MB       restarts          redundant      glue  trail            remaining
c             level          rate             size/glue tier1   irredundant
c 
c } 21907.46  0 23 119 644607  3 23683221 740484 3.7 35 9 1 2 32% 19807909 12641 75%
c [ 21907.46  0 36 119 644607  2 23683221 740484 2.4 47 20 1 2 36% 19807909 12641 75%
c B 21988.17  0 36 119 644669  2 23871467 903298 2.3 44 20 1 2 27% 19807909 12641 75%
c - 22019.20  0 43 120 644671  2 23920088 590035 2.1 45 22 1 2 30% 19807909 12641 75%
c d 22019.58  0 43 120 644671  2 23920088 588289 2.1 45 22 1 2 30% 19807909 12640 75%
c p 22021.26  0 43 120 644671  2 23920088 610842 2.1 45 22 1 2 30% 19807909 12640 75%
c = 22040.18  0 43 120 644671  2 23920088 610841 2.1 45 22 1 2 30% 19807909 12639 75%
c u 22048.42  0 43 120 644671  2 23920088 610245 2.1 45 22 1 2 30% 19807909 12639 75%
c v 22048.54  0 43 120 644671  2 23920088 610241 2.1 45 22 1 2 30% 19807909 12639 75%
c w 22048.60  0 43 120 644671  2 23920088 610241 2.1 45 22 1 2 30% 19807909 12639 75%
c t 22048.68  0 43 120 644671  2 23920088 610227 2.1 45 22 1 2 30% 19807908 12639 75%
c ] 22051.69  0 43 120 644671  2 23923580 613189 2.1 45 22 1 2 30% 19807908 12639 75%
c { 22051.69  0 23 120 644671  3 23923580 613189 3.7 35 9 1 2 32% 19807908 12639 75%
c } 22186.60  0 23 120 653540  3 24066262 731740 3.7 35 9 1 2 31% 19807908 12639 75%
c [ 22186.60  0 43 120 653540  2 24066262 731740 2.1 45 22 1 2 30% 19807908 12639 75%
c W 22236.71  0 38 120 653541  2 24090472 752909 2.1 42 20 1 2 32% 19807908 12639 75%
c s 22280.03  0 41 120 653542  2 24174852 828933 2.3 45 19 1 2 25% 19772473 12639 75%
c t 22280.27  0 41 120 653542  2 24174852 828933 2.3 45 19 1 2 25% 19772172 12639 75%
c e 22280.67  0 41 120 653542  2 24174852 826700 2.3 45 19 1 2 25% 19772156 12635 75%
c s 22281.17  0 41 120 653542  2 24174852 826695 2.3 45 19 1 2 25% 19741766 12635 75%
c 
c   seconds     reductions      conflicts           size   tier2          variables
c            MB       restarts          redundant      glue   trail            remaining
c             level          rate             size/glue  tier1   irredundant
c 
c ] 22343.80  0 42 120 653543  2 24308191 945236 2.1 43 20 1 2 22% 19741765 12635 75%
c { 22343.80  0 23 120 653543  3 24308191 945236 3.7 35 9 1 2 31% 19741765 12635 75%
c B 22346.12  0 23 120 653668  3 24310473 947100 3.7 35 9 1 2 31% 19741765 12635 75%
c - 22360.43  0 23 121 654590  3 24323192 596690 3.7 35 9 1 2 31% 19741765 12635 75%
c 2 22360.48  0 23 121 654590  3 24323192 596687 3.7 35 9 1 2 31% 19741726 12635 75%
c p 22362.13  0 23 121 654590  3 24323192 619001 3.7 35 9 1 2 31% 19741726 12635 75%
c u 22370.45  0 23 121 654590  3 24323192 618618 3.7 35 9 1 2 31% 19741726 12635 75%
c v 22370.46  0 23 121 654590  3 24323192 618618 3.7 35 9 1 2 31% 19741726 12635 75%
c w 22370.47  0 23 121 654590  3 24323192 618618 3.7 35 9 1 2 31% 19741726 12635 75%
c t 22370.53  0 23 121 654590  3 24323192 618616 3.7 35 9 1 2 31% 19741639 12635 75%
c } 22491.25  0 23 121 662598  3 24455461 728102 3.6 34 9 1 2 32% 19741639 12635 75%
c [ 22491.25  0 42 121 662598  2 24455461 728102 2.1 43 20 1 2 22% 19741639 12635 75%
c I 22534.40  0 33 121 662598  1 24531476 799036 3.5 56 16 1 2 23% 19741639 12635 75%
c ] 22602.00  0 32 121 662598  2 24653917 905345 2.6 43 16 1 2 27% 19741639 12635 75%
c { 22602.00  0 23 121 662598  3 24653917 905345 3.6 34 9 1 2 32% 19741639 12635 75%
c i 22667.48  0 22 121 666611  3 24721901 960627 3.6 33 9 1 2 33% 19741639 12633 75%
c - 22676.56  0 23 122 667116  3 24729499 607354 3.6 33 9 1 2 34% 19741618 12633 75%
c 2 22676.60  0 23 122 667116  3 24729499 607353 3.6 33 9 1 2 34% 19741617 12633 75%
c d 22676.91  0 23 122 667116  3 24729499 607347 3.6 33 9 1 2 34% 19741613 12630 75%
c p 22678.56  0 23 122 667116  3 24729499 628909 3.6 33 9 1 2 34% 19741613 12630 75%
c 
c   seconds     reductions      conflicts           size  tier2          variables
c            MB       restarts          redundant      glue  trail            remaining
c             level          rate             size/glue tier1   irredundant
c 
c 2 22678.62  0 23 122 667116  3 24729499 628865 3.6 33 9 1 2 34% 19741612 12630 75%
c u 22687.10  0 23 122 667116  3 24729499 626731 3.6 33 9 1 2 34% 19741612 12630 75%
c v 22687.14  0 23 122 667116  3 24729499 626731 3.6 33 9 1 2 34% 19741612 12630 75%
c w 22687.16  0 23 122 667116  3 24729499 626731 3.6 33 9 1 2 34% 19741612 12630 75%
c t 22687.23  0 23 122 667116  3 24729499 626666 3.6 33 9 1 2 34% 19741611 12630 75%
c W 22731.07  0 22 122 668452  3 24753478 646444 3.6 33 9 1 2 33% 19741611 12630 75%
c } 22778.57  0 23 122 671788  3 24801299 687827 3.8 36 9 1 2 32% 19741611 12630 75%
c [ 22778.57  0 32 122 671788  2 24801299 687827 2.6 43 16 1 2 27% 19741611 12630 75%
c ] 22874.94  0 27 122 671838  1 24954045 827623 2.9 43 15 1 2 23% 19741611 12630 75%
c { 22874.94  0 23 122 671838  3 24954045 827623 3.8 36 9 1 2 32% 19741611 12630 75%
c F 22897.43  0 23 122 673195  3 24976484 845999 3.7 35 9 1 2 32% 19741611 12630 75%
c } 23018.60  0 23 122 680680  3 25106279 952747 3.8 36 9 1 2 33% 19741611 12630 75%
c [ 23018.60  0 27 122 680680  1 25106279 952747 2.9 43 15 1 2 23% 19741611 12630 75%
c - 23035.04  0 27 123 680692  1 25139184 620553 2.8 40 14 1 2 21% 19741611 12630 75%
c p 23036.76  0 27 123 680692  1 25139184 641942 2.8 40 14 1 2 21% 19741611 12630 75%
c u 23045.16  0 27 123 680692  1 25139184 639708 2.8 40 14 1 2 21% 19741611 12630 75%
c v 23045.19  0 27 123 680692  1 25139184 639707 2.8 40 14 1 2 21% 19741611 12630 75%
c w 23045.20  0 27 123 680692  1 25139184 639705 2.8 40 14 1 2 21% 19741611 12630 75%
c t 23045.28  0 27 123 680692  1 25139184 639694 2.8 40 14 1 2 21% 19741610 12630 75%
c s 23087.83  0 29 123 680700  1 25193375 685953 2.7 40 15 1 2 28% 19714405 12630 75%
c 
c   seconds     reductions      conflicts           size   tier2          variables
c            MB       restarts          redundant      glue   trail            remaining
c             level          rate             size/glue  tier1   irredundant
c 
c t 23088.06  0 29 123 680700  1 25193375 685953 2.7 40 15 1 2 28% 19714181 12630 75%
c e 23088.46  0 29 123 680700  1 25193375 685656 2.7 40 15 1 2 28% 19714175 12625 75%
c s 23088.98  0 29 123 680700  1 25193375 685654 2.7 40 15 1 2 28% 19691336 12625 75%
c B 23094.62  0 29 123 680703  1 25200487 691371 2.6 40 15 1 2 28% 19691336 12625 75%
c ] 23155.54  0 36 123 680754  2 25332414 801808 2.1 41 20 1 2 33% 19691336 12625 75%
c { 23155.54  0 23 123 680754  3 25332414 801808 3.8 36 9 1 2 33% 19691336 12625 75%
c B 23245.01  0 22 123 686345  3 25425488 879207 3.8 36 9 1 2 33% 19691336 12625 75%
c } 23293.89  0 22 123 689201  3 25481219 924222 3.6 33 9 1 2 33% 19691336 12625 75%
c [ 23293.89  0 36 123 689201  2 25481219 924222 2.1 41 20 1 2 33% 19691336 12625 75%
c - 23325.27  0 38 124 689204  1 25552251 621584 2.5 51 20 1 2 33% 19691336 12625 75%
c 2 23325.32  0 38 124 689204  1 25552251 621584 2.5 51 20 1 2 33% 19691288 12625 75%
c d 23325.66  0 38 124 689204  1 25552251 621550 2.5 51 20 1 2 33% 19691284 12624 75%
c p 23327.30  0 38 124 689204  1 25552251 642876 2.5 51 20 1 2 33% 19691284 12624 75%
c 2 23327.36  0 38 124 689204  1 25552251 642868 2.5 51 20 1 2 33% 19691284 12624 75%
c u 23333.67  0 38 124 689204  1 25552251 641190 2.5 51 20 1 2 33% 19691284 12624 75%
c v 23333.72  0 38 124 689204  1 25552251 641188 2.5 51 20 1 2 33% 19691284 12624 75%
c w 23333.79  0 38 124 689204  1 25552251 641188 2.5 51 20 1 2 33% 19691284 12624 75%
c x 23340.41  0 38 124 689204  1 25552251 641184 2.5 51 20 1 2 33% 19689192 12624 75%
c t 23340.49  0 38 124 689204  1 25552251 641154 2.5 51 20 1 2 33% 19689048 12624 75%
c W 23421.33  0 38 124 689229  2 25651491 726878 2.2 44 20 1 2 32% 19689048 12624 75%
c 
c   seconds     reductions      conflicts           size   tier2          variables
c            MB       restarts          redundant      glue   trail            remaining
c             level          rate             size/glue  tier1   irredundant
c 
c i 23423.79  0 37 124 689233  1 25658761 732464 2.2 43 19 1 2 32% 19689048 12623 75%
c ] 23472.58  0 39 124 689267  2 25771301 829538 2.2 46 21 1 2 33% 19689048 12623 75%
c { 23472.58  0 22 124 689267  3 25771301 829538 3.6 33 9 1 2 33% 19689048 12623 75%
c W 23583.05  0 22 124 695814  3 25878492 873020 3.6 34 9 1 2 31% 19571778 12623 75%
c } 23625.09  0 22 124 698150  3 25924896 911059 3.6 33 9 1 2 32% 19571778 12623 75%
c [ 23625.09  0 39 124 698150  2 25924896 911059 2.2 46 21 1 2 33% 19571778 12623 75%
c - 23648.43  0 39 125 698157  2 25968558 609431 2.2 43 20 1 2 31% 19571778 12623 75%
c 2 23648.47  0 39 125 698157  2 25968558 609412 2.2 43 20 1 2 31% 19571775 12623 75%
c d 23648.80  0 39 125 698157  2 25968558 609410 2.2 43 20 1 2 31% 19571773 12622 75%
c p 23650.43  0 39 125 698157  2 25968558 631042 2.2 43 20 1 2 31% 19571773 12622 75%
c 2 23650.51  0 39 125 698157  2 25968558 631000 2.2 43 20 1 2 31% 19571773 12622 75%
c u 23657.89  0 39 125 698157  2 25968558 628718 2.2 43 20 1 2 31% 19571773 12622 75%
c v 23658.01  0 39 125 698157  2 25968558 628714 2.2 43 20 1 2 31% 19571773 12622 75%
c w 23658.15  0 39 125 698157  2 25968558 628713 2.2 43 20 1 2 31% 19571773 12622 75%
c t 23658.23  0 39 125 698157  2 25968558 628671 2.2 43 20 1 2 31% 19571772 12622 75%
c O 23749.10  0 42 125 698211  2 26106494 742792 1.9 43 23 1 2 34% 19571772 12622 75%
c ] 23755.34  0 45 125 698212  2 26116987 752342 2.0 46 24 1 2 33% 19571772 12622 75%
c { 23755.34  0 22 125 698212  3 26116987 752342 3.6 33 9 1 2 32% 19571772 12622 75%
c s 23867.38  0 22 125 705790  3 26232868 847407 3.5 33 9 1 2 32% 19535236 12622 75%
c t 23867.61  0 22 125 705790  3 26232868 847407 3.5 33 9 1 2 32% 19534973 12622 75%
c 
c   seconds     reductions      conflicts           size  tier2          variables
c            MB       restarts          redundant      glue  trail            remaining
c             level          rate             size/glue tier1   irredundant
c 
c e 23868.07  0 22 125 705790  3 26232868 847283 3.5 33 9 1 2 32% 19534961 12620 75%
c s 23868.59  0 22 125 705790  3 26232868 847279 3.5 33 9 1 2 32% 19505417 12620 75%
c } 23900.67  0 22 125 707976  3 26265281 874336 3.6 34 9 1 2 31% 19505417 12620 75%
c [ 23900.67  0 45 125 707976  2 26265281 874336 2.0 46 24 1 2 33% 19505417 12620 75%
c B 23938.27  0 52 125 707978  2 26335495 937823 2.4 59 25 1 2 35% 19505417 12620 75%
c - 23970.49  0 64 126 707979  2 26387918 618528 2.0 59 29 1 2 35% 19505417 12620 75%
c 2 23970.53  0 64 126 707979  2 26387918 618528 2.0 59 29 1 2 35% 19505337 12620 75%
c p 23972.18  0 64 126 707979  2 26387918 640067 2.0 59 29 1 2 35% 19505337 12620 75%
c u 23981.08  0 64 126 707979  2 26387918 637732 2.0 59 29 1 2 35% 19505337 12620 75%
c v 23988.37  0 64 126 707979  2 26387918 637042 2.0 59 29 1 2 35% 19505337 12620 75%
c w 23988.39  0 64 126 707979  2 26387918 637042 2.0 59 29 1 2 35% 19505337 12620 75%
c t 23988.48  0 64 126 707979  2 26387918 637014 2.0 59 29 1 2 35% 19505219 12620 75%
c ] 24042.79  0 55 126 707979  2 26462200 701674 2.0 52 26 1 2 34% 19505219 12620 75%
c { 24042.79  0 22 126 707979  3 26462200 701674 3.6 34 9 1 2 31% 19505219 12620 75%
c # 24141.51  0 23 126 714235  3 26565497 787942 3.8 35 9 1 2 31% 19505219 12620 75%
c } 24188.84  0 23 126 717521  3 26615283 829562 3.7 35 10 1 2 31% 19505219 12620 75%
c [ 24188.84  0 55 126 717521  2 26615283 829562 2.0 52 26 1 2 34% 19505219 12620 75%
c W 24283.60  0 28 126 717580  1 26796500 987950 2.2 33 15 1 2 22% 19505219 12620 75%
c - 24291.31  0 31 127 717582  1 26810447 625237 2.2 34 16 1 2 24% 19505219 12620 75%
c p 24293.24  0 31 127 717582  1 26810447 647580 2.2 34 16 1 2 24% 19505219 12619 75%
c 
c   seconds     reductions      conflicts           size   tier2          variables
c            MB       restarts          redundant      glue   trail            remaining
c             level          rate             size/glue  tier1   irredundant
c 
c u 24301.81  0 31 127 717582  1 26810447 645173 2.2 34 16 1 2 24% 19505219 12619 75%
c v 24306.07  0 31 127 717582  1 26810447 644485 2.2 34 16 1 2 24% 19505219 12619 75%
c w 24306.18  0 31 127 717582  1 26810447 644485 2.2 34 16 1 2 24% 19505219 12619 75%
c t 24306.25  0 31 127 717582  1 26810447 644461 2.2 34 16 1 2 24% 19505219 12619 75%
c ] 24350.84  0 32 127 717599  2 26894156 715775 2.0 36 18 1 2 29% 19505219 12619 75%
c { 24350.84  0 23 127 717599  3 26894156 715775 3.7 35 10 1 2 31% 19505219 12619 75%
c i 24365.47  0 23 127 718601  3 26909190 728411 3.7 35 10 1 2 31% 19505219 12618 75%
c i 24428.77  0 23 127 722414  3 26978500 785953 3.7 34 9 1 2 31% 19505219 12617 75%
c B 24474.21  0 23 127 725357  3 27028501 827669 3.6 34 9 1 2 32% 19505219 12617 75%
c } 24497.07  0 23 127 726921  3 27052496 847505 3.6 34 9 1 2 32% 19505219 12617 75%
c [ 24497.07  0 32 127 726921  2 27052496 847505 2.0 36 18 1 2 29% 19505219 12617 75%
c - 24580.10  0 34 128 726970  2 27236348 625795 2.1 37 17 1 2 26% 19340231 12617 75%
c 2 24580.14  0 34 128 726970  2 27236348 625787 2.1 37 17 1 2 26% 19340231 12617 75%
c d 24580.48  0 34 128 726970  2 27236348 625369 2.1 37 17 1 2 26% 19340224 12613 75%
c p 24582.13  0 34 128 726970  2 27236348 645355 2.1 37 17 1 2 26% 19340224 12613 75%
c c 24586.50  0 34 128 726970  2 27236348 645278 2.1 37 17 1 2 26% 19341285 12613 75%
c d 24586.92  0 34 128 726970  2 27236348 645275 2.1 37 17 1 2 26% 19341281 12611 75%
c 2 24586.99  0 34 128 726970  2 27236348 645274 2.1 37 17 1 2 26% 19341278 12611 75%
c u 24593.82  0 34 128 726970  2 27236348 643485 2.1 37 17 1 2 26% 19341278 12611 75%
c v 24594.13  0 34 128 726970  2 27236348 643468 2.1 37 17 1 2 26% 19341278 12611 75%
c 
c   seconds     reductions      conflicts           size   tier2          variables
c            MB       restarts          redundant      glue   trail            remaining
c             level          rate             size/glue  tier1   irredundant
c 
c w 24594.22  0 34 128 726970  2 27236348 643468 2.1 37 17 1 2 26% 19341278 12611 75%
c x 24600.74  0 34 128 726970  2 27236348 643464 2.1 37 17 1 2 26% 19339575 12611 75%
c t 24600.81  0 34 128 726970  2 27236348 643395 2.1 37 17 1 2 26% 19338436 12611 75%
c I 24613.79  0 39 128 726970  2 27261504 665370 2.0 39 19 1 2 26% 19338436 12611 75%
c s 24633.83  0 38 128 726974  2 27292263 691268 2.0 38 19 1 2 30% 19311525 12611 75%
c t 24634.16  0 38 128 726974  2 27292263 691268 2.0 38 19 1 2 30% 19311371 12611 75%
c e 24634.67  0 38 128 726974  2 27292263 690827 2.0 38 19 1 2 30% 19311338 12602 75%
c s 24635.20  0 38 128 726974  2 27292263 690824 2.0 38 19 1 2 30% 19288686 12602 75%
c ] 24647.10  0 37 128 726984  2 27311023 705764 2.0 38 19 1 2 31% 19288686 12602 75%
c { 24647.10  0 23 128 726984  3 27311023 705764 3.6 34 9 1 2 32% 19288686 12602 75%
c i 24754.61  0 22 128 733446  3 27431612 803872 3.5 32 9 1 2 33% 19288685 12599 75%
c } 24795.75  0 22 128 736337  3 27474647 839503 3.6 33 9 1 2 32% 19288685 12599 75%
c [ 24795.75  0 37 128 736337  2 27474647 839503 2.0 38 19 1 2 31% 19288685 12599 75%
c B 24809.87  0 41 128 736345  2 27495506 858520 2.4 48 20 1 2 32% 19288685 12599 75%
c - 24912.30  0 34 129 736394  2 27665135 624980 2.3 45 20 1 2 34% 19127734 12599 75%
c 2 24912.34  0 34 129 736394  2 27665135 624967 2.3 45 20 1 2 34% 19127700 12599 75%
c d 24912.66  0 34 129 736394  2 27665135 624964 2.3 45 20 1 2 34% 19127694 12596 75%
c p 24914.25  0 34 129 736394  2 27665135 644650 2.3 45 20 1 2 34% 19127694 12596 75%
c 2 24914.30  0 34 129 736394  2 27665135 644527 2.3 45 20 1 2 34% 19127694 12596 75%
c u 24922.61  0 34 129 736394  2 27665135 642240 2.3 45 20 1 2 34% 19127694 12596 75%
c 
c   seconds     reductions      conflicts           size   tier2          variables
c            MB       restarts          redundant      glue   trail            remaining
c             level          rate             size/glue  tier1   irredundant
c 
c v 24922.67  0 34 129 736394  2 27665135 642239 2.3 45 20 1 2 34% 19127694 12596 75%
c w 24922.68  0 34 129 736394  2 27665135 642239 2.3 45 20 1 2 34% 19127694 12596 75%
c t 24922.75  0 34 129 736394  2 27665135 642028 2.3 45 20 1 2 34% 19127654 12596 75%
c ] 24935.31  0 34 129 736401  2 27685520 659458 2.3 46 20 1 2 34% 19127654 12596 75%
c { 24935.31  0 22 129 736401  3 27685520 659458 3.6 33 9 1 2 32% 19127654 12596 75%
c W 25006.05  0 22 129 739142  3 27730507 696761 3.5 33 9 1 2 32% 19127654 12596 75%
c } 25116.31  0 22 129 747056  3 27849951 795459 3.6 34 9 1 2 32% 19127654 12596 75%
c [ 25116.31  0 34 129 747056  2 27849951 795459 2.3 46 20 1 2 34% 19127654 12596 75%
c W 25171.30  0 29 129 747102  2 27966511 895422 2.3 36 16 1 2 26% 19127654 12596 75%
c - 25230.98  0 33 130 747106  2 28096655 632870 2.1 36 18 1 2 26% 19127654 12596 75%
c d 25231.36  0 33 130 747106  2 28096655 631567 2.1 36 18 1 2 26% 19127648 12595 75%
c p 25232.95  0 33 130 747106  2 28096655 651139 2.1 36 18 1 2 26% 19127648 12595 75%
c 2 25233.01  0 33 130 747106  2 28096655 651136 2.1 36 18 1 2 26% 19127648 12595 75%
c = 25252.37  0 33 130 747106  2 28096655 651124 2.1 36 18 1 2 26% 19127644 12591 75%
c u 25259.23  0 33 130 747106  2 28096655 649575 2.1 36 18 1 2 26% 19127644 12591 75%
c v 25259.30  0 33 130 747106  2 28096655 649573 2.1 36 18 1 2 26% 19127644 12591 75%
c x 25266.13  0 33 130 747106  2 28096655 649552 2.1 36 18 1 2 26% 19126528 12591 75%
c t 25266.21  0 33 130 747106  2 28096655 649517 2.1 36 18 1 2 26% 19126415 12591 75%
c ] 25283.10  0 35 130 747106  2 28137565 686298 2.2 38 17 1 2 25% 19126415 12591 75%
c { 25283.10  0 22 130 747106  3 28137565 686298 3.6 34 9 1 2 32% 19126415 12591 75%
c 
c   seconds     reductions      conflicts           size  tier2          variables
c            MB       restarts          redundant      glue  trail            remaining
c             level          rate             size/glue tier1   irredundant
c 
c F 25342.14  0 22 130 751029  3 28203516 740783 3.7 34 9 1 2 32% 19126415 12591 75%
c } 25435.66  0 22 130 757170  3 28307185 825695 3.6 34 9 1 2 33% 19126415 12591 75%
c [ 25435.66  0 35 130 757170  2 28307185 825695 2.2 38 17 1 2 25% 19126415 12591 75%
c s 25460.95  0 30 130 757170  1 28371413 880986 2.2 36 16 1 2 24% 19102553 12591 75%
c t 25461.20  0 30 130 757170  1 28371413 880985 2.2 36 16 1 2 24% 19102448 12591 75%
c e 25461.67  0 30 130 757170  1 28371413 853796 2.2 36 16 1 2 24% 19102411 12583 75%
c s 25462.12  0 30 130 757170  1 28371413 853795 2.2 36 16 1 2 24% 19082690 12583 75%
c O 25502.44  0 52 130 757171  2 28441522 917207 2.0 49 25 1 2 27% 19082690 12583 75%
c - 25539.04  0 46 131 757171  1 28531526 627049 2.1 47 22 1 2 20% 19082690 12583 75%
c 2 25539.08  0 46 131 757171  1 28531526 627034 2.1 47 22 1 2 20% 19082661 12583 75%
c p 25540.69  0 46 131 757171  1 28531526 646014 2.1 47 22 1 2 20% 19082661 12583 75%
c u 25546.76  0 46 131 757171  1 28531526 644385 2.1 47 22 1 2 20% 19082661 12583 75%
c v 25546.86  0 46 131 757171  1 28531526 644377 2.1 47 22 1 2 20% 19082661 12583 75%
c w 25546.88  0 46 131 757171  1 28531526 644377 2.1 47 22 1 2 20% 19082661 12583 75%
c x 25553.10  0 46 131 757171  1 28531526 644367 2.1 47 22 1 2 20% 19081895 12583 75%
c t 25553.17  0 46 131 757171  1 28531526 644363 2.1 47 22 1 2 20% 19081730 12583 75%
c ] 25577.11  0 37 131 757171  1 28599662 704301 2.1 41 20 1 2 17% 19081730 12583 75%
c { 25577.11  0 22 131 757171  3 28599662 704301 3.6 34 9 1 2 33% 19081730 12583 75%
c B 25648.34  0 22 131 762018  3 28680524 771554 3.6 33 9 1 2 32% 19081730 12583 75%
c } 25728.91  0 22 131 767228  3 28771900 846725 3.5 32 9 1 2 32% 19081730 12583 75%
c 
c   seconds     reductions      conflicts           size   tier2          variables
c            MB       restarts          redundant      glue   trail            remaining
c             level          rate             size/glue  tier1   irredundant
c 
c [ 25728.91  0 37 131 767228  1 28771900 846725 2.1 41 20 1 2 17% 19081730 12583 75%
c i 25758.46  0 28 131 767229  1 28830274 896754 2.8 42 15 1 2 20% 19081730 12582 75%
c B 25806.89  0 54 131 767229  2 28920525 980209 2.7 66 24 1 2 26% 19081730 12582 75%
c - 25833.95  0 58 132 767229  2 28969613 628071 2.5 64 26 1 2 27% 19081721 12582 75%
c 2 25833.99  0 58 132 767229  2 28969613 628070 2.5 64 26 1 2 27% 19081721 12582 75%
c d 25834.31  0 58 132 767229  2 28969613 627625 2.5 64 26 1 2 27% 19081721 12581 75%
c p 25835.96  0 58 132 767229  2 28969613 646336 2.5 64 26 1 2 27% 19081721 12581 75%
c 2 25836.01  0 58 132 767229  2 28969613 646335 2.5 64 26 1 2 27% 19081721 12581 75%
c u 25842.41  0 58 132 767229  2 28969613 644702 2.5 64 26 1 2 27% 19081721 12581 75%
c v 25842.52  0 58 132 767229  2 28969613 644697 2.5 64 26 1 2 27% 19081721 12581 75%
c w 25842.65  0 58 132 767229  2 28969613 644697 2.5 64 26 1 2 27% 19081721 12581 75%
c x 25849.24  0 58 132 767229  2 28969613 644693 2.5 64 26 1 2 27% 19080315 12581 75%
c t 25849.32  0 58 132 767229  2 28969613 644658 2.5 64 26 1 2 27% 19080234 12581 75%
c ] 25885.06  0 55 132 767229  2 29037044 702326 2.2 54 25 1 2 30% 19080234 12581 75%
c { 25885.06  0 22 132 767229  3 29037044 702326 3.5 32 9 1 2 32% 19080234 12581 75%
c W 26031.37  0 22 132 774688  3 29161527 804922 3.4 31 9 1 2 30% 19080234 12581 75%
c } 26075.88  0 22 132 777983  3 29208487 843109 3.5 32 9 1 2 31% 19080234 12581 75%
c [ 26075.88  0 55 132 777983  2 29208487 843109 2.2 54 25 1 2 30% 19080234 12581 75%
c W 26194.80  0 55 132 777983  2 29403528 1015687 2.0 53 27 1 2 30% 19080234 12581 75%
c - 26200.76  0 54 133 777983  2 29411048 640826 2.0 52 27 1 2 30% 19080234 12581 75%
c 
c   seconds     reductions      conflicts           size   tier2          variables
c            MB       restarts          redundant      glue   trail            remaining
c             level          rate             size/glue  tier1   irredundant
c 
c p 26202.36  0 54 133 777983  2 29411048 659481 2.0 52 27 1 2 30% 19080234 12581 75%
c u 26209.18  0 54 133 777983  2 29411048 657418 2.0 52 27 1 2 30% 19080234 12581 75%
c v 26212.79  0 54 133 777983  2 29411048 656691 2.0 52 27 1 2 30% 19080234 12581 75%
c w 26212.80  0 54 133 777983  2 29411048 656691 2.0 52 27 1 2 30% 19080234 12581 75%
c x 26217.42  0 54 133 777983  2 29411048 656688 2.0 52 27 1 2 30% 19079274 12581 75%
c t 26217.48  0 54 133 777983  2 29411048 656667 2.0 52 27 1 2 30% 19079175 12581 75%
c ] 26240.40  0 51 133 777983  2 29459092 699926 2.1 52 25 1 2 27% 19079175 12581 75%
c { 26240.40  0 22 133 777983  3 29459092 699926 3.5 32 9 1 2 31% 19079175 12581 75%
c s 26251.46  0 22 133 778691  3 29470337 709410 3.5 32 9 1 2 30% 19051421 12581 75%
c t 26251.70  0 22 133 778691  3 29470337 709410 3.5 32 9 1 2 30% 19051071 12581 75%
c e 26252.12  0 22 133 778691  3 29470337 703152 3.5 32 9 1 2 30% 19051060 12575 75%
c s 26252.62  0 22 133 778691  3 29470337 703147 3.5 32 9 1 2 30% 19020238 12575 75%
c i 26347.94  0 22 133 785076  3 29574613 788524 3.5 32 9 1 2 31% 19020238 12574 75%
c } 26393.97  0 21 133 788051  3 29624816 828334 3.3 30 9 1 2 32% 19020238 12574 75%
c [ 26393.97  0 51 133 788051  2 29624816 828334 2.1 52 25 1 2 27% 19020238 12574 75%
c I 26412.53  0 46 133 788051  2 29646532 848689 2.4 54 23 1 2 27% 19020238 12574 75%
c - 26500.21  0 30 134 788113  1 29855828 639035 2.2 38 17 1 2 19% 18872403 12574 75%
c 2 26500.26  0 30 134 788113  1 29855828 639032 2.2 38 17 1 2 19% 18872322 12574 75%
c d 26500.60  0 30 134 788113  1 29855828 639032 2.2 38 17 1 2 19% 18872320 12573 75%
c p 26502.17  0 30 134 788113  1 29855828 657656 2.2 38 17 1 2 19% 18872320 12573 75%
c 
c   seconds     reductions      conflicts           size   tier2          variables
c            MB       restarts          redundant      glue   trail            remaining
c             level          rate             size/glue  tier1   irredundant
c 
c u 26513.10  0 30 134 788113  1 29855828 655544 2.2 38 17 1 2 19% 18873094 12573 75%
c v 26516.24  0 30 134 788113  1 29855828 654896 2.2 38 17 1 2 19% 18873094 12573 75%
c w 26516.32  0 30 134 788113  1 29855828 654896 2.2 38 17 1 2 19% 18873094 12573 75%
c x 26521.14  0 30 134 788113  1 29855828 654889 2.2 38 17 1 2 19% 18872473 12573 75%
c t 26521.22  0 30 134 788113  1 29855828 654854 2.2 38 17 1 2 19% 18871496 12573 75%
c ] 26530.85  0 31 134 788114  1 29876447 673242 2.3 38 17 1 2 19% 18871496 12573 75%
c { 26530.85  0 21 134 788114  3 29876447 673242 3.3 30 9 1 2 32% 18871496 12573 75%
c # 26543.79  0 22 134 789145  3 29890536 685028 3.4 31 9 1 2 32% 18871496 12573 75%
c i 26570.05  0 21 134 790787  3 29920932 709159 3.4 31 9 1 2 32% 18871496 12572 75%
c i 26656.34  0 21 134 796834  3 30022382 792161 3.4 31 9 1 2 31% 18871496 12571 75%
c } 26683.75  0 22 134 798902  3 30049481 814914 3.4 31 9 1 2 30% 18871496 12571 75%
c [ 26683.75  0 31 134 798902  1 30049481 814914 2.3 38 17 1 2 19% 18871496 12571 75%
c B 26720.87  0 35 134 798932  2 30135537 891965 2.1 38 18 1 2 21% 18871496 12571 75%
c - 26793.62  0 45 135 798966  2 30303309 641307 1.9 41 21 1 2 24% 18565993 12571 75%
c 2 26793.67  0 45 135 798966  2 30303309 641287 1.9 41 21 1 2 24% 18565993 12571 75%
c d 26794.05  0 45 135 798966  2 30303309 641254 1.9 41 21 1 2 24% 18565982 12567 75%
c p 26795.64  0 45 135 798966  2 30303309 661819 1.9 41 21 1 2 24% 18565982 12567 75%
c 2 26795.69  0 45 135 798966  2 30303309 661323 1.9 41 21 1 2 24% 18565982 12567 75%
c u 26821.17  0 45 135 798966  2 30303309 659604 1.9 41 21 1 2 24% 18565982 12567 75%
c v 26821.30  0 45 135 798966  2 30303309 659597 1.9 41 21 1 2 24% 18565982 12567 75%
c 
c   seconds     reductions      conflicts           size   tier2          variables
c            MB       restarts          redundant      glue   trail            remaining
c             level          rate             size/glue  tier1   irredundant
c 
c w 26821.35  0 45 135 798966  2 30303309 659597 1.9 41 21 1 2 24% 18565982 12567 75%
c x 26828.36  0 45 135 798966  2 30303309 659579 1.9 41 21 1 2 24% 18564203 12567 75%
c t 26828.43  0 45 135 798966  2 30303309 659107 1.9 41 21 1 2 24% 18564021 12567 75%
c ] 26851.45  0 40 135 798980  2 30365542 713513 2.0 39 20 1 2 23% 18564021 12567 75%
c { 26851.45  0 22 135 798980  3 30365542 713513 3.4 31 9 1 2 30% 18564021 12567 75%
c B 26863.62  0 22 135 799912  3 30381541 726710 3.3 30 9 1 2 29% 18564021 12567 75%
c } 27009.07  0 22 135 810341  3 30547160 865182 3.6 33 9 1 2 28% 18564021 12567 75%
c [ 27009.07  0 40 135 810341  2 30547160 865182 2.0 39 20 1 2 23% 18564021 12567 75%
c s 27024.32  0 33 135 810357  2 30589991 902390 2.3 40 17 1 2 22% 18538487 12567 75%
c t 27024.55  0 33 135 810357  2 30589991 902390 2.3 40 17 1 2 22% 18538322 12567 75%
c s 27025.45  0 33 135 810357  2 30589991 902387 2.3 40 17 1 2 22% 18512516 12567 75%
c W 27077.59  0 37 135 810371  2 30628543 936488 2.3 43 18 1 2 24% 18512516 12567 75%
c - 27120.47  0 39 136 810405  2 30753158 645747 2.0 43 22 1 2 28% 18512516 12567 75%
c 2 27120.52  0 39 136 810405  2 30753158 645747 2.0 43 22 1 2 28% 18512430 12567 75%
c p 27122.02  0 39 136 810405  2 30753158 666541 2.0 43 22 1 2 28% 18512430 12567 75%
c u 27127.57  0 39 136 810405  2 30753158 665306 2.0 43 22 1 2 28% 18512430 12567 75%
c v 27127.68  0 39 136 810405  2 30753158 665305 2.0 43 22 1 2 28% 18512430 12567 75%
c w 27127.70  0 39 136 810405  2 30753158 665305 2.0 43 22 1 2 28% 18512430 12567 75%
c x 27133.22  0 39 136 810405  2 30753158 665294 2.0 43 22 1 2 28% 18511660 12567 75%
c t 27133.27  0 39 136 810405  2 30753158 665285 2.0 43 22 1 2 28% 18511431 12567 75%
c 
c   seconds     reductions      conflicts           size   tier2          variables
c            MB       restarts          redundant      glue   trail            remaining
c             level          rate             size/glue  tier1   irredundant
c 
c O 27188.66  0 37 136 810452  2 30876544 770931 2.0 40 20 1 2 31% 18511431 12567 75%
c ] 27203.70  0 37 136 810453  2 30905889 796351 2.1 42 20 1 2 29% 18511431 12567 75%
c { 27203.70  0 22 136 810453  3 30905889 796351 3.6 33 9 1 2 28% 18511431 12567 75%
c } 27360.53  0 21 136 820865  3 31084656 939836 3.3 30 9 1 2 31% 18511431 12567 75%
c [ 27360.53  0 37 136 820865  2 31084656 939836 2.1 42 20 1 2 29% 18511431 12567 75%
c B 27382.11  0 30 136 820866  1 31125546 975007 2.8 46 17 1 2 27% 18511431 12567 75%
c - 27415.32  0 46 137 820867  2 31206155 651905 2.4 49 21 1 2 27% 18511431 12567 75%
c p 27416.90  0 46 137 820867  2 31206155 673081 2.4 49 21 1 2 27% 18511431 12567 75%
c u 27423.53  0 46 137 820867  2 31206155 670364 2.4 49 21 1 2 27% 18511431 12567 75%
c v 27423.58  0 46 137 820867  2 31206155 670361 2.4 49 21 1 2 27% 18511431 12567 75%
c w 27423.61  0 46 137 820867  2 31206155 670361 2.4 49 21 1 2 27% 18511431 12567 75%
c x 27430.36  0 46 137 820867  2 31206155 670354 2.4 49 21 1 2 27% 18509324 12567 75%
c t 27430.42  0 46 137 820867  2 31206155 670325 2.4 49 21 1 2 27% 18509165 12567 75%
c W 27511.38  0 30 137 820898  1 31375548 815414 2.2 37 17 1 2 30% 18509165 12567 75%
c ] 27525.98  0 29 137 820913  1 31418348 851241 2.2 35 16 1 2 29% 18509165 12567 75%
c { 27525.98  0 21 137 820913  3 31418348 851241 3.3 30 9 1 2 31% 18509165 12567 75%
c i 27609.56  0 22 137 826994  3 31509413 926800 3.4 32 9 1 2 30% 18509165 12566 75%
c } 27691.87  0 22 137 832787  3 31594879 998109 3.5 33 9 1 2 29% 18509165 12566 75%
c [ 27691.87  0 29 137 832787  1 31594879 998109 2.2 35 16 1 2 29% 18509165 12566 75%
c I 27709.29  0 31 137 832802  2 31626549 1026836 2.3 36 16 1 2 27% 18509165 12566 75%
c 
c   seconds     reductions      conflicts           size   tier2          variables
c            MB       restarts          redundant      glue   trail            remaining
c             level          rate             size/glue  tier1   irredundant
c 
c - 27730.41  0 35 138 832804  2 31662475 654153 2.4 40 17 1 2 28% 18375370 12566 75%
c 2 27730.44  0 35 138 832804  2 31662475 654151 2.4 40 17 1 2 28% 18375368 12566 75%
c d 27730.76  0 35 138 832804  2 31662475 653407 2.4 40 17 1 2 28% 18375366 12564 75%
c p 27732.28  0 35 138 832804  2 31662475 674525 2.4 40 17 1 2 28% 18375366 12564 75%
c 2 27732.33  0 35 138 832804  2 31662475 674522 2.4 40 17 1 2 28% 18375366 12564 75%
c u 27738.50  0 35 138 832804  2 31662475 672863 2.4 40 17 1 2 28% 18375366 12564 75%
c v 27738.53  0 35 138 832804  2 31662475 672862 2.4 40 17 1 2 28% 18375366 12564 75%
c w 27738.64  0 35 138 832804  2 31662475 672862 2.4 40 17 1 2 28% 18375366 12564 75%
c x 27744.90  0 35 138 832804  2 31662475 672855 2.4 40 17 1 2 28% 18372288 12564 75%
c t 27744.96  0 35 138 832804  2 31662475 672819 2.4 40 17 1 2 28% 18372117 12564 75%
c s 27774.12  0 38 138 832826  2 31726653 731084 2.7 48 18 1 2 29% 18345103 12564 75%
c t 27774.34  0 38 138 832826  2 31726653 731083 2.7 48 18 1 2 29% 18344818 12564 75%
c e 27774.75  0 38 138 832826  2 31726653 731063 2.7 48 18 1 2 29% 18344818 12563 75%
c s 27775.27  0 38 138 832826  2 31726653 730823 2.7 48 18 1 2 29% 18321221 12563 75%
c e 27775.63  0 38 138 832826  2 31726653 709668 2.7 48 18 1 2 29% 18320834 12387 73%
c B 27832.24  0 42 138 832867  1 31878550 839532 2.1 49 24 1 2 27% 18320834 12387 73%
c ] 27860.34  0 51 138 832868  1 31943697 897122 1.9 48 26 1 2 26% 18320834 12387 73%
c { 27860.34  0 22 138 832868  3 31943697 897122 3.5 33 9 1 2 29% 18320834 12387 73%
c i 27895.41  0 22 138 834971  3 31983699 927563 3.3 31 9 1 2 31% 18320834 12385 73%
c - 28023.07  0 22 139 843389  3 32121664 640568 3.5 32 9 1 2 30% 18162491 12385 73%
c 
c   seconds     reductions      conflicts           size  tier2          variables
c            MB       restarts          redundant      glue  trail            remaining
c             level          rate             size/glue tier1   irredundant
c 
c 2 28023.10  0 22 139 843389  3 32121664 640532 3.5 32 9 1 2 30% 18162373 12385 73%
c d 28023.46  0 22 139 843389  3 32121664 640139 3.5 32 9 1 2 30% 18162361 12383 73%
c p 28024.99  0 22 139 843389  3 32121664 662346 3.5 32 9 1 2 30% 18162361 12383 73%
c 2 28025.05  0 22 139 843389  3 32121664 662261 3.5 32 9 1 2 30% 18162359 12383 73%
c u 28031.03  0 22 139 843389  3 32121664 660780 3.5 32 9 1 2 30% 18162359 12383 73%
c x 28037.07  0 22 139 843389  3 32121664 660774 3.5 32 9 1 2 30% 18161056 12383 73%
c t 28037.14  0 22 139 843389  3 32121664 660711 3.5 32 9 1 2 30% 18160540 12383 73%
c } 28039.34  0 22 139 843563  3 32123929 662626 3.5 32 9 1 2 30% 18160540 12383 73%
c [ 28039.34  0 51 139 843563  1 32123929 662626 1.9 48 26 1 2 26% 18160540 12383 73%
c W 28064.52  0 49 139 843565  1 32131552 669556 2.0 49 25 1 2 26% 18160540 12383 73%
c O 28143.46  0 25 139 843655  1 32385554 886353 2.4 37 16 1 2 16% 18160540 12383 73%
c ] 28196.76  0 22 139 843690  1 32531955 1009245 2.3 32 14 1 2 17% 18160540 12383 73%
c { 28196.76  0 22 139 843690  3 32531955 1009245 3.5 32 9 1 2 30% 18160540 12383 73%
c i 28212.00  0 21 139 844661  3 32549086 1022028 3.4 31 9 1 2 30% 18160540 12382 73%
c i 28235.32  0 21 139 846249  3 32573393 1041595 3.4 31 9 1 2 31% 18160540 12381 73%
c - 28246.25  0 21 140 846964  3 32583456 632796 3.3 31 9 1 2 31% 17842772 12381 73%
c 2 28246.29  0 21 140 846964  3 32583456 632794 3.3 31 9 1 2 31% 17842770 12381 73%
c d 28246.60  0 21 140 846964  3 32583456 632792 3.3 31 9 1 2 31% 17842765 12380 73%
c p 28248.02  0 21 140 846964  3 32583456 654873 3.3 31 9 1 2 31% 17842765 12380 73%
c 2 28248.07  0 21 140 846964  3 32583456 654800 3.3 31 9 1 2 31% 17842765 12380 73%
c 
c   seconds     reductions      conflicts           size  tier2          variables
c            MB       restarts          redundant      glue  trail            remaining
c             level          rate             size/glue tier1   irredundant
c 
c u 28252.57  0 21 140 846964  3 32583456 653639 3.3 31 9 1 2 31% 17842765 12380 73%
c v 28252.61  0 21 140 846964  3 32583456 653639 3.3 31 9 1 2 31% 17842765 12380 73%
c x 28257.51  0 21 140 846964  3 32583456 653634 3.3 31 9 1 2 31% 17841268 12380 73%
c t 28257.58  0 21 140 846964  3 32583456 653589 3.3 31 9 1 2 31% 17841236 12380 73%
c i 28304.17  0 21 140 850263  3 32637405 697743 3.4 31 9 1 2 31% 17841236 12379 73%
c W 28324.69  0 22 140 850451  3 32640555 694707 3.4 32 9 1 2 31% 17683672 12379 73%
c i 28392.38  0 22 140 855242  3 32719161 759132 3.3 31 9 1 2 30% 17683672 12378 73%
c } 28393.71  0 22 140 855294  3 32720938 760702 3.4 31 9 1 2 30% 17683672 12378 73%
c [ 28393.71  0 22 140 855294  1 32720938 760702 2.3 32 14 1 2 17% 17683672 12378 73%
c t 28450.89  0 38 140 855295  1 32885004 907161 2.2 39 18 1 2 22% 17683672 12378 73%
c e 28451.31  0 38 140 855295  1 32885004 896506 2.2 39 18 1 2 22% 17683610 12367 73%
c ^ 28451.54  0 38 140 855295  1 32885004 896506 2.2 39 18 1 2 22% 17683610 12367 73%
c B 28457.75  0 38 140 855295  1 32896557 907200 2.3 42 18 1 2 22% 17683610 12367 73%
c - 28526.10  0 58 141 855296  2 33047455 621662 1.9 56 29 1 2 27% 17683610 12367 73%
c 2 28526.13  0 58 141 855296  2 33047455 621653 1.9 56 29 1 2 27% 17683610 12367 73%
c p 28527.57  0 58 141 855296  2 33047455 643013 1.9 56 29 1 2 27% 17683610 12367 73%
c u 28551.57  0 58 141 855296  2 33047455 640626 1.9 56 29 1 2 27% 17683666 12367 73%
c v 28551.64  0 58 141 855296  2 33047455 640625 1.9 56 29 1 2 27% 17683666 12367 73%
c w 28551.67  0 58 141 855296  2 33047455 640625 1.9 56 29 1 2 27% 17683666 12367 73%
c t 28551.74  0 58 141 855296  2 33047455 640617 1.9 56 29 1 2 27% 17683626 12367 73%
c 
c   seconds     reductions      conflicts           size   tier2          variables
c            MB       restarts          redundant      glue   trail            remaining
c             level          rate             size/glue  tier1   irredundant
c 
c ] 28568.67  0 52 141 855296  2 33088114 676241 1.9 52 27 1 2 28% 17683626 12367 73%
c { 28568.67  0 22 141 855296  3 33088114 676241 3.4 31 9 1 2 30% 17683626 12367 73%
c i 28569.03  0 22 141 855314  3 33088402 676417 3.4 31 9 1 2 30% 17683626 12366 73%
c i 28591.81  0 22 141 856929  3 33113454 697230 3.4 31 9 1 2 30% 17683626 12365 73%
c F 28624.80  0 22 141 859271  3 33153558 730559 3.4 31 9 1 2 29% 17683626 12365 73%
c i 28637.05  0 21 141 859869  3 33170354 743415 3.3 30 9 1 2 30% 17683626 12361 73%
c } 28733.72  0 23 141 867601  3 33276605 832614 3.4 33 9 1 2 28% 17683626 12361 73%
c [ 28733.72  0 52 141 867601  2 33276605 832614 1.9 52 27 1 2 28% 17683626 12361 73%
c W 28812.92  0 43 141 867618  2 33411559 932242 3.1 62 20 1 2 24% 17241887 12361 73%
c - 28847.60  0 40 142 867660  2 33514188 626581 2.4 48 20 1 2 25% 17241887 12361 73%
c 2 28847.63  0 40 142 867660  2 33514188 626571 2.4 48 20 1 2 25% 17241886 12361 73%
c d 28847.92  0 40 142 867660  2 33514188 626570 2.4 48 20 1 2 25% 17241882 12359 73%
c p 28849.31  0 40 142 867660  2 33514188 647173 2.4 48 20 1 2 25% 17241882 12359 73%
c u 28855.26  0 40 142 867660  2 33514188 645483 2.4 48 20 1 2 25% 17241882 12359 73%
c v 28858.40  0 40 142 867660  2 33514188 644924 2.4 48 20 1 2 25% 17241882 12359 73%
c w 28858.45  0 40 142 867660  2 33514188 644924 2.4 48 20 1 2 25% 17241882 12359 73%
c x 28860.59  0 40 142 867660  2 33514188 644923 2.4 48 20 1 2 25% 17240275 12359 73%
c t 28860.65  0 40 142 867660  2 33514188 644910 2.4 48 20 1 2 25% 17240275 12359 73%
c I 28919.72  0 37 142 867702  2 33670561 782447 2.0 39 19 1 2 22% 17240275 12359 73%
c ] 28919.90  0 37 142 867702  2 33670754 782615 2.0 39 19 1 2 22% 17240275 12359 73%
c 
c   seconds     reductions      conflicts           size  tier2          variables
c            MB       restarts          redundant      glue  trail            remaining
c             level          rate             size/glue tier1   irredundant
c 
c { 28919.90  0 23 142 867702  3 33670754 782615 3.4 33 9 1 2 28% 17240275 12359 73%
c i 29026.92  0 22 142 875064  3 33799702 889846 3.4 32 9 1 2 28% 17240275 12358 73%
c } 29088.30  0 22 142 879345  3 33873351 950812 3.5 32 9 1 2 28% 17240275 12358 73%
c [ 29088.30  0 37 142 879345  2 33873351 950812 2.0 39 19 1 2 22% 17240275 12358 73%
c B 29109.34  0 31 142 879368  2 33930565 1000367 2.2 36 16 1 2 20% 17240275 12358 73%
c - 29147.97  0 32 143 879371  2 33982612 641919 2.7 44 17 1 2 24% 17083804 12358 73%
c 2 29148.00  0 32 143 879371  2 33982612 641917 2.7 44 17 1 2 24% 17083803 12358 73%
c d 29148.31  0 32 143 879371  2 33982612 641917 2.7 44 17 1 2 24% 17083798 12357 73%
c p 29149.72  0 32 143 879371  2 33982612 662364 2.7 44 17 1 2 24% 17083798 12357 73%
c 2 29149.77  0 32 143 879371  2 33982612 662350 2.7 44 17 1 2 24% 17083798 12357 73%
c u 29156.95  0 32 143 879371  2 33982612 659925 2.7 44 17 1 2 24% 17083798 12357 73%
c v 29163.66  0 32 143 879371  2 33982612 659021 2.7 44 17 1 2 24% 17083798 12357 73%
c w 29163.69  0 32 143 879371  2 33982612 659021 2.7 44 17 1 2 24% 17083798 12357 73%
c t 29163.76  0 32 143 879371  2 33982612 658979 2.7 44 17 1 2 24% 17083798 12357 73%
c e 29209.15  0 29 143 879378  2 34058955 666976 2.7 41 15 1 2 27% 17084323 11511 68%
c ^ 29209.61  0 29 143 879378  2 34058955 666976 2.7 41 15 1 2 27% 17084323 11511 68%
c ] 29246.64  0 28 143 879418  1 34166207 759365 2.7 42 16 1 2 20% 17084323 11511 68%
c { 29246.64  0 22 143 879418  3 34166207 759365 3.5 32 9 1 2 33% 17084323 11511 68%
c B 29266.00  0 22 143 880895  3 34191567 780906 3.6 33 9 1 2 32% 17084323 11511 68%
c } 29423.18  0 22 143 892461  3 34371560 931290 3.6 34 9 1 2 30% 17084323 11511 68%
c 
c   seconds     reductions      conflicts           size   tier2          variables
c            MB       restarts          redundant      glue   trail            remaining
c             level          rate             size/glue  tier1   irredundant
c 
c [ 29423.18  0 28 143 892461  1 34371560 931290 2.7 42 16 1 2 20% 17084323 11511 68%
c W 29476.77  0 31 143 892477  1 34453568 1002987 2.7 45 17 1 2 28% 17084323 11511 68%
c - 29477.98  0 31 144 892477  1 34453716 616261 2.7 45 17 1 2 28% 17084323 11511 68%
c 2 29478.02  0 31 144 892477  1 34453716 616241 2.7 45 17 1 2 28% 17084323 11511 68%
c p 29479.35  0 31 144 892477  1 34453716 635581 2.7 45 17 1 2 28% 17084323 11511 68%
c u 29487.36  0 31 144 892477  1 34453716 633131 2.7 45 17 1 2 28% 17084323 11511 68%
c v 29493.35  0 31 144 892477  1 34453716 632342 2.7 45 17 1 2 28% 17084323 11511 68%
c w 29493.36  0 31 144 892477  1 34453716 632342 2.7 45 17 1 2 28% 17084323 11511 68%
c t 29493.43  0 31 144 892477  1 34453716 632315 2.7 45 17 1 2 28% 17084323 11511 68%
c O 29595.92  0 30 144 892541  2 34716570 860381 3.1 50 16 1 2 27% 17084323 11511 68%
c ] 29612.56  0 35 144 892542  2 34765016 901339 2.6 42 17 1 2 23% 17084323 11511 68%
c { 29612.56  0 22 144 892542  3 34765016 901339 3.6 34 9 1 2 30% 17084323 11511 68%
c i 29711.29  0 21 144 899405  3 34882470 999254 3.5 32 9 1 2 29% 17084323 11510 68%
c - 29753.58  0 22 145 902555  3 34928078 618368 3.6 33 9 1 2 28% 17084315 11510 68%
c 2 29753.62  0 22 145 902555  3 34928078 618352 3.6 33 9 1 2 28% 17084315 11510 68%
c p 29754.98  0 22 145 902555  3 34928078 637287 3.6 33 9 1 2 28% 17084315 11510 68%
c u 29760.92  0 22 145 902555  3 34928078 635542 3.6 33 9 1 2 28% 17084315 11510 68%
c v 29763.72  0 22 145 902555  3 34928078 634987 3.6 33 9 1 2 28% 17084315 11510 68%
c w 29763.73  0 22 145 902555  3 34928078 634987 3.6 33 9 1 2 28% 17084315 11510 68%
c x 29768.19  0 22 145 902555  3 34928078 634986 3.6 33 9 1 2 28% 17082728 11510 68%
c 
c   seconds     reductions      conflicts           size  tier2          variables
c            MB       restarts          redundant      glue  trail            remaining
c             level          rate             size/glue tier1   irredundant
c 
c t 29768.26  0 22 145 902555  3 34928078 634962 3.6 33 9 1 2 28% 17082488 11510 68%
c } 29806.16  0 22 145 905434  3 34976560 676279 3.7 34 9 1 2 28% 17082487 11510 68%
c [ 29806.16  0 35 145 905434  2 34976560 676279 2.6 42 17 1 2 23% 17082487 11510 68%
c B 29808.25  0 34 145 905434  2 34980572 679700 2.6 42 16 1 2 23% 17082487 11510 68%
c W 29924.17  0 32 145 905497  2 35245577 911718 2.7 45 17 1 2 29% 17082487 11510 68%
c e 29931.92  0 39 145 905497  2 35259996 797055 2.5 46 19 1 2 28% 17082641 11319 67%
c ^ 29932.20  0 39 145 905497  2 35259996 797055 2.5 46 19 1 2 28% 17082641 11319 67%
c - 29988.75  0 39 146 905556  2 35405691 567825 2.1 45 22 1 2 30% 17082641 11319 67%
c 2 29988.78  0 39 146 905556  2 35405691 567818 2.1 45 22 1 2 30% 17082641 11319 67%
c p 29990.10  0 39 146 905556  2 35405691 583814 2.1 45 22 1 2 30% 17082641 11319 67%
c u 29996.38  0 39 146 905556  2 35405691 582084 2.1 45 22 1 2 30% 17082641 11319 67%
c v 29996.43  0 39 146 905556  2 35405691 582083 2.1 45 22 1 2 30% 17082641 11319 67%
c w 29996.51  0 39 146 905556  2 35405691 582083 2.1 45 22 1 2 30% 17082641 11319 67%
c t 29996.57  0 39 146 905556  2 35405691 582064 2.1 45 22 1 2 30% 17082641 11319 67%
c ] 29997.06  0 39 146 905556  2 35406269 582599 2.1 45 22 1 2 30% 17082641 11319 67%
c { 29997.06  0 22 146 905556  3 35406269 582599 3.7 34 9 1 2 28% 17082641 11319 67%
c W 30085.31  0 23 146 911758  3 35511579 671782 3.7 34 9 1 2 28% 17082640 11319 67%
c } 30178.76  0 22 146 918771  3 35626372 768712 3.6 33 9 1 2 27% 17082640 11319 67%
c [ 30178.76  0 39 146 918771  2 35626372 768712 2.1 45 22 1 2 30% 17082640 11319 67%
c I 30237.58  0 35 146 918790  1 35778581 905652 2.2 39 17 1 2 23% 17082640 11319 67%
c 
c   seconds     reductions      conflicts           size   tier2          variables
c            MB       restarts          redundant      glue   trail            remaining
c             level          rate             size/glue  tier1   irredundant
c 
c - 30274.03  0 33 147 918830  1 35886552 593648 2.3 45 19 1 2 19% 17082640 11319 67%
c p 30275.43  0 33 147 918830  1 35886552 609394 2.3 45 19 1 2 19% 17082640 11319 67%
c u 30281.39  0 33 147 918830  1 35886552 607355 2.3 45 19 1 2 19% 17082640 11319 67%
c v 30284.67  0 33 147 918830  1 35886552 607086 2.3 45 19 1 2 19% 17082640 11319 67%
c w 30284.73  0 33 147 918830  1 35886552 607086 2.3 45 19 1 2 19% 17082640 11319 67%
c x 30289.36  0 33 147 918830  1 35886552 607084 2.3 45 19 1 2 19% 17080714 11319 67%
c t 30289.41  0 33 147 918830  1 35886552 607068 2.3 45 19 1 2 19% 17080639 11319 67%
c B 30331.77  0 30 147 918876  1 36046582 750336 2.3 41 18 1 2 15% 17080639 11319 67%
c ] 30340.43  0 34 147 918885  1 36070877 772087 2.3 44 20 1 2 19% 17080639 11319 67%
c { 30340.43  0 22 147 918885  3 36070877 772087 3.6 33 9 1 2 27% 17080639 11319 67%
c } 30521.98  0 22 147 932394  3 36282937 950507 3.5 33 9 1 2 27% 17080639 11319 67%
c [ 30521.98  0 34 147 932394  1 36282937 950507 2.3 44 20 1 2 19% 17080639 11319 67%
c W 30551.21  0 30 147 932409  1 36315585 977364 2.2 39 17 1 2 19% 17080639 11319 67%
c - 30588.68  0 37 148 932412  1 36370670 613524 2.0 38 19 1 2 19% 17080639 11319 67%
c p 30590.04  0 37 148 932412  1 36370670 629285 2.0 38 19 1 2 19% 17080639 11319 67%
c u 30612.61  0 37 148 932412  1 36370670 627519 2.0 38 19 1 2 19% 17080639 11319 67%
c v 30615.69  0 37 148 932412  1 36370670 627061 2.0 38 19 1 2 19% 17080639 11319 67%
c w 30615.70  0 37 148 932412  1 36370670 627061 2.0 38 19 1 2 19% 17080639 11319 67%
c x 30619.61  0 37 148 932412  1 36370670 627056 2.0 38 19 1 2 19% 17079843 11319 67%
c t 30619.67  0 37 148 932412  1 36370670 627040 2.0 38 19 1 2 19% 17079453 11319 67%
c 
c   seconds     reductions      conflicts           size   tier2          variables
c            MB       restarts          redundant      glue   trail            remaining
c             level          rate             size/glue  tier1   irredundant
c 
c e 30703.00  0 31 148 932413  1 36484909 617117 2.6 46 17 1 2 26% 17081022 10599 63%
c ^ 30703.42  0 31 148 932413  1 36484909 617117 2.6 46 17 1 2 26% 17081022 10599 63%
c ] 30727.10  0 30 148 932413  1 36526703 651592 2.5 43 17 1 2 26% 17081022 10599 63%
c { 30727.10  0 22 148 932413  3 36526703 651592 3.5 33 9 1 2 27% 17081022 10599 63%
c # 30771.37  0 23 148 935554  3 36585586 702015 3.6 33 9 1 2 26% 17081022 10599 63%
c i 30864.19  0 22 148 942260  3 36705273 802855 3.5 32 9 1 2 26% 17081022 10598 63%
c i 30901.82  0 22 148 945278  3 36747857 838696 3.5 32 9 1 2 26% 17081022 10597 63%
c } 30904.90  0 22 148 945528  3 36750943 841344 3.5 32 9 1 2 26% 17081022 10597 63%
c [ 30904.90  0 30 148 945528  1 36750943 841344 2.5 43 17 1 2 26% 17081022 10597 63%
c O 30939.34  0 27 148 945529  1 36856587 929392 2.3 36 16 1 2 18% 17081022 10597 63%
c - 30940.98  0 27 149 945529  1 36858036 550640 2.3 36 16 1 2 18% 16923358 10597 63%
c 2 30941.01  0 27 149 945529  1 36858036 550625 2.3 36 16 1 2 18% 16923357 10597 63%
c d 30941.32  0 27 149 945529  1 36858036 550595 2.3 36 16 1 2 18% 16923355 10596 63%
c p 30942.85  0 27 149 945529  1 36858036 563897 2.3 36 16 1 2 18% 16923355 10595 63%
c u 30953.06  0 27 149 945529  1 36858036 561212 2.3 36 16 1 2 18% 16923383 10595 63%
c v 30956.45  0 27 149 945529  1 36858036 560724 2.3 36 16 1 2 18% 16923383 10595 63%
c w 30956.46  0 27 149 945529  1 36858036 560724 2.3 36 16 1 2 18% 16923383 10595 63%
c x 30961.28  0 27 149 945529  1 36858036 560724 2.3 36 16 1 2 18% 16922538 10595 63%
c t 30961.34  0 27 149 945529  1 36858036 560686 2.3 36 16 1 2 18% 16922356 10595 63%
c i 31040.03  0 25 149 945529  1 37059045 732255 2.3 33 15 1 2 16% 16922356 10593 63%
c 
c   seconds     reductions      conflicts           size   tier2          variables
c            MB       restarts          redundant      glue   trail            remaining
c             level          rate             size/glue  tier1   irredundant
c 
c ] 31070.33  0 39 149 945530  1 37118671 786313 2.3 43 19 1 2 22% 16922355 10593 63%
c { 31070.33  0 22 149 945530  3 37118671 786313 3.5 32 9 1 2 26% 16922355 10593 63%
c B 31077.59  0 22 149 945998  3 37128589 794681 3.5 32 9 1 2 27% 16922354 10593 63%
c - 31251.14  0 21 150 958378  3 37348052 528794 3.5 32 9 1 2 27% 16900908 10593 63%
c 2 31251.18  0 21 150 958378  3 37348052 528790 3.5 32 9 1 2 27% 16900906 10593 63%
c d 31251.47  0 21 150 958378  3 37348052 528644 3.5 32 9 1 2 27% 16900894 10590 63%
c p 31252.75  0 21 150 958378  3 37348052 541552 3.5 32 9 1 2 27% 16900894 10590 63%
c 2 31252.81  0 21 150 958378  3 37348052 541536 3.5 32 9 1 2 27% 16900894 10590 63%
c u 31259.47  0 21 150 958378  3 37348052 539579 3.5 32 9 1 2 27% 16900894 10590 63%
c v 31259.49  0 21 150 958378  3 37348052 539578 3.5 32 9 1 2 27% 16900894 10590 63%
c w 31259.49  0 21 150 958378  3 37348052 539578 3.5 32 9 1 2 27% 16900894 10590 63%
c x 31265.30  0 21 150 958378  3 37348052 539576 3.5 32 9 1 2 27% 16898831 10590 63%
c t 31265.37  0 21 150 958378  3 37348052 539533 3.5 32 9 1 2 27% 16898677 10590 63%
c } 31265.40  0 21 150 958378  3 37348055 539536 3.5 32 9 1 2 27% 16898677 10590 63%
c [ 31265.40  0 39 150 958378  1 37348055 539536 2.3 43 19 1 2 22% 16898677 10590 63%
c B 31287.42  0 46 150 958378  1 37401590 589306 2.5 50 20 1 2 24% 16898677 10590 63%
c W 31430.72  0 79 150 958378  1 37675591 833747 1.7 60 35 1 2 20% 16898677 10590 63%
c e 31457.97  0 66 150 958378  1 37742111 576798 1.9 56 30 1 2 23% 16904648 9427 56%
c ^ 31458.47  0 66 150 958378  1 37742111 576798 1.9 56 30 1 2 23% 16904648 9427 56%
c ] 31478.89  0 65 150 958378  2 37793647 622569 1.8 50 28 1 2 30% 16904648 9427 56%
c 
c   seconds     reductions      conflicts           size  tier2         variables
c            MB       restarts          redundant      glue  trail           remaining
c             level          rate             size/glue tier1   irredundant
c 
c { 31478.89  0 21 150 958378  3 37793647 622569 3.5 32 9 1 2 33% 16904648 9427 56%
c - 31517.45  0 22 151 961128  3 37841219 445524 3.6 33 9 1 2 31% 16904648 9427 56%
c 2 31517.48  0 22 151 961128  3 37841219 445517 3.6 33 9 1 2 31% 16904648 9427 56%
c p 31518.71  0 22 151 961128  3 37841219 454663 3.6 33 9 1 2 31% 16904648 9427 56%
c u 31523.19  0 22 151 961128  3 37841219 453231 3.6 33 9 1 2 31% 16904648 9427 56%
c v 31523.20  0 22 151 961128  3 37841219 453230 3.6 33 9 1 2 31% 16904648 9427 56%
c w 31523.22  0 22 151 961128  3 37841219 453230 3.6 33 9 1 2 31% 16904648 9427 56%
c x 31527.44  0 22 151 961128  3 37841219 453225 3.6 33 9 1 2 31% 16903317 9427 56%
c t 31527.50  0 22 151 961128  3 37841219 453217 3.6 33 9 1 2 31% 16902724 9427 56%
c W 31620.04  0 23 151 968149  3 37950595 547241 3.7 34 9 1 2 30% 16902722 9427 56%
c } 31676.52  0 23 151 972619  3 38023652 608996 3.7 34 9 1 2 29% 16902722 9427 56%
c [ 31676.52  0 65 151 972619  2 38023652 608996 1.8 50 28 1 2 30% 16902722 9427 56%
c I 31752.13  0 29 151 972620  1 38226598 789441 2.7 45 17 1 2 29% 16902722 9427 56%
c - 31797.25  0 29 152 972620  2 38337648 503141 2.9 48 17 1 2 29% 16902722 9427 56%
c d 31797.58  0 29 152 972620  2 38337648 502264 2.9 48 17 1 2 29% 16902722 9426 56%
c p 31798.80  0 29 152 972620  2 38337648 510623 2.9 48 17 1 2 29% 16902722 9426 56%
c u 31804.39  0 29 152 972620  2 38337648 508849 2.9 48 17 1 2 29% 16902722 9426 56%
c v 31807.38  0 29 152 972620  2 38337648 508701 2.9 48 17 1 2 29% 16902722 9426 56%
c w 31807.42  0 29 152 972620  2 38337648 508701 2.9 48 17 1 2 29% 16902722 9426 56%
c x 31811.59  0 29 152 972620  2 38337648 508692 2.9 48 17 1 2 29% 16901111 9426 56%
c 
c   seconds     reductions      conflicts           size   tier2         variables
c            MB       restarts          redundant      glue   trail           remaining
c             level          rate             size/glue  tier1   irredundant
c 
c t 31811.65  0 29 152 972620  2 38337648 508683 2.9 48 17 1 2 29% 16900905 9426 56%
c ] 31844.78  0 35 152 972620  2 38427872 589711 3.1 55 18 1 2 25% 16900905 9426 56%
c { 31844.78  0 23 152 972620  3 38427872 589711 3.7 34 9 1 2 29% 16900905 9426 56%
c F 31901.13  0 22 152 977043  3 38503599 653951 3.7 34 9 1 2 29% 16900903 9426 56%
c } 32026.97  0 22 152 987254  3 38661873 786148 3.6 33 9 1 2 29% 16900902 9426 56%
c [ 32026.97  0 35 152 987254  2 38661873 786148 3.1 55 18 1 2 25% 16900902 9426 56%
c B 32075.92  0 28 152 987254  2 38781601 889248 2.5 37 15 1 2 20% 16900902 9426 56%
c - 32098.73  0 37 153 987254  2 38837314 531472 2.5 50 20 1 2 25% 16900902 9426 56%
c p 32100.78  0 37 153 987254  2 38837314 539599 2.5 50 20 1 2 25% 16900902 9425 56%
c u 32107.14  0 37 153 987254  2 38837314 537708 2.5 50 20 1 2 25% 16900902 9425 56%
c v 32110.48  0 37 153 987254  2 38837314 537581 2.5 50 20 1 2 25% 16900902 9425 56%
c w 32110.57  0 37 153 987254  2 38837314 537580 2.5 50 20 1 2 25% 16900902 9425 56%
c x 32114.44  0 37 153 987254  2 38837314 537574 2.5 50 20 1 2 25% 16900245 9425 56%
c t 32114.49  0 37 153 987254  2 38837314 537564 2.5 50 20 1 2 25% 16900114 9425 56%
c e 32187.63  0 38 153 987254  1 39039112 449392 2.0 44 22 1 2 27% 16909875 8577 51%
c W 32226.53  0 37 153 987254  1 39060604 467777 1.9 42 22 1 2 27% 16909875 8577 51%
c ] 32229.61  0 38 153 987254  1 39071741 477630 1.9 42 22 1 2 27% 16909875 8577 51%
c { 32229.61  0 22 153 987254  3 39071741 477630 3.6 33 9 1 2 29% 16909875 8577 51%
c } 32409.60  0 23 153 1001443  3 39320355 689285 3.7 34 9 1 2 27% 16909869 8577 51%
c [ 32409.60  0 38 153 1001443  1 39320355 689285 1.9 42 22 1 2 27% 16909869 8577 51%
c 
c   seconds     reductions       conflicts           size   tier2         variables
c            MB        restarts          redundant      glue   trail           remaining
c             level           rate             size/glue  tier1   irredundant
c 
c - 32419.00  0 36 154 1001443  1 39340215 414910 1.9 38 20 1 2 26% 16909869 8577 51%
c 2 32419.03  0 36 154 1001443  1 39340215 414904 1.9 38 20 1 2 26% 16909869 8577 51%
c p 32420.22  0 36 154 1001443  1 39340215 420505 1.9 38 20 1 2 26% 16909869 8577 51%
c u 32426.11  0 36 154 1001443  1 39340215 418684 1.9 38 20 1 2 26% 16909869 8577 51%
c v 32429.22  0 36 154 1001443  1 39340215 418486 1.9 38 20 1 2 26% 16909869 8577 51%
c w 32429.27  0 36 154 1001443  1 39340215 418486 1.9 38 20 1 2 26% 16909869 8577 51%
c x 32433.39  0 36 154 1001443  1 39340215 418481 1.9 38 20 1 2 26% 16908745 8577 51%
c t 32433.45  0 36 154 1001443  1 39340215 418467 1.9 38 20 1 2 26% 16908678 8577 51%
c O 32433.69  0 36 154 1001443  1 39340606 418829 2.0 38 20 1 2 26% 16908678 8577 51%
c B 32560.98  0 49 154 1001444  1 39621607 669032 2.0 48 25 1 2 13% 16908678 8577 51%
c ] 32585.36  0 48 154 1001444  1 39657883 699333 1.9 42 22 1 2 15% 16908678 8577 51%
c { 32585.36  0 23 154 1001444  3 39657883 699333 3.7 34 9 1 2 27% 16908678 8577 51%
c - 32739.30  0 23 155 1013242  3 39846400 463636 3.7 34 9 1 2 27% 16908677 8577 51%
c p 32740.53  0 23 155 1013242  3 39846400 468940 3.7 34 9 1 2 27% 16908677 8577 51%
c u 32747.09  0 23 155 1013242  3 39846400 466212 3.7 34 9 1 2 27% 16908677 8577 51%
c v 32750.53  0 23 155 1013242  3 39846400 465898 3.7 34 9 1 2 27% 16908677 8577 51%
c w 32750.54  0 23 155 1013242  3 39846400 465898 3.7 34 9 1 2 27% 16908677 8577 51%
c x 32755.14  0 23 155 1013242  3 39846400 465896 3.7 34 9 1 2 27% 16907276 8577 51%
c t 32755.19  0 23 155 1013242  3 39846400 465882 3.7 34 9 1 2 27% 16907225 8577 51%
c } 32788.07  0 22 155 1015717  3 39895027 507069 3.7 33 9 1 2 27% 16907224 8577 51%
c 
c   seconds     reductions       conflicts           size   tier2         variables
c            MB        restarts          redundant      glue   trail           remaining
c             level           rate             size/glue  tier1   irredundant
c 
c [ 32788.07  0 48 155 1015717  1 39895027 507069 1.9 42 22 1 2 15% 16907224 8577 51%
c W 32821.20  0 46 155 1015717  1 39903608 514679 1.9 42 22 1 2 16% 16907224 8577 51%
c I 32934.56  0 48 155 1015717  1 40186609 769974 2.0 43 22 1 2 16% 16907224 8577 51%
c ] 32993.88  0 55 155 1015717  1 40353750 919955 2.1 58 28 1 2 27% 16907224 8577 51%
c { 32993.88  0 22 155 1015717  3 40353750 919955 3.7 33 9 1 2 27% 16907224 8577 51%
c - 32997.25  0 22 156 1015899  3 40355829 481588 3.7 33 9 1 2 27% 16907224 8577 51%
c p 32998.47  0 22 156 1015899  3 40355829 486799 3.7 33 9 1 2 27% 16907224 8577 51%
c u 33015.09  0 22 156 1015899  3 40355829 485273 3.7 33 9 1 2 27% 16907224 8577 51%
c v 33017.32  0 22 156 1015899  3 40355829 485075 3.7 33 9 1 2 27% 16907224 8577 51%
c x 33020.12  0 22 156 1015899  3 40355829 485075 3.7 33 9 1 2 27% 16906944 8577 51%
c t 33020.18  0 22 156 1015899  3 40355829 485059 3.7 33 9 1 2 27% 16906856 8577 51%
c e 33034.88  0 22 156 1017110  3 40374415 500563 3.7 34 9 1 2 27% 16906952 8569 51%
c s 33034.94  0 22 156 1017110  3 40374415 500284 3.7 34 9 1 2 27% 16906358 8569 51%
c e 33035.15  0 22 156 1017110  3 40374415 495451 3.7 34 9 1 2 27% 16906676 8543 51%
c B 33107.52  0 22 156 1022917  3 40470613 577466 3.8 34 9 1 2 27% 16906675 8543 51%
c i 33172.40  0 22 156 1028297  3 40555632 649418 3.7 34 9 1 2 27% 16906675 8542 51%
c } 33204.15  0 22 156 1030740  3 40594458 682499 3.8 35 9 1 2 27% 16906675 8542 51%
c [ 33204.15  0 55 156 1030740  1 40594458 682499 2.1 58 28 1 2 27% 16906675 8542 51%
c B 33277.35  0 62 156 1030740  1 40755614 827558 1.9 58 30 1 2 24% 16906675 8542 51%
c - 33326.63  0 41 157 1030740  1 40868496 491042 2.1 48 23 1 2 23% 16747084 8542 51%
c 
c   seconds     reductions       conflicts           size   tier2         variables
c            MB        restarts          redundant      glue   trail           remaining
c             level           rate             size/glue  tier1   irredundant
c 
c 2 33326.66  0 41 157 1030740  1 40868496 491041 2.1 48 23 1 2 23% 16747082 8542 51%
c p 33327.82  0 41 157 1030740  1 40868496 495827 2.1 48 23 1 2 23% 16747082 8542 51%
c u 33334.58  0 41 157 1030740  1 40868496 493505 2.1 48 23 1 2 23% 16747082 8542 51%
c v 33338.02  0 41 157 1030740  1 40868496 493113 2.1 48 23 1 2 23% 16747082 8542 51%
c w 33338.05  0 41 157 1030740  1 40868496 493113 2.1 48 23 1 2 23% 16747082 8542 51%
c x 33343.22  0 41 157 1030740  1 40868496 493110 2.1 48 23 1 2 23% 16745053 8542 51%
c t 33343.28  0 41 157 1030740  1 40868496 493091 2.1 48 23 1 2 23% 16745033 8542 51%
c ] 33366.57  0 37 157 1030740  1 40929403 545408 2.1 44 21 1 2 24% 16745033 8542 51%
c { 33366.57  0 22 157 1030740  3 40929403 545408 3.8 35 9 1 2 27% 16745033 8542 51%
c W 33474.34  0 22 157 1036582  3 41041616 639997 3.7 34 9 1 2 27% 16745032 8542 51%
c } 33588.84  0 23 157 1046216  3 41187326 763697 3.8 35 9 1 2 27% 16745032 8542 51%
c [ 33588.84  0 37 157 1046216  1 41187326 763697 2.1 44 21 1 2 24% 16745032 8542 51%
c W 33670.01  0 32 157 1046216  1 41328618 890185 2.4 40 17 1 2 19% 16745032 8542 51%
c - 33693.00  0 36 158 1046216  1 41383749 512409 2.2 41 19 1 2 16% 16745032 8542 51%
c p 33694.21  0 36 158 1046216  1 41383749 516993 2.2 41 19 1 2 16% 16745032 8542 51%
c c 33696.61  0 36 158 1046216  1 41383749 516993 2.2 41 19 1 2 16% 16745062 8542 51%
c d 33696.94  0 36 158 1046216  1 41383749 516989 2.2 41 19 1 2 16% 16745060 8541 51%
c 2 33697.00  0 36 158 1046216  1 41383749 516981 2.2 41 19 1 2 16% 16745058 8541 51%
c u 33704.00  0 36 158 1046216  1 41383749 514004 2.2 41 19 1 2 16% 16745058 8541 51%
c v 33712.39  0 36 158 1046216  1 41383749 513018 2.2 41 19 1 2 16% 16745058 8541 51%
c 
c   seconds     reductions       conflicts           size   tier2         variables
c            MB        restarts          redundant      glue   trail           remaining
c             level           rate             size/glue  tier1   irredundant
c 
c w 33712.47  0 36 158 1046216  1 41383749 513016 2.2 41 19 1 2 16% 16745058 8541 51%
c t 33712.52  0 36 158 1046216  1 41383749 513002 2.2 41 19 1 2 16% 16745031 8541 51%
c ] 33769.66  0 44 158 1046216  1 41472084 589062 1.9 44 23 1 2 17% 16745031 8541 51%
c { 33769.66  0 23 158 1046216  3 41472084 589062 3.8 35 9 1 2 27% 16745031 8541 51%
c # 33881.42  0 23 158 1055235  3 41616619 711326 3.7 34 9 1 2 27% 16745031 8541 51%
c } 33961.56  0 22 158 1061431  3 41721332 799689 3.6 33 9 1 2 26% 16745031 8541 51%
c [ 33961.56  0 44 158 1061431  1 41721332 799689 1.9 44 23 1 2 17% 16745031 8541 51%
c t 33968.01  0 43 158 1061431  1 41732286 809170 1.9 43 22 1 2 18% 16745031 8541 51%
c e 33968.38  0 43 158 1061431  1 41732286 798998 1.9 43 22 1 2 18% 16745043 8537 51%
c s 33968.43  0 43 158 1061431  1 41732286 798525 1.9 43 22 1 2 18% 16744912 8537 51%
c e 33968.64  0 43 158 1061431  1 41732286 796577 1.9 43 22 1 2 18% 16744917 8535 51%
c - 34042.24  0 50 159 1061431  1 41902231 523988 2.0 47 24 1 2 19% 16744917 8535 51%
c 2 34042.27  0 50 159 1061431  1 41902231 523987 2.0 47 24 1 2 19% 16744917 8535 51%
c p 34043.44  0 50 159 1061431  1 41902231 528059 2.0 47 24 1 2 19% 16744917 8535 51%
c u 34050.51  0 50 159 1061431  1 41902231 525849 2.0 47 24 1 2 19% 16744917 8535 51%
c v 34054.01  0 50 159 1061431  1 41902231 525402 2.0 47 24 1 2 19% 16744917 8535 51%
c w 34054.01  0 50 159 1061431  1 41902231 525402 2.0 47 24 1 2 19% 16744917 8535 51%
c x 34058.69  0 50 159 1061431  1 41902231 525400 2.0 47 24 1 2 19% 16743479 8535 51%
c t 34058.75  0 50 159 1061431  1 41902231 525384 2.0 47 24 1 2 19% 16743325 8535 51%
c O 34060.65  0 49 159 1061431  1 41905622 528392 2.0 47 24 1 2 19% 16743325 8535 51%
c 
c   seconds     reductions       conflicts           size   tier2         variables
c            MB        restarts          redundant      glue   trail           remaining
c             level           rate             size/glue  tier1   irredundant
c 
c ] 34144.82  0 43 159 1061431  1 42131617 728500 1.9 43 22 1 2 13% 16743325 8535 51%
c { 34144.82  0 22 159 1061431  3 42131617 728500 3.6 33 9 1 2 26% 16743325 8535 51%
c B 34192.99  0 22 159 1065056  3 42195623 782377 3.7 34 9 1 2 26% 16743324 8535 51%
c } 34341.45  0 22 159 1076433  3 42376648 935600 3.7 35 9 1 2 26% 16743322 8535 51%
c [ 34341.45  0 43 159 1076433  1 42376648 935600 1.9 43 22 1 2 13% 16743322 8535 51%
c - 34358.68  0 34 160 1076433  1 42423948 538825 2.0 36 18 1 2 14% 16743322 8535 51%
c p 34359.91  0 34 160 1076433  1 42423948 542856 2.0 36 18 1 2 14% 16743322 8535 51%
c u 34366.25  0 34 160 1076433  1 42423948 540738 2.0 36 18 1 2 14% 16743322 8535 51%
c v 34369.66  0 34 160 1076433  1 42423948 540384 2.0 36 18 1 2 14% 16743322 8535 51%
c w 34369.73  0 34 160 1076433  1 42423948 540384 2.0 36 18 1 2 14% 16743322 8535 51%
c x 34374.31  0 34 160 1076433  1 42423948 540381 2.0 36 18 1 2 14% 16742174 8535 51%
c t 34374.36  0 34 160 1076433  1 42423948 540362 2.0 36 18 1 2 14% 16742120 8535 51%
c B 34400.27  0 38 160 1076433  1 42486625 597987 2.1 36 17 1 2 14% 16742120 8535 51%
c W 34579.85  0 55 160 1076433  1 42778627 859718 1.8 46 26 1 2 15% 16742120 8535 51%
c ] 34582.14  0 54 160 1076433  1 42782985 863634 1.8 45 26 1 2 15% 16742120 8535 51%
c { 34582.14  0 22 160 1076433  3 42782985 863634 3.7 35 9 1 2 26% 16742120 8535 51%
c - 34720.34  0 22 161 1085707  3 42948899 552183 3.6 33 9 1 2 26% 16742117 8535 51%
c p 34721.55  0 22 161 1085707  3 42948899 556227 3.6 33 9 1 2 26% 16742117 8535 51%
c u 34727.83  0 22 161 1085707  3 42948899 554363 3.6 33 9 1 2 26% 16742117 8535 51%
c v 34730.83  0 22 161 1085707  3 42948899 554039 3.6 33 9 1 2 26% 16742117 8535 51%
c 
c   seconds     reductions       conflicts           size  tier2         variables
c            MB        restarts          redundant      glue  trail           remaining
c             level           rate             size/glue tier1   irredundant
c 
c x 34734.11  0 22 161 1085707  3 42948899 554038 3.6 33 9 1 2 26% 16740461 8535 51%
c t 34734.16  0 22 161 1085707  3 42948899 554022 3.6 33 9 1 2 26% 16740460 8535 51%
c } 34796.20  0 22 161 1090810  3 43034676 626492 3.5 32 9 1 2 26% 16740460 8535 51%
c [ 34796.20  0 54 161 1090810  1 43034676 626492 1.8 45 26 1 2 15% 16740460 8535 51%
c I 34815.40  0 52 161 1090810  1 43071628 659610 1.8 43 24 1 2 16% 16740460 8535 51%
c e 34834.38  0 56 161 1090810  1 43110480 694295 1.9 48 25 1 2 17% 16740476 8533 51%
c s 34834.42  0 56 161 1090810  1 43110480 694287 1.9 48 25 1 2 17% 16740465 8533 51%
c e 34834.62  0 56 161 1090810  1 43110480 693850 1.9 48 25 1 2 17% 16740476 8531 51%
c B 34926.53  0 32 161 1090864  1 43365629 917044 2.2 41 19 1 2 16% 16740476 8531 51%
c ] 34948.18  0 30 161 1090873  1 43416559 960993 2.3 39 17 1 2 16% 16740476 8531 51%
c { 34948.18  0 22 161 1090873  3 43416559 960993 3.5 32 9 1 2 26% 16740476 8531 51%
c - 34996.44  0 21 162 1094075  3 43477081 554211 3.4 31 9 1 2 26% 16740476 8531 51%
c p 34997.62  0 21 162 1094075  3 43477081 558223 3.4 31 9 1 2 26% 16740476 8531 51%
c u 35004.53  0 21 162 1094075  3 43477081 555398 3.4 31 9 1 2 26% 16740476 8531 51%
c v 35010.68  0 21 162 1094075  3 43477081 554481 3.4 31 9 1 2 26% 16740476 8531 51%
c t 35010.74  0 21 162 1094075  3 43477081 554473 3.4 31 9 1 2 26% 16740476 8531 51%
c i 35041.70  0 21 162 1096607  3 43518831 589372 3.4 31 9 1 2 25% 16740476 8530 51%
c W 35192.18  0 22 162 1106293  3 43660631 703933 3.4 32 9 1 2 25% 16740460 8530 51%
c } 35198.41  0 22 162 1106818  3 43669694 711438 3.4 32 9 1 2 25% 16740460 8530 51%
c [ 35198.41  0 30 162 1106818  1 43669694 711438 2.3 39 17 1 2 16% 16740460 8530 51%
c 
c   seconds     reductions       conflicts           size   tier2         variables
c            MB        restarts          redundant      glue   trail           remaining
c             level           rate             size/glue  tier1   irredundant
c 
c W 35284.44  0 32 162 1106883  1 43956633 956767 2.2 37 17 1 2 24% 16740460 8530 51%
c - 35306.97  0 38 163 1106910  1 44008493 556786 2.3 43 19 1 2 24% 16740460 8530 51%
c 2 35307.00  0 38 163 1106910  1 44008493 556785 2.3 43 19 1 2 24% 16740460 8530 51%
c p 35308.18  0 38 163 1106910  1 44008493 560731 2.3 43 19 1 2 24% 16740460 8530 51%
c u 35316.10  0 38 163 1106910  1 44008493 558952 2.3 43 19 1 2 24% 16740494 8530 51%
c v 35318.84  0 38 163 1106910  1 44008493 558553 2.3 43 19 1 2 24% 16740494 8530 51%
c w 35318.85  0 38 163 1106910  1 44008493 558553 2.3 43 19 1 2 24% 16740494 8530 51%
c x 35322.80  0 38 163 1106910  1 44008493 558550 2.3 43 19 1 2 24% 16738915 8530 51%
c t 35322.88  0 38 163 1106910  1 44008493 558528 2.3 43 19 1 2 24% 16738836 8530 51%
c ] 35377.40  0 38 163 1106947  1 44158611 690550 2.2 46 21 1 2 25% 16738836 8530 51%
c { 35377.40  0 22 163 1106947  3 44158611 690550 3.4 32 9 1 2 25% 16738836 8530 51%
c F 35449.46  0 21 163 1112597  3 44253634 769325 3.5 32 9 1 2 26% 16738836 8530 51%
c } 35575.21  0 21 163 1122432  3 44414375 902578 3.4 31 9 1 2 26% 16738835 8530 51%
c [ 35575.21  0 38 163 1122432  1 44414375 902578 2.2 46 21 1 2 25% 16738835 8530 51%
c e 35613.05  0 28 163 1122471  1 44510589 955901 2.2 37 16 1 2 20% 16738843 8527 51%
c s 35613.09  0 28 163 1122471  1 44510589 955830 2.2 37 16 1 2 20% 16738819 8527 51%
c - 35626.83  0 29 164 1122485  1 44543147 562469 2.3 36 16 1 2 18% 16738819 8527 51%
c p 35628.01  0 29 164 1122485  1 44543147 566424 2.3 36 16 1 2 18% 16738819 8527 51%
c u 35634.50  0 29 164 1122485  1 44543147 564037 2.3 36 16 1 2 18% 16738819 8527 51%
c v 35637.80  0 29 164 1122485  1 44543147 563549 2.3 36 16 1 2 18% 16738819 8527 51%
c 
c   seconds     reductions       conflicts           size   tier2         variables
c            MB        restarts          redundant      glue   trail           remaining
c             level           rate             size/glue  tier1   irredundant
c 
c w 35637.81  0 29 164 1122485  1 44543147 563548 2.3 36 16 1 2 18% 16738819 8527 51%
c x 35642.42  0 29 164 1122485  1 44543147 563547 2.3 36 16 1 2 18% 16737701 8527 51%
c t 35642.47  0 29 164 1122485  1 44543147 563539 2.3 36 16 1 2 18% 16737662 8527 51%
c O 35646.13  0 29 164 1122490  1 44551635 571405 2.3 35 15 1 2 18% 16737662 8527 51%
c ] 35753.97  0 38 164 1122502  1 44822892 809635 1.9 38 20 1 2 15% 16737662 8527 51%
c { 35753.97  0 21 164 1122502  3 44822892 809635 3.4 31 9 1 2 26% 16737662 8527 51%
c B 35775.73  0 21 164 1124213  3 44850636 833016 3.5 32 9 1 2 27% 16737662 8527 51%
c } 35954.27  0 21 164 1138012  3 45078457 1021820 3.5 32 9 1 2 26% 16737662 8527 51%
c [ 35954.27  0 38 164 1138012  1 45078457 1021820 1.9 38 20 1 2 15% 16737662 8527 51%
c - 35956.09  0 38 165 1138012  1 45081030 582727 1.9 38 20 1 2 16% 16737662 8527 51%
c p 35957.29  0 38 165 1138012  1 45081030 586642 1.9 38 20 1 2 16% 16737662 8527 51%
c = 35976.31  0 38 165 1138012  1 45081030 586636 1.9 38 20 1 2 16% 16737649 8525 51%
c u 35983.18  0 38 165 1138012  1 45081030 584603 1.9 38 20 1 2 16% 16737649 8525 51%
c v 35986.96  0 38 165 1138012  1 45081030 584062 1.9 38 20 1 2 16% 16737649 8525 51%
c w 35986.98  0 38 165 1138012  1 45081030 584061 1.9 38 20 1 2 16% 16737649 8525 51%
c x 35991.64  0 38 165 1138012  1 45081030 584057 1.9 38 20 1 2 16% 16736010 8525 51%
c t 35991.70  0 38 165 1138012  1 45081030 584042 1.9 38 20 1 2 16% 16735850 8525 51%
c B 36011.90  0 38 165 1138036  1 45150640 646346 2.0 40 20 1 2 17% 16735850 8525 51%
c W 36149.50  0 30 165 1138131  1 45451642 901530 2.0 36 17 1 2 20% 16735850 8525 51%
c ] 36206.30  0 30 165 1138163  1 45606089 1037346 2.3 38 17 1 2 20% 16735850 8525 51%
c 
c   seconds     reductions       conflicts            size  tier2         variables
c            MB        restarts           redundant      glue  trail           remaining
c             level           rate              size/glue tier1   irredundant
c 
c { 36206.30  0 21 165 1138163  3 45606089 1037346 3.5 32 9 1 2 26% 16735850 8525 51%
c - 36220.03  0 21 166 1138963  3 45622148 579962 3.5 32 9 1 2 26% 16735850 8525 51%
c 2 36220.06  0 21 166 1138963  3 45622148 579931 3.5 32 9 1 2 26% 16735850 8525 51%
c p 36221.22  0 21 166 1138963  3 45622148 583872 3.5 32 9 1 2 26% 16735850 8525 51%
c u 36225.67  0 21 166 1138963  3 45622148 582738 3.5 32 9 1 2 26% 16735850 8525 51%
c v 36227.71  0 21 166 1138963  3 45622148 582480 3.5 32 9 1 2 26% 16735850 8525 51%
c x 36230.26  0 21 166 1138963  3 45622148 582480 3.5 32 9 1 2 26% 16735346 8525 51%
c t 36230.31  0 21 166 1138963  3 45622148 582469 3.5 32 9 1 2 26% 16735205 8525 51%
c W 36335.63  0 21 166 1147082  3 45753643 692160 3.5 32 9 1 2 26% 16735204 8525 51%
c } 36423.67  0 21 166 1154102  3 45872128 789809 3.4 31 9 1 2 26% 16735204 8525 51%
c [ 36423.67  0 30 166 1154102  1 45872128 789809 2.3 38 17 1 2 20% 16735204 8525 51%
c e 36445.10  0 30 166 1154124  1 45932643 842161 2.8 46 16 1 2 22% 16735204 8524 51%
c s 36445.15  0 30 166 1154124  1 45932643 842132 2.8 46 16 1 2 22% 16735187 8524 51%
c I 36494.41  0 38 166 1154162  2 46056645 950605 2.5 50 20 1 2 24% 16735187 8524 51%
c - 36543.99  0 26 167 1154196  2 46166495 581669 3.0 45 15 1 2 25% 16735187 8524 51%
c p 36545.21  0 26 167 1154196  2 46166495 585604 3.0 45 15 1 2 25% 16735187 8524 51%
c u 36551.76  0 26 167 1154196  2 46166495 583254 3.0 45 15 1 2 25% 16735187 8524 51%
c v 36555.56  0 26 167 1154196  2 46166495 582637 3.0 45 15 1 2 25% 16735187 8524 51%
c w 36555.57  0 26 167 1154196  2 46166495 582637 3.0 45 15 1 2 25% 16735187 8524 51%
c x 36559.81  0 26 167 1154196  2 46166495 582636 3.0 45 15 1 2 25% 16733752 8524 51%
c 
c   seconds     reductions       conflicts           size   tier2         variables
c            MB        restarts          redundant      glue   trail           remaining
c             level           rate             size/glue  tier1   irredundant
c 
c t 36559.88  0 26 167 1154196  2 46166495 582626 3.0 45 15 1 2 25% 16733710 8524 51%
c ] 36608.14  0 26 167 1154199  1 46284587 680500 2.9 41 14 1 2 23% 16733710 8524 51%
c { 36608.14  0 21 167 1154199  3 46284587 680500 3.4 31 9 1 2 26% 16733710 8524 51%
c # 36665.39  0 21 167 1158625  3 46360646 744256 3.3 31 9 1 2 26% 16733710 8524 51%
c } 36810.10  0 21 167 1170531  3 46546490 897987 3.5 32 9 1 2 25% 16733710 8524 51%
c [ 36810.10  0 26 167 1170531  1 46546490 897987 2.9 41 14 1 2 23% 16733710 8524 51%
c i 36818.26  0 23 167 1170531  1 46575940 922844 2.8 37 13 1 2 21% 16733710 8523 51%
c B 36852.56  0 35 167 1170531  1 46665647 1005043 2.5 51 21 1 2 25% 16733710 8523 51%
c - 36873.13  0 38 168 1170532  1 46714073 586521 2.3 50 22 1 2 25% 16712803 8523 51%
c 2 36873.17  0 38 168 1170532  1 46714073 586521 2.3 50 22 1 2 25% 16712802 8523 51%
c p 36874.36  0 38 168 1170532  1 46714073 590486 2.3 50 22 1 2 25% 16712802 8523 51%
c u 36881.24  0 38 168 1170532  1 46714073 588192 2.3 50 22 1 2 25% 16712802 8523 51%
c v 36884.78  0 38 168 1170532  1 46714073 587458 2.3 50 22 1 2 25% 16712802 8523 51%
c w 36884.87  0 38 168 1170532  1 46714073 587458 2.3 50 22 1 2 25% 16712802 8523 51%
c x 36889.09  0 38 168 1170532  1 46714073 587456 2.3 50 22 1 2 25% 16710983 8523 51%
c t 36889.15  0 38 168 1170532  1 46714073 587446 2.3 50 22 1 2 25% 16710912 8523 51%
c ] 36987.97  0 43 168 1170547  1 46966630 803464 1.8 49 27 1 2 24% 16710912 8523 51%
c { 36987.97  0 21 168 1170547  3 46966630 803464 3.5 32 9 1 2 25% 16710912 8523 51%
c B 36991.54  0 21 168 1170752  3 46971648 807767 3.4 32 9 1 2 25% 16710912 8523 51%
c } 37192.22  0 21 168 1186198  3 47229027 1020288 3.4 31 9 1 2 25% 16710912 8523 51%
c 
c   seconds     reductions       conflicts            size   tier2         variables
c            MB        restarts           redundant      glue   trail           remaining
c             level           rate              size/glue  tier1   irredundant
c 
c [ 37192.22  0 43 168 1186198  1 47229027 1020288 1.8 49 27 1 2 24% 16710912 8523 51%
c - 37205.72  0 40 169 1186214  1 47264792 604340 1.9 46 24 1 2 22% 16710912 8523 51%
c p 37206.91  0 40 169 1186214  1 47264792 608403 1.9 46 24 1 2 22% 16710912 8523 51%
c u 37215.97  0 40 169 1186214  1 47264792 606184 1.9 46 24 1 2 22% 16710946 8523 51%
c v 37219.19  0 40 169 1186214  1 47264792 605503 1.9 46 24 1 2 22% 16710946 8523 51%
c w 37219.21  0 40 169 1186214  1 47264792 605503 1.9 46 24 1 2 22% 16710946 8523 51%
c x 37223.79  0 40 169 1186214  1 47264792 605500 1.9 46 24 1 2 22% 16709179 8523 51%
c t 37223.85  0 40 169 1186214  1 47264792 605485 1.9 46 24 1 2 22% 16709085 8523 51%
c W 37275.65  0 39 169 1186214  1 47278650 618097 2.0 46 23 1 2 21% 16709085 8523 51%
c t 37301.99  0 35 169 1186246  1 47376601 701181 2.0 40 20 1 2 24% 16707907 8523 51%
c e 37302.42  0 35 169 1186246  1 47376601 701004 2.0 40 20 1 2 24% 16707941 8519 51%
c s 37302.46  0 35 169 1186246  1 47376601 700738 2.0 40 20 1 2 24% 16707881 8519 51%
c e 37302.66  0 35 169 1186246  1 47376601 700707 2.0 40 20 1 2 24% 16707880 8518 51%
c O 37362.16  0 42 169 1186309  1 47586651 876145 1.8 41 22 1 2 25% 16707880 8518 51%
c ] 37438.55  0 40 169 1186347  1 47756628 1023370 2.0 37 18 1 2 22% 16707880 8518 51%
c { 37438.55  0 21 169 1186347  3 47756628 1023370 3.4 31 9 1 2 25% 16707880 8518 51%
c - 37485.74  0 21 170 1189613  3 47818739 604190 3.3 30 9 1 2 26% 16707879 8518 51%
c p 37486.96  0 21 170 1189613  3 47818739 608263 3.3 30 9 1 2 26% 16707879 8518 51%
c u 37505.32  0 21 170 1189613  3 47818739 606933 3.3 30 9 1 2 26% 16707879 8518 51%
c v 37507.85  0 21 170 1189613  3 47818739 606412 3.3 30 9 1 2 26% 16707879 8518 51%
c 
c   seconds     reductions       conflicts           size  tier2         variables
c            MB        restarts          redundant      glue  trail           remaining
c             level           rate             size/glue tier1   irredundant
c 
c w 37507.86  0 21 170 1189613  3 47818739 606412 3.3 30 9 1 2 26% 16707879 8518 51%
c x 37511.38  0 21 170 1189613  3 47818739 606406 3.3 30 9 1 2 26% 16706406 8518 51%
c t 37511.44  0 21 170 1189613  3 47818739 606384 3.3 30 9 1 2 26% 16706368 8518 51%
c W 37581.58  0 21 170 1194114  3 47895652 669557 3.3 30 9 1 2 26% 16706368 8518 51%
c } 37681.46  0 21 170 1202012  3 48028496 778873 3.3 30 9 1 2 25% 16706368 8518 51%
c [ 37681.46  0 40 170 1202012  1 48028496 778873 2.0 37 18 1 2 22% 16706368 8518 51%
c B 37763.58  0 29 170 1202069  1 48205656 931650 2.5 42 17 1 2 25% 16706368 8518 51%
c i 37813.44  0 24 170 1202102  1 48346239 1048169 2.3 33 15 1 2 17% 16706368 8517 51%
c - 37827.15  0 26 171 1202102  1 48375909 585073 2.3 35 15 1 2 15% 16685090 8517 51%
c 2 37827.18  0 26 171 1202102  1 48375909 585071 2.3 35 15 1 2 15% 16685090 8517 51%
c p 37828.31  0 26 171 1202102  1 48375909 589112 2.3 35 15 1 2 15% 16685090 8517 51%
c u 37834.47  0 26 171 1202102  1 48375909 586384 2.3 35 15 1 2 15% 16685090 8517 51%
c v 37834.52  0 26 171 1202102  1 48375909 586382 2.3 35 15 1 2 15% 16685090 8517 51%
c w 37834.52  0 26 171 1202102  1 48375909 586382 2.3 35 15 1 2 15% 16685090 8517 51%
c x 37840.44  0 26 171 1202102  1 48375909 586382 2.3 35 15 1 2 15% 16682635 8517 51%
c t 37840.51  0 26 171 1202102  1 48375909 586373 2.3 35 15 1 2 15% 16682592 8517 51%
c ] 37858.01  0 29 171 1202103  1 48443942 648166 2.5 41 17 1 2 14% 16682592 8517 51%
c { 37858.01  0 21 171 1202103  3 48443942 648166 3.3 30 9 1 2 25% 16682592 8517 51%
c F 37912.92  0 21 171 1206433  3 48516657 707964 3.3 30 9 1 2 25% 16682592 8517 51%
c } 38062.47  0 21 171 1218001  3 48703746 862230 3.3 31 9 1 2 25% 16682591 8517 51%
c 
c   seconds     reductions       conflicts           size   tier2         variables
c            MB        restarts          redundant      glue   trail           remaining
c             level           rate             size/glue  tier1   irredundant
c 
c [ 38062.47  0 29 171 1218001  1 48703746 862230 2.5 41 17 1 2 14% 16682591 8517 51%
c W 38145.96  0 27 171 1218016  1 48828661 969287 2.4 36 15 1 2 17% 16682591 8517 51%
c e 38152.06  0 28 171 1218023  1 48842261 980633 2.3 36 16 1 2 17% 16682607 8516 51%
c s 38152.11  0 28 171 1218023  1 48842261 980618 2.3 36 16 1 2 17% 16682600 8516 51%
c - 38184.62  0 26 172 1218060  1 48936210 620048 2.4 36 15 1 2 17% 16682600 8516 51%
c p 38185.82  0 26 172 1218060  1 48936210 624101 2.4 36 15 1 2 17% 16682600 8516 51%
c u 38194.18  0 26 172 1218060  1 48936210 621082 2.4 36 15 1 2 17% 16682600 8516 51%
c v 38200.78  0 26 172 1218060  1 48936210 620671 2.4 36 15 1 2 17% 16682600 8516 51%
c w 38200.81  0 26 172 1218060  1 48936210 620671 2.4 36 15 1 2 17% 16682600 8516 51%
c t 38200.87  0 26 172 1218060  1 48936210 620653 2.4 36 15 1 2 17% 16682600 8516 51%
c I 38272.34  0 31 172 1218125  2 49141662 793948 2.2 36 16 1 2 20% 16682600 8516 51%
c ] 38281.73  0 34 172 1218126  2 49164373 813666 2.1 37 18 1 2 22% 16682600 8516 51%
c { 38281.73  0 21 172 1218126  3 49164373 813666 3.3 31 9 1 2 25% 16682600 8516 51%
c } 38491.74  0 20 172 1234317  3 49430529 1032452 3.2 30 9 1 2 25% 16682600 8516 51%
c [ 38491.74  0 34 172 1234317  2 49430529 1032452 2.1 37 18 1 2 22% 16682600 8516 51%
c B 38502.11  0 31 172 1234318  2 49455665 1055056 2.2 36 16 1 2 20% 16682600 8516 51%
c - 38521.76  0 36 173 1234319  2 49499741 636766 2.1 37 18 1 2 17% 16682600 8516 51%
c p 38522.95  0 36 173 1234319  2 49499741 640814 2.1 37 18 1 2 17% 16682600 8516 51%
c u 38529.87  0 36 173 1234319  2 49499741 638425 2.1 37 18 1 2 17% 16682600 8516 51%
c v 38533.55  0 36 173 1234319  2 49499741 638090 2.1 37 18 1 2 17% 16682600 8516 51%
c 
c   seconds     reductions       conflicts           size   tier2         variables
c            MB        restarts          redundant      glue   trail           remaining
c             level           rate             size/glue  tier1   irredundant
c 
c w 38533.57  0 36 173 1234319  2 49499741 638090 2.1 37 18 1 2 17% 16682600 8516 51%
c x 38538.08  0 36 173 1234319  2 49499741 638090 2.1 37 18 1 2 17% 16681209 8516 51%
c t 38538.15  0 36 173 1234319  2 49499741 638072 2.1 37 18 1 2 17% 16681089 8516 51%
c W 38646.56  0 28 173 1234400  1 49770667 874756 2.2 35 16 1 2 14% 16681089 8516 51%
c ] 38711.97  0 28 173 1234447  1 50018763 1088290 2.1 38 18 1 2 27% 16681089 8516 51%
c { 38711.97  0 20 173 1234447  3 50018763 1088290 3.2 30 9 1 2 25% 16681089 8516 51%
c - 38750.33  0 20 174 1237075  3 50066505 636586 3.3 31 9 1 2 25% 16681088 8516 51%
c p 38751.52  0 20 174 1237075  3 50066505 640598 3.3 31 9 1 2 25% 16681088 8516 51%
c u 38755.86  0 20 174 1237075  3 50066505 639262 3.3 31 9 1 2 25% 16681088 8516 51%
c v 38758.05  0 20 174 1237075  3 50066505 639015 3.3 31 9 1 2 25% 16681088 8516 51%
c w 38758.08  0 20 174 1237075  3 50066505 639015 3.3 31 9 1 2 25% 16681088 8516 51%
c x 38760.60  0 20 174 1237075  3 50066505 639009 3.3 31 9 1 2 25% 16680524 8516 51%
c t 38760.66  0 20 174 1237075  3 50066505 638997 3.3 31 9 1 2 25% 16680489 8516 51%
c B 38775.81  0 20 174 1238326  3 50086670 655653 3.3 31 9 1 2 25% 16680489 8516 51%
c } 38931.86  0 20 174 1250900  3 50303800 833448 3.3 30 9 1 2 25% 16680489 8516 51%
c [ 38931.86  0 28 174 1250900  1 50303800 833448 2.1 38 18 1 2 27% 16680489 8516 51%
c t 38945.91  0 27 174 1250900  1 50329541 856967 2.2 38 17 1 2 24% 16680489 8516 51%
c e 38946.21  0 27 174 1250900  1 50329541 856667 2.2 38 17 1 2 24% 16680502 8515 51%
c s 38946.27  0 27 174 1250900  1 50329541 855580 2.2 38 17 1 2 24% 16680444 8515 51%
c e 38946.47  0 27 174 1250900  1 50329541 854840 2.2 38 17 1 2 24% 16680471 8513 51%
c 
c   seconds     reductions       conflicts           size   tier2         variables
c            MB        restarts          redundant      glue   trail           remaining
c             level           rate             size/glue  tier1   irredundant
c 
c O 38967.69  0 46 174 1250900  1 50403672 922137 2.0 43 22 1 2 21% 16680471 8513 51%
c - 39054.68  0 45 175 1250901  1 50636497 641571 2.4 54 23 1 2 16% 16680471 8513 51%
c p 39055.88  0 45 175 1250901  1 50636497 645615 2.4 54 23 1 2 16% 16680471 8513 51%
c u 39062.59  0 45 175 1250901  1 50636497 642951 2.4 54 23 1 2 16% 16680471 8513 51%
c v 39069.38  0 45 175 1250901  1 50636497 641750 2.4 54 23 1 2 16% 16680471 8513 51%
c w 39069.42  0 45 175 1250901  1 50636497 641750 2.4 54 23 1 2 16% 16680471 8513 51%
c t 39069.47  0 45 175 1250901  1 50636497 641737 2.4 54 23 1 2 16% 16680471 8513 51%
c B 39097.02  0 46 175 1250902  1 50721675 718870 2.4 54 23 1 2 15% 16680471 8513 51%
c ] 39135.88  0 61 175 1250902  1 50849406 838094 2.1 55 26 1 2 13% 16680471 8513 51%
c { 39135.88  0 20 175 1250902  3 50849406 838094 3.3 30 9 1 2 25% 16680471 8513 51%
c i 39254.54  0 21 175 1259758  3 50993584 957093 3.5 32 9 1 2 25% 16680471 8512 50%
c W 39338.67  0 21 175 1262688  3 51040676 992906 3.4 32 9 1 2 25% 16680454 8512 50%
c } 39402.65  0 21 175 1267344  3 51116383 1054685 3.4 31 9 1 2 25% 16680454 8512 50%
c [ 39402.65  0 61 175 1267344  1 51116383 1054685 2.1 55 26 1 2 13% 16680454 8512 50%
c - 39451.94  0 67 176 1267344  1 51209722 659609 1.9 54 29 1 2 19% 16680454 8512 50%
c p 39453.10  0 67 176 1267344  1 51209722 663633 1.9 54 29 1 2 19% 16680454 8512 50%
c u 39475.96  0 67 176 1267344  1 51209722 661059 1.9 54 29 1 2 19% 16680510 8512 50%
c v 39479.32  0 67 176 1267344  1 51209722 660414 1.9 54 29 1 2 19% 16680510 8512 50%
c w 39479.35  0 67 176 1267344  1 51209722 660414 1.9 54 29 1 2 19% 16680510 8512 50%
c x 39481.67  0 67 176 1267344  1 51209722 660384 1.9 54 29 1 2 19% 16679022 8512 50%
c 
c   seconds     reductions       conflicts           size   tier2         variables
c            MB        restarts          redundant      glue   trail           remaining
c             level           rate             size/glue  tier1   irredundant
c 
c t 39481.73  0 67 176 1267344  1 51209722 660375 1.9 54 29 1 2 19% 16678940 8512 50%
c W 39574.33  0 54 176 1267344  1 51360677 797421 2.2 55 25 1 2 19% 16678940 8512 50%
c ] 39622.44  0 52 176 1267358  1 51512641 935572 1.9 49 25 1 2 16% 16678940 8512 50%
c { 39622.44  0 21 176 1267358  3 51512641 935572 3.4 31 9 1 2 25% 16678940 8512 50%
c # 39757.92  0 20 176 1277458  3 51681679 1073204 3.3 31 9 1 2 25% 16678940 8512 50%
c } 39837.22  0 20 176 1282964  3 51784433 1155420 3.1 29 9 1 2 24% 16678940 8512 50%
c [ 39837.22  0 52 176 1282964  1 51784433 1155420 1.9 49 25 1 2 16% 16678940 8512 50%
c - 39838.98  0 51 177 1282965  1 51786181 673202 1.9 48 25 1 2 16% 16678940 8512 50%
c p 39840.23  0 51 177 1282965  1 51786181 677221 1.9 48 25 1 2 16% 16678940 8512 50%
c u 39847.81  0 51 177 1282965  1 51786181 675025 1.9 48 25 1 2 16% 16678940 8512 50%
c v 39851.30  0 51 177 1282965  1 51786181 674149 1.9 48 25 1 2 16% 16678940 8512 50%
c w 39851.31  0 51 177 1282965  1 51786181 674149 1.9 48 25 1 2 16% 16678940 8512 50%
c x 39855.74  0 51 177 1282965  1 51786181 674143 1.9 48 25 1 2 16% 16677724 8512 50%
c t 39855.79  0 51 177 1282965  1 51786181 674121 1.9 48 25 1 2 16% 16677378 8512 50%
c t 39880.88  0 48 177 1282981  1 51838741 718966 2.1 48 22 1 2 21% 16677299 8512 50%
c e 39881.24  0 48 177 1282981  1 51838741 716465 2.1 48 22 1 2 21% 16677424 8500 50%
c s 39881.33  0 48 177 1282981  1 51838741 715657 2.1 48 22 1 2 21% 16677088 8500 50%
c e 39881.55  0 48 177 1282981  1 51838741 709364 2.1 48 22 1 2 21% 16677259 8480 50%
c I 39942.60  0 33 177 1283035  2 52003682 850944 2.4 43 18 1 2 29% 16677259 8480 50%
c ] 40024.65  0 28 177 1283077  1 52190268 1010631 2.1 35 17 1 2 24% 16677259 8480 50%
c 
c   seconds     reductions       conflicts            size  tier2         variables
c            MB        restarts           redundant      glue  trail           remaining
c             level           rate              size/glue tier1   irredundant
c 
c { 40024.65  0 20 177 1283077  3 52190268 1010631 3.1 29 9 1 2 27% 16677259 8480 50%
c B 40123.32  0 19 177 1290459  3 52326683 1120468 3.0 27 9 1 2 26% 16677259 8480 50%
c - 40158.76  0 19 178 1293194  3 52365868 668043 3.1 28 9 1 2 27% 16677259 8480 50%
c 2 40158.80  0 19 178 1293194  3 52365868 668043 3.1 28 9 1 2 27% 16677258 8480 50%
c p 40159.96  0 19 178 1293194  3 52365868 672141 3.1 28 9 1 2 27% 16677258 8480 50%
c u 40166.96  0 19 178 1293194  3 52365868 669940 3.1 28 9 1 2 27% 16677258 8480 50%
c v 40170.78  0 19 178 1293194  3 52365868 669428 3.1 28 9 1 2 27% 16677258 8480 50%
c x 40174.95  0 19 178 1293194  3 52365868 669428 3.1 28 9 1 2 27% 16675785 8480 50%
c t 40175.01  0 19 178 1293194  3 52365868 669413 3.1 28 9 1 2 27% 16675505 8480 50%
c } 40255.17  0 20 178 1299713  3 52474378 757788 3.2 28 9 1 2 27% 16675505 8480 50%
c [ 40255.17  0 28 178 1299713  1 52474378 757788 2.1 35 17 1 2 24% 16675505 8480 50%
c B 40329.34  0 22 178 1299773  1 52650684 907797 2.1 28 13 1 2 22% 16675505 8480 50%
c ] 40428.82  0 35 178 1299839  2 52886576 1104293 1.8 33 18 1 2 30% 16675505 8480 50%
c { 40428.82  0 20 178 1299839  3 52886576 1104293 3.2 28 9 1 2 27% 16675505 8480 50%
c - 40480.06  0 20 179 1303523  3 52948786 666884 3.1 28 9 1 2 27% 16675505 8480 50%
c p 40481.31  0 20 179 1303523  3 52948786 670995 3.1 28 9 1 2 27% 16675505 8480 50%
c u 40488.31  0 20 179 1303523  3 52948786 668847 3.1 28 9 1 2 27% 16675505 8480 50%
c v 40492.06  0 20 179 1303523  3 52948786 668177 3.1 28 9 1 2 27% 16675505 8480 50%
c w 40492.07  0 20 179 1303523  3 52948786 668177 3.1 28 9 1 2 27% 16675505 8480 50%
c x 40496.29  0 20 179 1303523  3 52948786 668172 3.1 28 9 1 2 27% 16674210 8480 50%
c 
c   seconds     reductions       conflicts           size  tier2         variables
c            MB        restarts          redundant      glue  trail           remaining
c             level           rate             size/glue tier1   irredundant
c 
c t 40496.35  0 20 179 1303523  3 52948786 668154 3.1 28 9 1 2 27% 16673763 8480 50%
c W 40569.53  0 20 179 1305310  3 52975687 690436 3.2 29 9 1 2 27% 16673763 8480 50%
c i 40681.37  0 20 179 1314545  3 53122942 810500 3.3 30 9 1 2 27% 16673763 8479 50%
c } 40714.40  0 20 179 1317197  3 53166946 846329 3.2 30 9 1 2 28% 16673763 8479 50%
c [ 40714.40  0 35 179 1317197  2 53166946 846329 1.8 33 18 1 2 30% 16673763 8479 50%
c i 40743.99  0 25 179 1317198  1 53253479 918880 2.0 30 15 1 2 22% 16673763 8478 50%
c W 40773.94  0 28 179 1317199  1 53301688 883888 2.2 34 16 1 2 18% 16498834 8478 50%
c t 40805.78  0 31 179 1317199  1 53370557 945671 2.3 36 16 1 2 20% 16498833 8478 50%
c e 40806.19  0 31 179 1317199  1 53370557 934520 2.3 36 16 1 2 20% 16498827 8474 50%
c s 40806.24  0 31 179 1317199  1 53370557 934500 2.3 36 16 1 2 20% 16498677 8474 50%
c e 40806.46  0 31 179 1317199  1 53370557 934412 2.3 36 16 1 2 20% 16498674 8473 50%
c - 40869.23  0 26 180 1317259  1 53534928 650281 2.1 34 16 1 2 24% 16498674 8473 50%
c p 40870.40  0 26 180 1317259  1 53534928 654073 2.1 34 16 1 2 24% 16498674 8473 50%
c u 40877.22  0 26 180 1317259  1 53534928 651948 2.1 34 16 1 2 24% 16498674 8473 50%
c v 40877.29  0 26 180 1317259  1 53534928 651947 2.1 34 16 1 2 24% 16498674 8473 50%
c w 40877.40  0 26 180 1317259  1 53534928 651946 2.1 34 16 1 2 24% 16498674 8473 50%
c x 40883.32  0 26 180 1317259  1 53534928 651941 2.1 34 16 1 2 24% 16497428 8473 50%
c t 40883.38  0 26 180 1317259  1 53534928 651933 2.1 34 16 1 2 24% 16497249 8473 50%
c O 40915.78  0 31 180 1317277  1 53628691 733505 2.1 38 18 1 2 20% 16497249 8473 50%
c ] 40920.62  0 30 180 1317286  1 53643147 745995 2.1 37 18 1 2 20% 16497249 8473 50%
c 
c   seconds     reductions       conflicts           size  tier2         variables
c            MB        restarts          redundant      glue  trail           remaining
c             level           rate             size/glue tier1   irredundant
c 
c { 40920.62  0 20 180 1317286  3 53643147 745995 3.2 30 9 1 2 28% 16497249 8473 50%
c } 41137.30  0 20 180 1334454  3 53936180 982699 3.2 30 9 1 2 27% 16497248 8473 50%
c [ 41137.30  0 30 180 1334454  1 53936180 982699 2.1 37 18 1 2 20% 16497248 8473 50%
c B 41145.86  0 27 180 1334461  1 53956692 999794 2.5 40 16 1 2 21% 16497248 8473 50%
c - 41213.16  0 28 181 1334494  1 54123457 675367 2.4 39 16 1 2 21% 16497248 8473 50%
c p 41214.35  0 28 181 1334494  1 54123457 679257 2.4 39 16 1 2 21% 16497248 8473 50%
c u 41221.79  0 28 181 1334494  1 54123457 677642 2.4 39 16 1 2 21% 16497248 8473 50%
c v 41225.70  0 28 181 1334494  1 54123457 677399 2.4 39 16 1 2 21% 16497248 8473 50%
c w 41225.71  0 28 181 1334494  1 54123457 677399 2.4 39 16 1 2 21% 16497248 8473 50%
c x 41230.83  0 28 181 1334494  1 54123457 677398 2.4 39 16 1 2 21% 16496286 8473 50%
c t 41230.89  0 28 181 1334494  1 54123457 677394 2.4 39 16 1 2 21% 16496076 8473 50%
c W 41327.87  0 33 181 1334547  1 54285694 821889 2.1 39 19 1 2 21% 16496076 8473 50%
c ] 41366.24  0 26 181 1334587  1 54422814 935459 2.1 33 16 1 2 27% 16496076 8473 50%
c { 41366.24  0 20 181 1334587  3 54422814 935459 3.2 30 9 1 2 27% 16496076 8473 50%
c F 41517.51  0 20 181 1345891  3 54615698 1092370 3.2 29 9 1 2 27% 16496076 8473 50%
c } 41586.65  0 19 181 1350626  3 54708779 1166249 3.0 27 9 1 2 26% 16496076 8473 50%
c [ 41586.65  0 26 181 1350626  1 54708779 1166249 2.1 33 16 1 2 27% 16496076 8473 50%
c - 41590.15  0 26 182 1350627  1 54715212 690012 2.2 33 15 1 2 27% 16496076 8473 50%
c p 41591.31  0 26 182 1350627  1 54715212 693984 2.2 33 15 1 2 27% 16496076 8473 50%
c u 41598.29  0 26 182 1350627  1 54715212 692775 2.2 33 15 1 2 27% 16496076 8473 50%
c 
c   seconds     reductions       conflicts           size   tier2         variables
c            MB        restarts          redundant      glue   trail           remaining
c             level           rate             size/glue  tier1   irredundant
c 
c v 41601.96  0 26 182 1350627  1 54715212 692344 2.2 33 15 1 2 27% 16496076 8473 50%
c w 41601.97  0 26 182 1350627  1 54715212 692344 2.2 33 15 1 2 27% 16496076 8473 50%
c x 41606.48  0 26 182 1350627  1 54715212 692343 2.2 33 15 1 2 27% 16493425 8473 50%
c t 41606.54  0 26 182 1350627  1 54715212 692338 2.2 33 15 1 2 27% 16493403 8473 50%
c t 41685.81  0 39 182 1350661  1 54922218 871459 2.1 40 19 1 2 30% 16493255 8473 50%
c e 41686.14  0 39 182 1350661  1 54922218 865938 2.1 40 19 1 2 30% 16493274 8471 50%
c s 41686.18  0 39 182 1350661  1 54922218 865911 2.1 40 19 1 2 30% 16493246 8471 50%
c I 41696.20  0 40 182 1350661  1 54946699 887067 2.1 43 20 1 2 30% 16493246 8471 50%
c ] 41797.49  0 29 182 1350662  1 55262783 1156606 2.1 38 18 1 2 27% 16493246 8471 50%
c { 41797.49  0 19 182 1350662  3 55262783 1156606 3.0 27 9 1 2 26% 16493246 8471 50%
c B 41811.56  0 19 182 1351741  3 55278701 1169369 3.0 27 9 1 2 26% 16493246 8471 50%
c - 41838.17  0 19 183 1353622  3 55310184 685689 3.1 28 9 1 2 26% 16493246 8471 50%
c p 41839.37  0 19 183 1353622  3 55310184 689622 3.1 28 9 1 2 26% 16493246 8471 50%
c u 41858.88  0 19 183 1353622  3 55310184 688285 3.1 28 9 1 2 26% 16493246 8471 50%
c v 41862.51  0 19 183 1353622  3 55310184 687544 3.1 28 9 1 2 26% 16493246 8471 50%
c w 41862.51  0 19 183 1353622  3 55310184 687544 3.1 28 9 1 2 26% 16493246 8471 50%
c t 41862.57  0 19 183 1353622  3 55310184 687544 3.1 28 9 1 2 26% 16493245 8471 50%
c i 41915.00  0 19 183 1357755  3 55383892 746058 2.9 26 9 1 2 27% 16493245 8470 50%
c } 42042.79  0 19 183 1368470  3 55552576 882007 3.1 28 9 1 2 27% 16493245 8470 50%
c [ 42042.79  0 29 183 1368470  1 55552576 882007 2.1 38 18 1 2 27% 16493245 8470 50%
c 
c   seconds     reductions       conflicts           size   tier2         variables
c            MB        restarts          redundant      glue   trail           remaining
c             level           rate             size/glue  tier1   irredundant
c 
c B 42059.18  0 25 183 1368477  1 55611703 932715 2.2 34 16 1 2 24% 16493245 8470 50%
c - 42164.47  0 30 184 1368578  1 55908369 686565 2.4 41 17 1 2 25% 16341632 8470 50%
c 2 42164.51  0 30 184 1368578  1 55908369 686564 2.4 41 17 1 2 25% 16341632 8470 50%
c p 42165.64  0 30 184 1368578  1 55908369 690442 2.4 41 17 1 2 25% 16341632 8470 50%
c u 42172.72  0 30 184 1368578  1 55908369 688848 2.4 41 17 1 2 25% 16341703 8470 50%
c v 42173.75  0 30 184 1368578  1 55908369 688691 2.4 41 17 1 2 25% 16341703 8470 50%
c w 42173.80  0 30 184 1368578  1 55908369 688691 2.4 41 17 1 2 25% 16341703 8470 50%
c x 42180.58  0 30 184 1368578  1 55908369 688687 2.4 41 17 1 2 25% 16339367 8470 50%
c t 42180.64  0 30 184 1368578  1 55908369 688687 2.4 41 17 1 2 25% 16339263 8470 50%
c W 42235.46  0 28 184 1368594  1 55945704 720759 2.5 40 16 1 2 26% 16339263 8470 50%
c ] 42299.24  0 34 184 1368628  1 56147545 895668 2.3 42 18 1 2 30% 16339263 8470 50%
c { 42299.24  0 19 184 1368628  3 56147545 895668 3.1 28 9 1 2 27% 16339263 8470 50%
c W 42412.27  0 20 184 1376601  3 56280705 1003214 3.2 29 9 1 2 27% 16339263 8470 50%
c i 42460.82  0 19 184 1380030  3 56346824 1055539 3.1 27 9 1 2 27% 16339263 8469 50%
c } 42532.46  0 19 184 1385683  3 56444610 1133077 2.9 26 9 1 2 27% 16339263 8469 50%
c [ 42532.46  0 34 184 1385683  1 56444610 1133077 2.3 42 18 1 2 30% 16339263 8469 50%
c e 42551.01  0 30 184 1385705  1 56495714 1174385 2.3 38 17 1 2 25% 16318023 8466 50%
c s 42551.05  0 30 184 1385705  1 56495714 1174382 2.3 38 17 1 2 25% 16318020 8466 50%
c - 42559.80  0 29 185 1385713  1 56509028 693420 2.3 38 16 1 2 26% 16318019 8466 50%
c 2 42559.83  0 29 185 1385713  1 56509028 693419 2.3 38 16 1 2 26% 16318019 8466 50%
c 
c   seconds     reductions       conflicts           size   tier2         variables
c            MB        restarts          redundant      glue   trail           remaining
c             level           rate             size/glue  tier1   irredundant
c 
c p 42560.97  0 29 185 1385713  1 56509028 697249 2.3 38 16 1 2 26% 16318019 8466 50%
c u 42563.39  0 29 185 1385713  1 56509028 696745 2.3 38 16 1 2 26% 16318019 8466 50%
c v 42568.60  0 29 185 1385713  1 56509028 695770 2.3 38 16 1 2 26% 16318019 8466 50%
c w 42568.65  0 29 185 1385713  1 56509028 695770 2.3 38 16 1 2 26% 16318019 8466 50%
c t 42568.70  0 29 185 1385713  1 56509028 695769 2.3 38 16 1 2 26% 16318019 8466 50%
c O 42600.84  0 28 185 1385740  1 56616709 791458 2.3 36 16 1 2 25% 16318019 8466 50%
c B 42705.32  0 33 185 1385780  1 56953710 1093620 2.2 43 20 1 2 16% 16318019 8466 50%
c ] 42737.20  0 34 185 1385804  1 57015151 1146687 2.1 39 19 1 2 19% 16318019 8466 50%
c { 42737.20  0 19 185 1385804  3 57015151 1146687 2.9 26 9 1 2 27% 16318019 8466 50%
c - 42826.46  0 19 186 1392821  3 57112787 709751 3.1 28 9 1 2 27% 16318019 8466 50%
c p 42827.62  0 19 186 1392821  3 57112787 713581 3.1 28 9 1 2 27% 16318019 8466 50%
c u 42831.81  0 19 186 1392821  3 57112787 712756 3.1 28 9 1 2 27% 16318019 8466 50%
c v 42840.12  0 19 186 1392821  3 57112787 712060 3.1 28 9 1 2 27% 16318019 8466 50%
c w 42840.13  0 19 186 1392821  3 57112787 712059 3.1 28 9 1 2 27% 16318019 8466 50%
c t 42840.19  0 19 186 1392821  3 57112787 712057 3.1 28 9 1 2 27% 16318019 8466 50%
c # 42974.65  0 19 186 1403297  3 57291712 856665 3.2 29 9 1 2 27% 16318019 8466 50%
c } 42985.05  0 20 186 1404277  3 57304609 867213 3.2 29 9 1 2 27% 16318019 8466 50%
c [ 42985.05  0 34 186 1404277  1 57304609 867213 2.1 39 19 1 2 19% 16318019 8466 50%
c W 43115.27  0 23 186 1404379  1 57630716 1145739 2.1 31 15 1 2 22% 16318019 8466 50%
c - 43160.13  0 32 187 1404380  1 57719764 709035 2.0 34 17 1 2 20% 16318019 8466 50%
c 
c   seconds     reductions       conflicts           size   tier2         variables
c            MB        restarts          redundant      glue   trail           remaining
c             level           rate             size/glue  tier1   irredundant
c 
c p 43161.33  0 32 187 1404380  1 57719764 712849 2.0 34 17 1 2 20% 16318019 8466 50%
c u 43167.10  0 32 187 1404380  1 57719764 711935 2.0 34 17 1 2 20% 16318019 8466 50%
c v 43167.16  0 32 187 1404380  1 57719764 711933 2.0 34 17 1 2 20% 16318019 8466 50%
c w 43167.18  0 32 187 1404380  1 57719764 711933 2.0 34 17 1 2 20% 16318019 8466 50%
c x 43173.26  0 32 187 1404380  1 57719764 711932 2.0 34 17 1 2 20% 16316353 8466 50%
c t 43173.33  0 32 187 1404380  1 57719764 711928 2.0 34 17 1 2 20% 16316013 8466 50%
c ] 43231.74  0 38 187 1404442  1 57887355 856689 1.9 41 21 1 2 19% 16316013 8466 50%
c { 43231.74  0 20 187 1404442  3 57887355 856689 3.2 29 9 1 2 27% 16316013 8466 50%
c B 43297.01  0 20 187 1409385  3 57970719 924223 3.1 28 9 1 2 27% 16316013 8466 50%
c e 43395.36  0 20 187 1417118  3 58088939 1019762 3.1 29 9 1 2 27% 16316014 8465 50%
c s 43395.41  0 20 187 1417118  3 58088939 1019568 3.1 29 9 1 2 27% 16313053 8465 50%
c } 43469.43  0 20 187 1422510  3 58178437 1092600 3.3 30 9 1 2 28% 16313052 8465 50%
c [ 43469.43  0 38 187 1422510  1 58178437 1092600 1.9 41 21 1 2 19% 16313052 8465 50%
c I 43542.29  0 36 187 1422549  1 58311722 1208226 2.1 40 20 1 2 21% 16313052 8465 50%
c - 43550.91  0 34 188 1422557  1 58329957 725060 2.1 39 19 1 2 20% 16313052 8465 50%
c 2 43550.95  0 34 188 1422557  1 58329957 725057 2.1 39 19 1 2 20% 16313051 8465 50%
c p 43552.09  0 34 188 1422557  1 58329957 729067 2.1 39 19 1 2 20% 16313051 8465 50%
c u 43558.69  0 34 188 1422557  1 58329957 727960 2.1 39 19 1 2 20% 16313051 8465 50%
c v 43568.86  0 34 188 1422557  1 58329957 726058 2.1 39 19 1 2 20% 16313051 8465 50%
c w 43568.91  0 34 188 1422557  1 58329957 726058 2.1 39 19 1 2 20% 16313051 8465 50%
c 
c   seconds     reductions       conflicts           size   tier2         variables
c            MB        restarts          redundant      glue   trail           remaining
c             level           rate             size/glue  tier1   irredundant
c 
c t 43568.96  0 34 188 1422557  1 58329957 726052 2.1 39 19 1 2 20% 16313050 8465 50%
c ] 43677.52  0 27 188 1422577  1 58636616 986276 2.0 33 16 1 2 18% 16313050 8465 50%
c { 43677.52  0 20 188 1422577  3 58636616 986276 3.3 30 9 1 2 28% 16313050 8465 50%
c W 43731.83  0 20 188 1423541  3 58653723 1000108 3.3 30 9 1 2 28% 16313050 8465 50%
c i 43783.04  0 20 188 1427254  3 58720882 1054234 3.3 30 9 1 2 27% 16313050 8464 50%
c } 43953.18  0 19 188 1440594  3 58936787 1227928 3.1 29 9 1 2 27% 16313050 8464 50%
c [ 43953.18  0 27 188 1440594  1 58936787 1227928 2.0 33 16 1 2 18% 16313050 8464 50%
c - 43956.49  0 26 189 1440594  1 58943342 731596 2.0 32 16 1 2 18% 16292168 8464 50%
c 2 43956.52  0 26 189 1440594  1 58943342 731595 2.0 32 16 1 2 18% 16292166 8464 50%
c p 43957.64  0 26 189 1440594  1 58943342 735592 2.0 32 16 1 2 18% 16292166 8464 50%
c u 43964.68  0 26 189 1440594  1 58943342 734714 2.0 32 16 1 2 18% 16292166 8464 50%
c v 43968.61  0 26 189 1440594  1 58943342 734074 2.0 32 16 1 2 18% 16292166 8464 50%
c x 43973.47  0 26 189 1440594  1 58943342 734071 2.0 32 16 1 2 18% 16290609 8464 50%
c t 43973.53  0 26 189 1440594  1 58943342 734062 2.0 32 16 1 2 18% 16290389 8464 50%
c B 43997.58  0 37 189 1440594  1 58996724 782631 2.1 37 18 1 2 18% 16290389 8464 50%
c W 44159.42  0 52 189 1440595  1 59340725 1088468 1.8 42 24 1 2 16% 16290389 8464 50%
c ] 44215.29  0 39 189 1440595  1 59464191 1190738 1.7 37 21 1 2 21% 16290389 8464 50%
c { 44215.29  0 19 189 1440595  3 59464191 1190738 3.1 29 9 1 2 27% 16290389 8464 50%
c - 44297.77  0 20 190 1446312  3 59559836 740165 3.1 28 9 1 2 26% 16290389 8464 50%
c p 44299.00  0 20 190 1446312  3 59559836 744096 3.1 28 9 1 2 26% 16290389 8464 50%
c 
c   seconds     reductions       conflicts           size  tier2         variables
c            MB        restarts          redundant      glue  trail           remaining
c             level           rate             size/glue tier1   irredundant
c 
c u 44305.06  0 20 190 1446312  3 59559836 743566 3.1 28 9 1 2 26% 16290389 8464 50%
c v 44308.29  0 20 190 1446312  3 59559836 743098 3.1 28 9 1 2 26% 16290389 8464 50%
c w 44308.31  0 20 190 1446312  3 59559836 743098 3.1 28 9 1 2 26% 16290389 8464 50%
c x 44312.21  0 20 190 1446312  3 59559836 743098 3.1 28 9 1 2 26% 16289234 8464 50%
c t 44312.27  0 20 190 1446312  3 59559836 743093 3.1 28 9 1 2 26% 16289001 8464 50%
c F 44405.69  0 19 190 1453508  3 59685726 844400 3.2 29 9 1 2 27% 16289000 8464 50%
c t 44420.24  0 19 190 1454648  3 59703950 859047 3.1 29 9 1 2 27% 16289000 8464 50%
c e 44420.64  0 19 190 1454648  3 59703950 858798 3.1 29 9 1 2 27% 16288998 8463 50%
c s 44420.69  0 19 190 1454648  3 59703950 858707 3.1 29 9 1 2 27% 16288956 8463 50%
c } 44466.32  0 19 190 1458007  3 59761645 904742 3.1 28 9 1 2 26% 16288956 8463 50%
c [ 44466.32  0 39 190 1458007  1 59761645 904742 1.7 37 21 1 2 21% 16288956 8463 50%
c O 44575.68  0 34 190 1458008  1 60031728 1139252 2.0 40 20 1 2 21% 16288956 8463 50%
c - 44641.81  0 35 191 1458008  1 60179536 739109 2.0 37 19 1 2 18% 16288956 8463 50%
c 2 44641.84  0 35 191 1458008  1 60179536 739108 2.0 37 19 1 2 18% 16288956 8463 50%
c p 44643.00  0 35 191 1458008  1 60179536 743117 2.0 37 19 1 2 18% 16288956 8463 50%
c u 44652.92  0 35 191 1458008  1 60179536 742369 2.0 37 19 1 2 18% 16288956 8463 50%
c v 44653.04  0 35 191 1458008  1 60179536 742368 2.0 37 19 1 2 18% 16288956 8463 50%
c w 44653.06  0 35 191 1458008  1 60179536 742368 2.0 37 19 1 2 18% 16288956 8463 50%
c x 44660.64  0 35 191 1458008  1 60179536 742365 2.0 37 19 1 2 18% 16286816 8463 50%
c t 44660.72  0 35 191 1458008  1 60179536 742360 2.0 37 19 1 2 18% 16286662 8463 50%
c 
c   seconds     reductions       conflicts           size   tier2         variables
c            MB        restarts          redundant      glue   trail           remaining
c             level           rate             size/glue  tier1   irredundant
c 
c ] 44681.02  0 34 191 1458008  1 60217331 772985 1.9 36 19 1 2 20% 16286662 8463 50%
c { 44681.02  0 19 191 1458008  3 60217331 772985 3.1 28 9 1 2 26% 16286662 8463 50%
c B 44808.24  0 20 191 1468038  3 60378731 904678 3.2 30 9 1 2 27% 16286662 8463 50%
c } 44923.00  0 19 191 1476634  3 60524687 1020383 3.1 28 9 1 2 27% 16286662 8463 50%
c [ 44923.00  0 34 191 1476634  1 60524687 1020383 1.9 36 19 1 2 20% 16286662 8463 50%
c B 45011.99  0 33 191 1476634  1 60726732 1204121 2.7 49 18 1 2 20% 16286662 8463 50%
c - 45044.78  0 29 192 1476634  1 60802444 749513 2.4 43 18 1 2 19% 16286662 8463 50%
c p 45045.97  0 29 192 1476634  1 60802444 753466 2.4 43 18 1 2 19% 16286662 8463 50%
c u 45053.77  0 29 192 1476634  1 60802444 752997 2.4 43 18 1 2 19% 16286662 8463 50%
c v 45053.81  0 29 192 1476634  1 60802444 752997 2.4 43 18 1 2 19% 16286662 8463 50%
c w 45053.82  0 29 192 1476634  1 60802444 752997 2.4 43 18 1 2 19% 16286662 8463 50%
c x 45061.34  0 29 192 1476634  1 60802444 752995 2.4 43 18 1 2 19% 16285014 8463 50%
c t 45061.39  0 29 192 1476634  1 60802444 752992 2.4 43 18 1 2 19% 16284662 8463 50%
c ] 45151.88  0 28 192 1476634  1 61045875 962731 2.2 40 18 1 2 17% 16284662 8463 50%
c { 45151.88  0 19 192 1476634  3 61045875 962731 3.1 28 9 1 2 27% 16284662 8463 50%
c W 45226.05  0 19 192 1478068  3 61075737 986303 3.0 27 9 1 2 27% 16284662 8463 50%
c s 45453.74  0 19 192 1494273  3 61340517 1199420 3.1 29 9 1 2 27% 16284660 8463 50%
c } 45456.95  0 19 192 1494409  3 61344489 1202411 3.1 28 9 1 2 26% 16284660 8463 50%
c [ 45456.95  0 28 192 1494409  1 61344489 1202411 2.2 40 18 1 2 17% 16284660 8463 50%
c W 45499.48  0 34 192 1494409  1 61425741 1273339 2.2 43 19 1 2 18% 16284660 8463 50%
c 
c   seconds     reductions       conflicts           size   tier2         variables
c            MB        restarts          redundant      glue   trail           remaining
c             level           rate             size/glue  tier1   irredundant
c 
c - 45501.49  0 34 193 1494409  1 61428555 760205 2.3 43 19 1 2 18% 16284660 8463 50%
c p 45502.68  0 34 193 1494409  1 61428555 764232 2.3 43 19 1 2 18% 16284660 8463 50%
c u 45512.53  0 34 193 1494409  1 61428555 763889 2.3 43 19 1 2 18% 16284727 8463 50%
c v 45512.53  0 34 193 1494409  1 61428555 763889 2.3 43 19 1 2 18% 16284727 8463 50%
c w 45512.53  0 34 193 1494409  1 61428555 763888 2.3 43 19 1 2 18% 16284727 8463 50%
c x 45519.76  0 34 193 1494409  1 61428555 763884 2.3 43 19 1 2 18% 16281916 8463 50%
c t 45519.82  0 34 193 1494409  1 61428555 763881 2.3 43 19 1 2 18% 16281562 8463 50%
c I 45706.79  0 36 193 1494440  1 61776743 1060221 2.0 40 20 1 2 24% 16281562 8463 50%
c ] 45711.15  0 37 193 1494446  1 61786433 1068481 2.0 40 20 1 2 25% 16281562 8463 50%
c { 45711.15  0 19 193 1494446  3 61786433 1068481 3.1 28 9 1 2 26% 16281562 8463 50%
c - 45931.72  0 19 194 1510447  3 62057870 771816 2.9 26 9 1 2 26% 16281562 8463 50%
c p 45932.95  0 19 194 1510447  3 62057870 775972 2.9 26 9 1 2 26% 16281562 8463 50%
c u 45940.77  0 19 194 1510447  3 62057870 775398 2.9 26 9 1 2 26% 16281562 8463 50%
c v 45940.82  0 19 194 1510447  3 62057870 775398 2.9 26 9 1 2 26% 16281562 8463 50%
c x 45948.33  0 19 194 1510447  3 62057870 775395 2.9 26 9 1 2 26% 16279248 8463 50%
c t 45948.40  0 19 194 1510447  3 62057870 775392 2.9 26 9 1 2 26% 16278573 8463 50%
c } 45976.51  0 19 194 1512681  3 62094746 804855 3.0 27 9 1 2 27% 16278573 8463 50%
c [ 45976.51  0 37 194 1512681  1 62094746 804855 2.0 40 20 1 2 25% 16278573 8463 50%
c B 45992.41  0 36 194 1512696  1 62128747 833399 2.1 40 19 1 2 25% 16278573 8463 50%
c W 46156.66  0 35 194 1512778  2 62481748 1132798 2.0 44 22 1 2 28% 16278573 8463 50%
c 
c   seconds     reductions       conflicts           size   tier2         variables
c            MB        restarts          redundant      glue   trail           remaining
c             level           rate             size/glue  tier1   irredundant
c 
c - 46235.71  0 43 195 1512844  2 62690388 766724 2.0 46 23 1 2 29% 16278573 8463 50%
c p 46236.89  0 43 195 1512844  2 62690388 771155 2.0 46 23 1 2 29% 16278573 8463 50%
c u 46242.27  0 43 195 1512844  2 62690388 769803 2.0 46 23 1 2 29% 16278573 8463 50%
c v 46242.39  0 43 195 1512844  2 62690388 769799 2.0 46 23 1 2 29% 16278573 8463 50%
c w 46242.43  0 43 195 1512844  2 62690388 769799 2.0 46 23 1 2 29% 16278573 8463 50%
c x 46246.99  0 43 195 1512844  2 62690388 769798 2.0 46 23 1 2 29% 16277420 8463 50%
c t 46247.06  0 43 195 1512844  2 62690388 769774 2.0 46 23 1 2 29% 16276791 8463 50%
c ] 46249.34  0 42 195 1512848  2 62695405 774038 2.0 46 23 1 2 29% 16276791 8463 50%
c { 46249.34  0 19 195 1512848  3 62695405 774038 3.0 27 9 1 2 27% 16276791 8463 50%
c # 46357.82  0 19 195 1521698  3 62835752 887612 3.1 28 9 1 2 27% 16276791 8463 50%
c } 46474.02  0 19 195 1530670  3 62988244 1008903 3.0 27 9 1 2 26% 16276790 8463 50%
c ? 46474.02  0 19 195 1530670  3 62988244 1008903 3.0 27 9 1 2 26% 16276790 8463 50%
c 
c --- [ closing proof ] ------------------------------------------------------
c 
c DRAT proof file 'results/z15min3.drat' closed
c DRAT 66827808 added clauses 46.02%
c DRAT 78390869 deleted clauses 53.98%
c DRAT 12747632134 bytes (12157.09 MB)
c 
c --- [ result ] -------------------------------------------------------------
c 
c UNKNOWN
c 
c --- [ run-time profiling ] -------------------------------------------------
c 
c process time taken by individual solving procedures
c (percentage relative to process time for solving)
c 
c     43502.15   93.61% search
c     22598.82   48.63% unstable
c     18692.80   40.22% stable
c      2968.76    6.39% simplify
c      2210.08    4.76% walk
c      1757.38    3.78% vivify
c       556.74    1.20% sweep
c       218.01    0.47% probe
c       208.84    0.45% congruence
c        63.59    0.14% subsume
c        59.20    0.13% elim
c        31.15    0.07% ternary
c         3.10    0.01% parse
c         0.58    0.00% backbone
c         0.44    0.00% lucky
c   =================================
c     46470.91   99.99% solve
c 
c last line shows process time for solving
c (percentage relative to total process time)
c 
c --- [ statistics ] ---------------------------------------------------------
c 
c chronological:          21144949        33.57 %  of conflicts
c conflicts:              62988244      1355.43    per second
c backbone:                7899263     46863.21 %  of vars
c decisions:             140163447      3016.15    per second
c eliminated:                 5764        34.20 %  of all variables
c fixed:                       702         4.16 %  of all variables
c learned:                60925888        96.73 %  per conflict
c learned_lits:         5359134042       100.00 %  learned literals
c minimized:                     0         0.00 %  learned literals
c shrunken:             1845934311        34.44 %  learned literals
c minishrunken:         1056312172        19.71 %  learned literals
c otfs:                     212864         0.34 %  of conflict
c propagations:        33683721828         0.72 M  per second
c reduced:                50870958        80.76 %  per conflict
c rephased:                    354    177932.89    interval
c restarts:                1530670        41.15    interval
c stabilizing:                 315        60.48 %  of conflicts
c substituted:                1927        11.43 %  of all variables
c sweep equivs:                286         0.31 %  of swept variables
c subsumed:               13023466        13.73 %  of all clauses
c strengthened:             597760         0.63 %  of all clauses
c ticks:             5556474557645       170.31    propagation
c vivified:                 347656         0.37 %  of all clauses
c walked:                      117    538361.06    interval
c weakened:                  32898         3.07    average size
c congruence:                   43   1464842.88    interval
c 
c seconds are measured in process time for solving
c 
c --- [ glue usage ] ---------------------------------------------------------
c 
c focused glue 1 used 315575559 clauses 81.37% accumulated 81.37% tier1
c focused glue 2 used 39012389 clauses 10.05% accumulated 91.43% tier2
c 
c stable glue 1 used 439968865 clauses 65.48% accumulated 65.48% tier1
c stable glue 2 used 55044067 clauses 8.193% accumulated 73.68% tier2
c 
c 
c --- [ resources ] ----------------------------------------------------------
c 
c total process time since initialization:     46474.02    seconds
c total real time since initialization:        46549.68    seconds
c maximum resident set size of process:         5454.59    MB
c 
c --- [ shutting down ] ------------------------------------------------------
c 
c exit 0
c raising signal 15 (SIGTERM)
